ID_SAPS,SAPS,fecha,vacunas_tipo,vacunas_cantidad
45,Dr. Saul Calmanash,2020-01-01,n/a,-1
45,Dr. Saul Calmanash,2020-01-01,ANTI GRIPAL,1
45,Dr. Saul Calmanash,2020-01-01,FIEBRE AMARILLA,10
45,Dr. Saul Calmanash,2020-01-01,DPT,5
45,Dr. Saul Calmanash,2020-01-01,DPT (a),5
45,Dr. Saul Calmanash,2020-01-01,HPV,1
47,Dr. Guillermo Rawson,2020-01-01,HEPATITIS B,14
47,Dr. Guillermo Rawson,2020-01-01,SALK,4
47,Dr. Guillermo Rawson,2020-01-01,ROTAVIRUS,4
47,Dr. Guillermo Rawson,2020-01-01,PENTAVALENTE,14
47,Dr. Guillermo Rawson,2020-01-01,NEUMOCOCICA CONJUGADA,11
47,Dr. Guillermo Rawson,2020-01-01,SABIN ORAL,-1
47,Dr. Guillermo Rawson,2020-01-01,TRIPLE VIRAL,30
47,Dr. Guillermo Rawson,2020-01-01,ANTI GRIPAL,4
47,Dr. Guillermo Rawson,2020-01-01,HEPATITIS A,6
47,Dr. Guillermo Rawson,2020-01-01,VARICELA,3
47,Dr. Guillermo Rawson,2020-01-01,FIEBRE AMARILLA,5
47,Dr. Guillermo Rawson,2020-01-01,DPT (a),8
47,Dr. Guillermo Rawson,2020-01-01,DOBLE BACTERIANA,32
47,Dr. Guillermo Rawson,2020-01-01,HPV,8
51,Dr. Juan Chercoff,2020-01-01,SALK,1
51,Dr. Juan Chercoff,2020-01-01,ROTAVIRUS,1
51,Dr. Juan Chercoff,2020-01-01,PENTAVALENTE,6
51,Dr. Juan Chercoff,2020-01-01,NEUMOCOCICA CONJUGADA,1
51,Dr. Juan Chercoff,2020-01-01,SABIN ORAL,6
51,Dr. Juan Chercoff,2020-01-01,TRIPLE VIRAL,3
51,Dr. Juan Chercoff,2020-01-01,VARICELA,2
51,Dr. Juan Chercoff,2020-01-01,DPT,1
51,Dr. Juan Chercoff,2020-01-01,DPT (a),1
51,Dr. Juan Chercoff,2020-01-01,DOBLE BACTERIANA,3
51,Dr. Juan Chercoff,2020-01-01,HPV,2
10002,Dr. Semper,2020-01-01,HEPATITIS B,1
10002,Dr. Semper,2020-01-01,PENTAVALENTE,3
10002,Dr. Semper,2020-01-01,TRIPLE VIRAL,5
10002,Dr. Semper,2020-01-01,ANTI GRIPAL,4
10002,Dr. Semper,2020-01-01,HEPATITIS A,3
10002,Dr. Semper,2020-01-01,VARICELA,1
10002,Dr. Semper,2020-01-01,DPT (a),3
10002,Dr. Semper,2020-01-01,DOBLE BACTERIANA,8
10002,Dr. Semper,2020-01-01,MENINGOCOC.,2
10002,Dr. Semper,2020-01-01,HPV,4
76,Dr. Romilio Monzón,2020-01-01,HEPATITIS B,11
76,Dr. Romilio Monzón,2020-01-01,SALK,7
76,Dr. Romilio Monzón,2020-01-01,ROTAVIRUS,11
76,Dr. Romilio Monzón,2020-01-01,PENTAVALENTE,5
76,Dr. Romilio Monzón,2020-01-01,NEUMOCOCICA CONJUGADA,17
76,Dr. Romilio Monzón,2020-01-01,SABIN ORAL,12
76,Dr. Romilio Monzón,2020-01-01,TRIPLE VIRAL,37
76,Dr. Romilio Monzón,2020-01-01,ANTI GRIPAL,11
76,Dr. Romilio Monzón,2020-01-01,HEPATITIS A,7
76,Dr. Romilio Monzón,2020-01-01,MENINGOCOC.,1
76,Dr. Romilio Monzón,2020-01-01,FIEBRE AMARILLA,31
76,Dr. Romilio Monzón,2020-01-01,DPT,11
76,Dr. Romilio Monzón,2020-01-01,DPT (a),7
76,Dr. Romilio Monzón,2020-01-01,HPV,10
85,Santa Margarita,2020-01-01,HEPATITIS B,4
85,Santa Margarita,2020-01-01,SALK,4
85,Santa Margarita,2020-01-01,ROTAVIRUS,3
85,Santa Margarita,2020-01-01,PENTAVALENTE,2
85,Santa Margarita,2020-01-01,NEUMOCOCICA CONJUGADA,9
85,Santa Margarita,2020-01-01,SABIN ORAL,4
85,Santa Margarita,2020-01-01,ANTI GRIPAL,8
85,Santa Margarita,2020-01-01,HEPATITIS A,5
85,Santa Margarita,2020-01-01,VARICELA,2
85,Santa Margarita,2020-01-01,DPT (a),2
85,Santa Margarita,2020-01-01,DOBLE BACTERIANA,2
85,Santa Margarita,2020-01-01,HPV,2
85,Santa Margarita,2020-01-01,NEUMOCOCICA NO CONJUGADA,2
127,Santa Catalina,2020-01-01,SALK,2
127,Santa Catalina,2020-01-01,ROTAVIRUS,3
127,Santa Catalina,2020-01-01,PENTAVALENTE,4
127,Santa Catalina,2020-01-01,NEUMOCOCICA CONJUGADA,2
127,Santa Catalina,2020-01-01,SABIN ORAL,4
127,Santa Catalina,2020-01-01,TRIPLE VIRAL,5
127,Santa Catalina,2020-01-01,ANTI GRIPAL,1
127,Santa Catalina,2020-01-01,VARICELA,2
127,Santa Catalina,2020-01-01,FIEBRE AMARILLA,2
127,Santa Catalina,2020-01-01,DPT (a),1
127,Santa Catalina,2020-01-01,HPV,1
75,Dr. Mauricio Open,2020-01-01,SALK,3
75,Dr. Mauricio Open,2020-01-01,ROTAVIRUS,3
75,Dr. Mauricio Open,2020-01-01,NEUMOCOCICA CONJUGADA,7
75,Dr. Mauricio Open,2020-01-01,SABIN ORAL,3
75,Dr. Mauricio Open,2020-01-01,TRIPLE VIRAL,3
75,Dr. Mauricio Open,2020-01-01,ANTI GRIPAL,2
75,Dr. Mauricio Open,2020-01-01,HEPATITIS A,3
75,Dr. Mauricio Open,2020-01-01,VARICELA,1
75,Dr. Mauricio Open,2020-01-01,DOBLE BACTERIANA,8
75,Dr. Mauricio Open,2020-01-01,DOBLE VIRAL,3
75,Dr. Mauricio Open,2020-01-01,HPV,3
34,Dr. Marcelino Vera,2020-01-01,SALK,3
34,Dr. Marcelino Vera,2020-01-01,ROTAVIRUS,4
34,Dr. Marcelino Vera,2020-01-01,PENTAVALENTE,5
34,Dr. Marcelino Vera,2020-01-01,NEUMOCOCICA CONJUGADA,3
34,Dr. Marcelino Vera,2020-01-01,SABIN ORAL,1
34,Dr. Marcelino Vera,2020-01-01,TRIPLE VIRAL,6
34,Dr. Marcelino Vera,2020-01-01,ANTI GRIPAL,1
34,Dr. Marcelino Vera,2020-01-01,MENINGOCOC.,4
34,Dr. Marcelino Vera,2020-01-01,FIEBRE AMARILLA,33
34,Dr. Marcelino Vera,2020-01-01,DPT (a),2
34,Dr. Marcelino Vera,2020-01-01,HPV,1
82,Dr. Miguel Rossi Candia,2020-01-01,HEPATITIS B,28
82,Dr. Miguel Rossi Candia,2020-01-01,SALK,7
82,Dr. Miguel Rossi Candia,2020-01-01,ROTAVIRUS,6
82,Dr. Miguel Rossi Candia,2020-01-01,PENTAVALENTE,5
82,Dr. Miguel Rossi Candia,2020-01-01,NEUMOCOCICA CONJUGADA,7
82,Dr. Miguel Rossi Candia,2020-01-01,SABIN ORAL,8
82,Dr. Miguel Rossi Candia,2020-01-01,TRIPLE VIRAL,8
82,Dr. Miguel Rossi Candia,2020-01-01,ANTI GRIPAL,7
82,Dr. Miguel Rossi Candia,2020-01-01,HEPATITIS A,3
82,Dr. Miguel Rossi Candia,2020-01-01,VARICELA,3
82,Dr. Miguel Rossi Candia,2020-01-01,FIEBRE AMARILLA,2
82,Dr. Miguel Rossi Candia,2020-01-01,DPT,4
82,Dr. Miguel Rossi Candia,2020-01-01,DPT (a),22
82,Dr. Miguel Rossi Candia,2020-01-01,DOBLE VIRAL,13
82,Dr. Miguel Rossi Candia,2020-01-01,HPV,11
79,Quinta Ferre,2020-01-01,HEPATITIS B,8
79,Quinta Ferre,2020-01-01,SALK,5
79,Quinta Ferre,2020-01-01,ROTAVIRUS,5
79,Quinta Ferre,2020-01-01,PENTAVALENTE,6
79,Quinta Ferre,2020-01-01,NEUMOCOCICA CONJUGADA,4
79,Quinta Ferre,2020-01-01,SABIN ORAL,6
79,Quinta Ferre,2020-01-01,TRIPLE VIRAL,15
79,Quinta Ferre,2020-01-01,ANTI GRIPAL,8
79,Quinta Ferre,2020-01-01,HEPATITIS B,3
79,Quinta Ferre,2020-01-01,VARICELA,5
79,Quinta Ferre,2020-01-01,FIEBRE AMARILLA,6
79,Quinta Ferre,2020-01-01,DPT,5
79,Quinta Ferre,2020-01-01,DPT (a),11
79,Quinta Ferre,2020-01-01,DOBLE BACTERIANA,6
79,Quinta Ferre,2020-01-01,HPV,3
79,Quinta Ferre,2020-01-01,MENINGOCOC.,1
73,San Marcos,2020-01-01,HEPATITIS B,2
73,San Marcos,2020-01-01,SALK,1
73,San Marcos,2020-01-01,PENTAVALENTE,1
73,San Marcos,2020-01-01,NEUMOCOCICA CONJUGADA,5
73,San Marcos,2020-01-01,SABIN ORAL,2
73,San Marcos,2020-01-01,HEPATITIS A,7
73,San Marcos,2020-01-01,VARICELA,6
73,San Marcos,2020-01-01,FIEBRE AMARILLA,2
73,San Marcos,2020-01-01,DPT (a),15
73,San Marcos,2020-01-01,DOBLE BACTERIANA,3
73,San Marcos,2020-01-01,HPV,7
36,Esperanza,2020-01-01,SALK,8
36,Esperanza,2020-01-01,ROTAVIRUS,7
36,Esperanza,2020-01-01,PENTAVALENTE,5
36,Esperanza,2020-01-01,NEUMOCOCICA CONJUGADA,13
36,Esperanza,2020-01-01,SABIN ORAL,18
36,Esperanza,2020-01-01,TRIPLE VIRAL,9
36,Esperanza,2020-01-01,ANTI GRIPAL,4
36,Esperanza,2020-01-01,HEPATITIS A,7
36,Esperanza,2020-01-01,VARICELA,7
36,Esperanza,2020-01-01,FIEBRE AMARILLA,16
36,Esperanza,2020-01-01,DPT (a),11
36,Esperanza,2020-01-01,HPV,14
88,Dr. Lifschitz,2020-01-01,SALK,2
88,Dr. Lifschitz,2020-01-01,ROTAVIRUS,2
88,Dr. Lifschitz,2020-01-01,PENTAVALENTE,3
88,Dr. Lifschitz,2020-01-01,NEUMOCOCICA CONJUGADA,3
88,Dr. Lifschitz,2020-01-01,SABIN ORAL,7
88,Dr. Lifschitz,2020-01-01,TRIPLE VIRAL,20
88,Dr. Lifschitz,2020-01-01,ANTI GRIPAL,5
88,Dr. Lifschitz,2020-01-01,HEPATITIS A,9
88,Dr. Lifschitz,2020-01-01,FIEBRE AMARILLA,39
88,Dr. Lifschitz,2020-01-01,DPT (a),7
88,Dr. Lifschitz,2020-01-01,HPV,5
31,Dr. Elias Galvan,2020-01-01,SALK,3
31,Dr. Elias Galvan,2020-01-01,ROTAVIRUS,3
31,Dr. Elias Galvan,2020-01-01,PENTAVALENTE,3
31,Dr. Elias Galvan,2020-01-01,NEUMOCOCICA CONJUGADA,7
31,Dr. Elias Galvan,2020-01-01,SABIN ORAL,3
31,Dr. Elias Galvan,2020-01-01,TRIPLE VIRAL,3
31,Dr. Elias Galvan,2020-01-01,ANTI GRIPAL,2
31,Dr. Elias Galvan,2020-01-01,HEPATITIS A,2
31,Dr. Elias Galvan,2020-01-01,FIEBRE AMARILLA,9
31,Dr. Elias Galvan,2020-01-01,DPT,2
31,Dr. Elias Galvan,2020-01-01,DPT (a),7
31,Dr. Elias Galvan,2020-01-01,HPV,2
91,Dr. Pedro Blugerman,2020-01-01,HEPATITIS B,2
91,Dr. Pedro Blugerman,2020-01-01,SALK,2
91,Dr. Pedro Blugerman,2020-01-01,ROTAVIRUS,1
91,Dr. Pedro Blugerman,2020-01-01,PENTAVALENTE,5
91,Dr. Pedro Blugerman,2020-01-01,NEUMOCOCICA CONJUGADA,7
91,Dr. Pedro Blugerman,2020-01-01,SABIN ORAL,8
91,Dr. Pedro Blugerman,2020-01-01,TRIPLE VIRAL,21
91,Dr. Pedro Blugerman,2020-01-01,ANTI GRIPAL,6
91,Dr. Pedro Blugerman,2020-01-01,HEPATITIS A,7
91,Dr. Pedro Blugerman,2020-01-01,VARICELA,1
91,Dr. Pedro Blugerman,2020-01-01,FIEBRE AMARILLA,15
91,Dr. Pedro Blugerman,2020-01-01,DPT,12
91,Dr. Pedro Blugerman,2020-01-01,DPT (a),11
91,Dr. Pedro Blugerman,2020-01-01,DOBLE BACTERIANA,9
91,Dr. Pedro Blugerman,2020-01-01,HPV,10
54,Itati,2020-01-01,HEPATITIS B,6
54,Itati,2020-01-01,SALK,3
54,Itati,2020-01-01,ROTAVIRUS,2
54,Itati,2020-01-01,PENTAVALENTE,7
54,Itati,2020-01-01,NEUMOCOCICA CONJUGADA,10
54,Itati,2020-01-01,SABIN ORAL,5
54,Itati,2020-01-01,TRIPLE VIRAL,13
54,Itati,2020-01-01,ANTI GRIPAL,6
54,Itati,2020-01-01,HEPATITIS A,6
54,Itati,2020-01-01,MENINGOCOC.,2
54,Itati,2020-01-01,FIEBRE AMARILLA,30
54,Itati,2020-01-01,DPT (a),12
54,Itati,2020-01-01,DOBLE BACTERIANA,4
54,Itati,2020-01-01,HPV,7
42,Dr. Santiago Lorenzo,2020-01-01,HEPATITIS B,2
42,Dr. Santiago Lorenzo,2020-01-01,SALK,11
42,Dr. Santiago Lorenzo,2020-01-01,ROTAVIRUS,13
42,Dr. Santiago Lorenzo,2020-01-01,PENTAVALENTE,1
42,Dr. Santiago Lorenzo,2020-01-01,NEUMOCOCICA CONJUGADA,17
42,Dr. Santiago Lorenzo,2020-01-01,SABIN ORAL,16
42,Dr. Santiago Lorenzo,2020-01-01,TRIPLE VIRAL,18
42,Dr. Santiago Lorenzo,2020-01-01,ANTI GRIPAL,10
42,Dr. Santiago Lorenzo,2020-01-01,HEPATITIS A,8
42,Dr. Santiago Lorenzo,2020-01-01,VARICELA,11
42,Dr. Santiago Lorenzo,2020-01-01,FIEBRE AMARILLA,23
42,Dr. Santiago Lorenzo,2020-01-01,DPT (a),12
42,Dr. Santiago Lorenzo,2020-01-01,DOBLE BACTERIANA,8
42,Dr. Santiago Lorenzo,2020-01-01,MENINGOCOC.,2
42,Dr. Santiago Lorenzo,2020-01-01,HPV,7
42,Dr. Santiago Lorenzo,2020-01-01,NEUMOCOCICA NO CONJUGADA,1
58,Dr. Oscar Pirchi,2020-01-01,HEPATITIS B,3
58,Dr. Oscar Pirchi,2020-01-01,ROTAVIRUS,7
58,Dr. Oscar Pirchi,2020-01-01,PENTAVALENTE,11
58,Dr. Oscar Pirchi,2020-01-01,NEUMOCOCICA CONJUGADA,8
58,Dr. Oscar Pirchi,2020-01-01,SABIN ORAL,12
58,Dr. Oscar Pirchi,2020-01-01,TRIPLE VIRAL,16
58,Dr. Oscar Pirchi,2020-01-01,ANTI GRIPAL,16
58,Dr. Oscar Pirchi,2020-01-01,HEPATITIS A,9
58,Dr. Oscar Pirchi,2020-01-01,VARICELA,3
58,Dr. Oscar Pirchi,2020-01-01,FIEBRE AMARILLA,6
58,Dr. Oscar Pirchi,2020-01-01,DPT (a),20
58,Dr. Oscar Pirchi,2020-01-01,DOBLE BACTERIANA,17
58,Dr. Oscar Pirchi,2020-01-01,HPV,12
70,Villa Garcia,2020-01-01,SALK,1
70,Villa Garcia,2020-01-01,ROTAVIRUS,1
70,Villa Garcia,2020-01-01,PENTAVALENTE,2
70,Villa Garcia,2020-01-01,NEUMOCOCICA CONJUGADA,4
70,Villa Garcia,2020-01-01,SABIN ORAL,1
70,Villa Garcia,2020-01-01,TRIPLE VIRAL,7
70,Villa Garcia,2020-01-01,HEPATITIS A,3
70,Villa Garcia,2020-01-01,VARICELA,2
70,Villa Garcia,2020-01-01,FIEBRE AMARILLA,10
70,Villa Garcia,2020-01-01,HPV,3
10003,Guemes,2020-01-01,HEPATITIS B,3
10003,Guemes,2020-01-01,SALK,2
10003,Guemes,2020-01-01,ROTAVIRUS,4
10003,Guemes,2020-01-01,NEUMOCOCICA CONJUGADA,7
10003,Guemes,2020-01-01,SABIN ORAL,1
10003,Guemes,2020-01-01,TRIPLE VIRAL,14
10003,Guemes,2020-01-01,ANTI GRIPAL,1
10003,Guemes,2020-01-01,HEPATITIS A,4
10003,Guemes,2020-01-01,VARICELA,2
10003,Guemes,2020-01-01,MENINGOCOC.,3
10003,Guemes,2020-01-01,FIEBRE AMARILLA,10
10003,Guemes,2020-01-01,DPT (a),6
10003,Guemes,2020-01-01,DOBLE BACTERIANA,11
10003,Guemes,2020-01-01,HPV,6
10003,Guemes,2020-01-01,NEUMOCOCICA NO CONJUGADA,1
46,Rio Parana,2020-01-01,HEPATITIS B,2
46,Rio Parana,2020-01-01,SALK,4
46,Rio Parana,2020-01-01,ROTAVIRUS,5
46,Rio Parana,2020-01-01,PENTAVALENTE,5
46,Rio Parana,2020-01-01,NEUMOCOCICA CONJUGADA,11
46,Rio Parana,2020-01-01,SABIN ORAL,4
46,Rio Parana,2020-01-01,TRIPLE VIRAL,10
46,Rio Parana,2020-01-01,ANTI GRIPAL,8
46,Rio Parana,2020-01-01,HEPATITIS A,6
46,Rio Parana,2020-01-01,VARICELA,6
46,Rio Parana,2020-01-01,MENINGOCOC.,1
46,Rio Parana,2020-01-01,FIEBRE AMARILLA,10
46,Rio Parana,2020-01-01,DPT (a),7
46,Rio Parana,2020-01-01,DOBLE BACTERIANA,9
46,Rio Parana,2020-01-01,HPV,9
37,Dr. Sussini,2020-01-01,HEPATITIS B,10
37,Dr. Sussini,2020-01-01,SALK,9
37,Dr. Sussini,2020-01-01,ROTAVIRUS,9
37,Dr. Sussini,2020-01-01,PENTAVALENTE,15
37,Dr. Sussini,2020-01-01,NEUMOCOCICA CONJUGADA,19
37,Dr. Sussini,2020-01-01,SABIN ORAL,17
37,Dr. Sussini,2020-01-01,TRIPLE VIRAL,60
37,Dr. Sussini,2020-01-01,ANTI GRIPAL,26
37,Dr. Sussini,2020-01-01,HEPATITIS A,7
37,Dr. Sussini,2020-01-01,VARICELA,11
37,Dr. Sussini,2020-01-01,MENINGOCOC.,5
37,Dr. Sussini,2020-01-01,FIEBRE AMARILLA,51
37,Dr. Sussini,2020-01-01,DPT (a),26
37,Dr. Sussini,2020-01-01,DOBLE BACTERIANA,34
37,Dr. Sussini,2020-01-01,HPV,21
69,Primera Junta,2020-01-01,HEPATITIS B,9
69,Primera Junta,2020-01-01,SALK,1
69,Primera Junta,2020-01-01,ROTAVIRUS,1
69,Primera Junta,2020-01-01,NEUMOCOCICA CONJUGADA,5
69,Primera Junta,2020-01-01,SABIN ORAL,2
69,Primera Junta,2020-01-01,TRIPLE VIRAL,10
69,Primera Junta,2020-01-01,ANTI GRIPAL,11
69,Primera Junta,2020-01-01,HEPATITIS A,3
69,Primera Junta,2020-01-01,VARICELA,3
69,Primera Junta,2020-01-01,FIEBRE AMARILLA,18
69,Primera Junta,2020-01-01,DPT (a),14
69,Primera Junta,2020-01-01,DOBLE BACTERIANA,7
10000,Dr. Anibal Malvido,2020-01-01,HEPATITIS B,4
10000,Dr. Anibal Malvido,2020-01-01,SALK,11
10000,Dr. Anibal Malvido,2020-01-01,ROTAVIRUS,7
10000,Dr. Anibal Malvido,2020-01-01,PENTAVALENTE,5
10000,Dr. Anibal Malvido,2020-01-01,NEUMOCOCICA CONJUGADA,17
10000,Dr. Anibal Malvido,2020-01-01,SABIN ORAL,11
10000,Dr. Anibal Malvido,2020-01-01,TRIPLE VIRAL,16
10000,Dr. Anibal Malvido,2020-01-01,HEPATITIS B,9
10000,Dr. Anibal Malvido,2020-01-01,VARICELA,6
10000,Dr. Anibal Malvido,2020-01-01,FIEBRE AMARILLA,12
10000,Dr. Anibal Malvido,2020-01-01,DPT (a),16
10000,Dr. Anibal Malvido,2020-01-01,DOBLE BACTERIANA,19
10000,Dr. Anibal Malvido,2020-01-01,HPV,14
48,Dr. Jose de los Reyes Vidal,2020-01-01,SALK,2
48,Dr. Jose de los Reyes Vidal,2020-01-01,ROTAVIRUS,2
48,Dr. Jose de los Reyes Vidal,2020-01-01,PENTAVALENTE,3
48,Dr. Jose de los Reyes Vidal,2020-01-01,NEUMOCOCICA CONJUGADA,6
48,Dr. Jose de los Reyes Vidal,2020-01-01,SABIN ORAL,4
48,Dr. Jose de los Reyes Vidal,2020-01-01,TRIPLE VIRAL,6
48,Dr. Jose de los Reyes Vidal,2020-01-01,HEPATITIS A,2
48,Dr. Jose de los Reyes Vidal,2020-01-01,VARICELA,2
48,Dr. Jose de los Reyes Vidal,2020-01-01,MENINGOCOC.,2
48,Dr. Jose de los Reyes Vidal,2020-01-01,DPT (a),3
32,Dr. Manuel Cassuso,2020-01-01,HEPATITIS B,9
32,Dr. Manuel Cassuso,2020-01-01,SALK,6
32,Dr. Manuel Cassuso,2020-01-01,ROTAVIRUS,9
32,Dr. Manuel Cassuso,2020-01-01,PENTAVALENTE,13
32,Dr. Manuel Cassuso,2020-01-01,NEUMOCOCICA CONJUGADA,15
32,Dr. Manuel Cassuso,2020-01-01,SABIN ORAL,18
32,Dr. Manuel Cassuso,2020-01-01,TRIPLE VIRAL,40
32,Dr. Manuel Cassuso,2020-01-01,ANTI GRIPAL,6
32,Dr. Manuel Cassuso,2020-01-01,HEPATITIS A,7
32,Dr. Manuel Cassuso,2020-01-01,VARICELA,8
32,Dr. Manuel Cassuso,2020-01-01,FIEBRE AMARILLA,24
32,Dr. Manuel Cassuso,2020-01-01,DPT,8
32,Dr. Manuel Cassuso,2020-01-01,DPT (a),12
32,Dr. Manuel Cassuso,2020-01-01,DOBLE BACTERIANA,16
32,Dr. Manuel Cassuso,2020-01-01,HPV,18
32,Dr. Manuel Cassuso,2020-01-01,MENINGOCOC.,7
54,Itati,2020-02-01,HEPATITIS B,3
54,Itati,2020-02-01,SALK,2
54,Itati,2020-02-01,ROTAVIRUS,1
54,Itati,2020-02-01,NEUMOCOCICA CONJUGADA,4
54,Itati,2020-02-01,SABIN ORAL,5
54,Itati,2020-02-01,TRIPLE VIRAL,6
54,Itati,2020-02-01,ANTI GRIPAL,3
54,Itati,2020-02-01,HEPATITIS A,3
54,Itati,2020-02-01,FIEBRE AMARILLA,17
54,Itati,2020-02-01,DPT,6
54,Itati,2020-02-01,DPT (a),5
54,Itati,2020-02-01,DOBLE BACTERIANA,8
54,Itati,2020-02-01,DOBLE VIRAL,6
54,Itati,2020-02-01,HPV,4
75,Dr. Mauricio Open,2020-02-01,HEPATITIS B,19
75,Dr. Mauricio Open,2020-02-01,SALK,1
75,Dr. Mauricio Open,2020-02-01,ROTAVIRUS,1
75,Dr. Mauricio Open,2020-02-01,PENTAVALENTE,5
75,Dr. Mauricio Open,2020-02-01,NEUMOCOCICA CONJUGADA,3
75,Dr. Mauricio Open,2020-02-01,SABIN ORAL,4
75,Dr. Mauricio Open,2020-02-01,TRIPLE VIRAL,5
75,Dr. Mauricio Open,2020-02-01,ANTI GRIPAL,3
75,Dr. Mauricio Open,2020-02-01,HEPATITIS A,1
75,Dr. Mauricio Open,2020-02-01,VARICELA,2
75,Dr. Mauricio Open,2020-02-01,FIEBRE AMARILLA,10
75,Dr. Mauricio Open,2020-02-01,DPT,3
75,Dr. Mauricio Open,2020-02-01,DPT (a),4
75,Dr. Mauricio Open,2020-02-01,DOBLE BACTERIANA,20
75,Dr. Mauricio Open,2020-02-01,HPV,3
127,Santa Catalina,2020-02-01,HEPATITIS B,1
127,Santa Catalina,2020-02-01,SALK,3
127,Santa Catalina,2020-02-01,ROTAVIRUS,4
127,Santa Catalina,2020-02-01,PENTAVALENTE,8
127,Santa Catalina,2020-02-01,NEUMOCOCICA CONJUGADA,4
127,Santa Catalina,2020-02-01,SABIN ORAL,13
127,Santa Catalina,2020-02-01,TRIPLE VIRAL,14
127,Santa Catalina,2020-02-01,ANTI GRIPAL,3
127,Santa Catalina,2020-02-01,HEPATITIS A,2
127,Santa Catalina,2020-02-01,VARICELA,4
127,Santa Catalina,2020-02-01,FIEBRE AMARILLA,6
127,Santa Catalina,2020-02-01,DPT,4
127,Santa Catalina,2020-02-01,DPT (a),2
127,Santa Catalina,2020-02-01,DOBLE BACTERIANA,2
127,Santa Catalina,2020-02-01,HPV,2
85,Santa Margarita,2020-02-01,SALK,1
85,Santa Margarita,2020-02-01,ROTAVIRUS,1
85,Santa Margarita,2020-02-01,PENTAVALENTE,7
85,Santa Margarita,2020-02-01,SABIN ORAL,9
85,Santa Margarita,2020-02-01,TRIPLE VIRAL,7
85,Santa Margarita,2020-02-01,ANTI GRIPAL,5
85,Santa Margarita,2020-02-01,HEPATITIS A,3
85,Santa Margarita,2020-02-01,VARICELA,3
85,Santa Margarita,2020-02-01,FIEBRE AMARILLA,4
85,Santa Margarita,2020-02-01,DPT,3
85,Santa Margarita,2020-02-01,DPT (a),6
85,Santa Margarita,2020-02-01,DOBLE VIRAL,1
85,Santa Margarita,2020-02-01,HPV,8
85,Santa Margarita,2020-02-01,NEUMOCOCICA NO CONJUGADA,4
41,Dr. Manuel Gonzalez,2020-01-01,HEPATITIS B,1
41,Dr. Manuel Gonzalez,2020-01-01,SALK,1
41,Dr. Manuel Gonzalez,2020-01-01,ROTAVIRUS,2
41,Dr. Manuel Gonzalez,2020-01-01,PENTAVALENTE,7
41,Dr. Manuel Gonzalez,2020-01-01,NEUMOCOCICA CONJUGADA,3
41,Dr. Manuel Gonzalez,2020-01-01,SABIN ORAL,3
41,Dr. Manuel Gonzalez,2020-01-01,TRIPLE VIRAL,7
41,Dr. Manuel Gonzalez,2020-01-01,ANTI GRIPAL,10
41,Dr. Manuel Gonzalez,2020-01-01,HEPATITIS A,4
41,Dr. Manuel Gonzalez,2020-01-01,VARICELA,7
41,Dr. Manuel Gonzalez,2020-01-01,DPT,2
41,Dr. Manuel Gonzalez,2020-01-01,DPT (a),3
41,Dr. Manuel Gonzalez,2020-01-01,DOBLE BACTERIANA,7
41,Dr. Manuel Gonzalez,2020-01-01,HPV,5
76,Dr. Romilio Monzón,2020-02-01,HEPATITIS B,9
76,Dr. Romilio Monzón,2020-02-01,SALK,14
76,Dr. Romilio Monzón,2020-02-01,ROTAVIRUS,13
76,Dr. Romilio Monzón,2020-02-01,PENTAVALENTE,29
76,Dr. Romilio Monzón,2020-02-01,NEUMOCOCICA CONJUGADA,19
76,Dr. Romilio Monzón,2020-02-01,SABIN ORAL,26
76,Dr. Romilio Monzón,2020-02-01,TRIPLE VIRAL,22
76,Dr. Romilio Monzón,2020-02-01,ANTI GRIPAL,14
76,Dr. Romilio Monzón,2020-02-01,HEPATITIS A,6
76,Dr. Romilio Monzón,2020-02-01,VARICELA,6
76,Dr. Romilio Monzón,2020-02-01,FIEBRE AMARILLA,41
76,Dr. Romilio Monzón,2020-02-01,DPT,14
76,Dr. Romilio Monzón,2020-02-01,DPT (a),14
76,Dr. Romilio Monzón,2020-02-01,DOBLE BACTERIANA,14
76,Dr. Romilio Monzón,2020-02-01,DOBLE VIRAL,24
76,Dr. Romilio Monzón,2020-02-01,HPV,12
36,Esperanza,2020-02-01,HEPATITIS B,2
36,Esperanza,2020-02-01,SALK,8
36,Esperanza,2020-02-01,ROTAVIRUS,6
36,Esperanza,2020-02-01,PENTAVALENTE,25
36,Esperanza,2020-02-01,NEUMOCOCICA CONJUGADA,14
36,Esperanza,2020-02-01,SABIN ORAL,22
36,Esperanza,2020-02-01,TRIPLE VIRAL,15
36,Esperanza,2020-02-01,ANTI GRIPAL,7
36,Esperanza,2020-02-01,HEPATITIS A,5
36,Esperanza,2020-02-01,VARICELA,6
36,Esperanza,2020-02-01,FIEBRE AMARILLA,11
36,Esperanza,2020-02-01,DPT,10
36,Esperanza,2020-02-01,DPT (a),6
36,Esperanza,2020-02-01,DOBLE BACTERIANA,3
36,Esperanza,2020-02-01,DOBLE VIRAL,11
36,Esperanza,2020-02-01,HPV,14
62,Pujol,2020-02-01,PENTAVALENTE,2
62,Pujol,2020-02-01,NEUMOCOCICA CONJUGADA,2
62,Pujol,2020-02-01,SABIN ORAL,1
62,Pujol,2020-02-01,TRIPLE VIRAL,2
62,Pujol,2020-02-01,HEPATITIS A,2
62,Pujol,2020-02-01,DPT (a),1
10004,Centro de distribucion de Vacunas,2020-02-01,SALK,7
10004,Centro de distribucion de Vacunas,2020-02-01,SABIN ORAL,18
10004,Centro de distribucion de Vacunas,2020-02-01,PENTAVALENTE,19
10004,Centro de distribucion de Vacunas,2020-02-01,ROTAVIRUS,9
10004,Centro de distribucion de Vacunas,2020-02-01,DPT,8
10004,Centro de distribucion de Vacunas,2020-02-01,DOBLE BACTERIANA,30
10004,Centro de distribucion de Vacunas,2020-02-01,TRIPLE VIRAL,14
10004,Centro de distribucion de Vacunas,2020-02-01,HEPATITIS A,2
10004,Centro de distribucion de Vacunas,2020-02-01,HEPATITIS B,30
10004,Centro de distribucion de Vacunas,2020-02-01,DPT,14
10004,Centro de distribucion de Vacunas,2020-02-01,FIEBRE AMARILLA,27
10004,Centro de distribucion de Vacunas,2020-02-01,DOBLE VIRAL,29
10004,Centro de distribucion de Vacunas,2020-02-01,NEUMOCOCICA CONJUGADA,13
10004,Centro de distribucion de Vacunas,2020-02-01,NEUMOCOCICA CONJUGADA,2
10004,Centro de distribucion de Vacunas,2020-02-01,HPV,7
10004,Centro de distribucion de Vacunas,2020-02-01,ANTI GRIPAL,5
10004,Centro de distribucion de Vacunas,2020-02-01,MENVEO,3
10004,Centro de distribucion de Vacunas,2020-02-01,MENINGOCOC.,1
10004,Centro de distribucion de Vacunas,2020-02-01,VARICELA,3
42,Dr. Santiago Lorenzo,2020-02-01,HEPATITIS B,2
42,Dr. Santiago Lorenzo,2020-02-01,SALK,12
42,Dr. Santiago Lorenzo,2020-02-01,ROTAVIRUS,13
42,Dr. Santiago Lorenzo,2020-02-01,PENTAVALENTE,30
42,Dr. Santiago Lorenzo,2020-02-01,NEUMOCOCICA CONJUGADA,15
42,Dr. Santiago Lorenzo,2020-02-01,SABIN ORAL,23
42,Dr. Santiago Lorenzo,2020-02-01,TRIPLE VIRAL,21
42,Dr. Santiago Lorenzo,2020-02-01,ANTI GRIPAL,6
42,Dr. Santiago Lorenzo,2020-02-01,HEPATITIS A,9
42,Dr. Santiago Lorenzo,2020-02-01,VARICELA,7
42,Dr. Santiago Lorenzo,2020-02-01,FIEBRE AMARILLA,21
42,Dr. Santiago Lorenzo,2020-02-01,DPT,10
42,Dr. Santiago Lorenzo,2020-02-01,DPT (a),16
42,Dr. Santiago Lorenzo,2020-02-01,DOBLE BACTERIANA,9
42,Dr. Santiago Lorenzo,2020-02-01,HPV,13
37,Dr. Sussini,2020-02-01,HEPATITIS B,18
37,Dr. Sussini,2020-02-01,SALK,19
37,Dr. Sussini,2020-02-01,ROTAVIRUS,18
37,Dr. Sussini,2020-02-01,PENTAVALENTE,53
37,Dr. Sussini,2020-02-01,NEUMOCOCICA CONJUGADA,34
37,Dr. Sussini,2020-02-01,SABIN ORAL,54
37,Dr. Sussini,2020-02-01,TRIPLE VIRAL,62
37,Dr. Sussini,2020-02-01,ANTI GRIPAL,24
37,Dr. Sussini,2020-02-01,HEPATITIS A,14
37,Dr. Sussini,2020-02-01,VARICELA,15
37,Dr. Sussini,2020-02-01,FIEBRE AMARILLA,49
37,Dr. Sussini,2020-02-01,DPT,26
37,Dr. Sussini,2020-02-01,DPT (a),32
37,Dr. Sussini,2020-02-01,DOBLE BACTERIANA,33
37,Dr. Sussini,2020-02-01,DOBLE VIRAL,29
37,Dr. Sussini,2020-02-01,HPV,34
37,Dr. Sussini,2020-02-01,NEUMOCOCICA NO CONJUGADA,1
10000,Dr. Anibal Malvido,2020-02-01,HEPATITIS B,13
10000,Dr. Anibal Malvido,2020-02-01,SALK,15
10000,Dr. Anibal Malvido,2020-02-01,ROTAVIRUS,12
10000,Dr. Anibal Malvido,2020-02-01,PENTAVALENTE,29
10000,Dr. Anibal Malvido,2020-02-01,NEUMOCOCICA CONJUGADA,30
10000,Dr. Anibal Malvido,2020-02-01,SABIN ORAL,33
10000,Dr. Anibal Malvido,2020-02-01,TRIPLE VIRAL,33
10000,Dr. Anibal Malvido,2020-02-01,ANTI GRIPAL,1
10000,Dr. Anibal Malvido,2020-02-01,HEPATITIS A,16
10000,Dr. Anibal Malvido,2020-02-01,VARICELA,8
10000,Dr. Anibal Malvido,2020-02-01,FIEBRE AMARILLA,35
10000,Dr. Anibal Malvido,2020-02-01,DPT,9
10000,Dr. Anibal Malvido,2020-02-01,DPT (a),23
10000,Dr. Anibal Malvido,2020-02-01,DOBLE BACTERIANA,24
10000,Dr. Anibal Malvido,2020-02-01,DOBLE VIRAL,12
10000,Dr. Anibal Malvido,2020-02-01,HPV,20
10000,Dr. Anibal Malvido,2020-02-01,NEUMOCOCICA NO CONJUGADA,4
49,Dr. Benjamin Serrano,2020-02-01,HEPATITIS B,3
49,Dr. Benjamin Serrano,2020-02-01,SALK,4
49,Dr. Benjamin Serrano,2020-02-01,ROTAVIRUS,4
49,Dr. Benjamin Serrano,2020-02-01,PENTAVALENTE,15
49,Dr. Benjamin Serrano,2020-02-01,NEUMOCOCICA CONJUGADA,11
49,Dr. Benjamin Serrano,2020-02-01,SABIN ORAL,15
49,Dr. Benjamin Serrano,2020-02-01,SABIN ORAL,13
49,Dr. Benjamin Serrano,2020-02-01,HEPATITIS A,7
49,Dr. Benjamin Serrano,2020-02-01,VARICELA,7
49,Dr. Benjamin Serrano,2020-02-01,FIEBRE AMARILLA,11
49,Dr. Benjamin Serrano,2020-02-01,DPT,18
49,Dr. Benjamin Serrano,2020-02-01,DPT (a),9
49,Dr. Benjamin Serrano,2020-02-01,DOBLE BACTERIANA,6
49,Dr. Benjamin Serrano,2020-02-01,DOBLE VIRAL,7
49,Dr. Benjamin Serrano,2020-02-01,HPV,8
91,Dr. Pedro Blugerman,2020-02-01,HEPATITIS B,2
91,Dr. Pedro Blugerman,2020-02-01,SALK,8
91,Dr. Pedro Blugerman,2020-02-01,ROTAVIRUS,7
91,Dr. Pedro Blugerman,2020-02-01,PENTAVALENTE,20
91,Dr. Pedro Blugerman,2020-02-01,SABIN ORAL,21
91,Dr. Pedro Blugerman,2020-02-01,TRIPLE VIRAL,17
91,Dr. Pedro Blugerman,2020-02-01,ANTI GRIPAL,10
91,Dr. Pedro Blugerman,2020-02-01,HEPATITIS A,9
91,Dr. Pedro Blugerman,2020-02-01,VARICELA,4
91,Dr. Pedro Blugerman,2020-02-01,FIEBRE AMARILLA,4
91,Dr. Pedro Blugerman,2020-02-01,DPT,8
91,Dr. Pedro Blugerman,2020-02-01,DPT (a),17
91,Dr. Pedro Blugerman,2020-02-01,DOBLE BACTERIANA,14
91,Dr. Pedro Blugerman,2020-02-01,DOBLE VIRAL,9
91,Dr. Pedro Blugerman,2020-02-01,HPV,8
88,Dr. Lifschitz,2020-02-01,SALK,2
88,Dr. Lifschitz,2020-02-01,ROTAVIRUS,2
88,Dr. Lifschitz,2020-02-01,PENTAVALENTE,4
88,Dr. Lifschitz,2020-02-01,NEUMOCOCICA CONJUGADA,4
88,Dr. Lifschitz,2020-02-01,SABIN ORAL,6
88,Dr. Lifschitz,2020-02-01,TRIPLE VIRAL,7
88,Dr. Lifschitz,2020-02-01,ANTI GRIPAL,2
88,Dr. Lifschitz,2020-02-01,HEPATITIS A,2
88,Dr. Lifschitz,2020-02-01,VARICELA,1
88,Dr. Lifschitz,2020-02-01,DPT,4
88,Dr. Lifschitz,2020-02-01,DPT (a),4
88,Dr. Lifschitz,2020-02-01,NEUMOCOCICA NO CONJUGADA,4
70,Villa Garcia,2020-02-01,HEPATITIS B,2
70,Villa Garcia,2020-02-01,PENTAVALENTE,3
70,Villa Garcia,2020-02-01,NEUMOCOCICA CONJUGADA,2
70,Villa Garcia,2020-02-01,SABIN ORAL,4
70,Villa Garcia,2020-02-01,TRIPLE VIRAL,1
70,Villa Garcia,2020-02-01,HEPATITIS A,1
70,Villa Garcia,2020-02-01,VARICELA,3
70,Villa Garcia,2020-02-01,MENINGOCOC.,5
70,Villa Garcia,2020-02-01,DPT,1
70,Villa Garcia,2020-02-01,DPT (a),6
70,Villa Garcia,2020-02-01,HPV,7
82,Dr. Miguel Rossi Candia,2020-02-01,BCG,20
82,Dr. Miguel Rossi Candia,2020-02-01,HEPATITIS B,20
82,Dr. Miguel Rossi Candia,2020-02-01,SALK,10
82,Dr. Miguel Rossi Candia,2020-02-01,ROTAVIRUS,9
82,Dr. Miguel Rossi Candia,2020-02-01,PENTAVALENTE,26
82,Dr. Miguel Rossi Candia,2020-02-01,NEUMOCOCICA CONJUGADA,16
82,Dr. Miguel Rossi Candia,2020-02-01,SABIN ORAL,24
82,Dr. Miguel Rossi Candia,2020-02-01,TRIPLE VIRAL,15
82,Dr. Miguel Rossi Candia,2020-02-01,VARICELA,5
82,Dr. Miguel Rossi Candia,2020-02-01,FIEBRE AMARILLA,3
82,Dr. Miguel Rossi Candia,2020-02-01,DPT,9
82,Dr. Miguel Rossi Candia,2020-02-01,DPT (a),16
82,Dr. Miguel Rossi Candia,2020-02-01,DOBLE VIRAL,14
82,Dr. Miguel Rossi Candia,2020-02-01,HPV,14
34,Dr. Marcelino Vera,2020-02-01,HEPATITIS B,4
34,Dr. Marcelino Vera,2020-02-01,SALK,4
34,Dr. Marcelino Vera,2020-02-01,ROTAVIRUS,4
34,Dr. Marcelino Vera,2020-02-01,PENTAVALENTE,5
34,Dr. Marcelino Vera,2020-02-01,NEUMOCOCICA CONJUGADA,7
34,Dr. Marcelino Vera,2020-02-01,SABIN ORAL,6
34,Dr. Marcelino Vera,2020-02-01,TRIPLE VIRAL,8
34,Dr. Marcelino Vera,2020-02-01,HEPATITIS A,3
34,Dr. Marcelino Vera,2020-02-01,VARICELA,1
34,Dr. Marcelino Vera,2020-02-01,FIEBRE AMARILLA,27
34,Dr. Marcelino Vera,2020-02-01,DPT,2
34,Dr. Marcelino Vera,2020-02-01,DPT (a),1
34,Dr. Marcelino Vera,2020-02-01,DOBLE BACTERIANA,5
34,Dr. Marcelino Vera,2020-02-01,DOBLE VIRAL,4
71,Villa Chiquita,2020-02-01,HEPATITIS B,2
71,Villa Chiquita,2020-02-01,PENTAVALENTE,3
71,Villa Chiquita,2020-02-01,NEUMOCOCICA CONJUGADA,2
71,Villa Chiquita,2020-02-01,SABIN ORAL,2
71,Villa Chiquita,2020-02-01,TRIPLE VIRAL,3
71,Villa Chiquita,2020-02-01,ANTI GRIPAL,2
71,Villa Chiquita,2020-02-01,HEPATITIS A,1
71,Villa Chiquita,2020-02-01,VARICELA,1
71,Villa Chiquita,2020-02-01,FIEBRE AMARILLA,10
71,Villa Chiquita,2020-02-01,DPT,2
71,Villa Chiquita,2020-02-01,DPT (a),3
71,Villa Chiquita,2020-02-01,HPV,2
51,Dr. Juan Chercoff,2020-02-01,HEPATITIS B,1
51,Dr. Juan Chercoff,2020-02-01,SALK,1
51,Dr. Juan Chercoff,2020-02-01,ROTAVIRUS,1
51,Dr. Juan Chercoff,2020-02-01,PENTAVALENTE,3
51,Dr. Juan Chercoff,2020-02-01,NEUMOCOCICA CONJUGADA,1
51,Dr. Juan Chercoff,2020-02-01,SABIN ORAL,4
51,Dr. Juan Chercoff,2020-02-01,TRIPLE VIRAL,2
51,Dr. Juan Chercoff,2020-02-01,VARICELA,1
51,Dr. Juan Chercoff,2020-02-01,FIEBRE AMARILLA,9
51,Dr. Juan Chercoff,2020-02-01,DPT,2
51,Dr. Juan Chercoff,2020-02-01,DPT (a),2
51,Dr. Juan Chercoff,2020-02-01,DOBLE BACTERIANA,2
51,Dr. Juan Chercoff,2020-02-01,HPV,1
46,Rio Parana,2020-02-01,HEPATITIS B,1
46,Rio Parana,2020-02-01,SALK,6
46,Rio Parana,2020-02-01,ROTAVIRUS,4
46,Rio Parana,2020-02-01,PENTAVALENTE,21
46,Rio Parana,2020-02-01,NEUMOCOCICA CONJUGADA,12
46,Rio Parana,2020-02-01,SABIN ORAL,18
46,Rio Parana,2020-02-01,TRIPLE VIRAL,11
46,Rio Parana,2020-02-01,ANTI GRIPAL,9
46,Rio Parana,2020-02-01,HEPATITIS A,6
46,Rio Parana,2020-02-01,VARICELA,3
46,Rio Parana,2020-02-01,MENINGOCOC.,1
46,Rio Parana,2020-02-01,FIEBRE AMARILLA,10
46,Rio Parana,2020-02-01,DPT,4
46,Rio Parana,2020-02-01,DPT (a),8
46,Rio Parana,2020-02-01,DOBLE BACTERIANA,6
46,Rio Parana,2020-02-01,HPV,11
89,Santa Marta,2020-02-01,HEPATITIS B,8
89,Santa Marta,2020-02-01,SALK,4
89,Santa Marta,2020-02-01,ROTAVIRUS,4
89,Santa Marta,2020-02-01,PENTAVALENTE,12
89,Santa Marta,2020-02-01,NEUMOCOCICA CONJUGADA,6
89,Santa Marta,2020-02-01,SABIN ORAL,11
89,Santa Marta,2020-02-01,TRIPLE VIRAL,4
89,Santa Marta,2020-02-01,HEPATITIS A,2
89,Santa Marta,2020-02-01,VARICELA,2
89,Santa Marta,2020-02-01,MENINGOCOC.,1
89,Santa Marta,2020-02-01,DPT,2
89,Santa Marta,2020-02-01,DPT (a),4
89,Santa Marta,2020-02-01,DOBLE BACTERIANA,8
89,Santa Marta,2020-02-01,DOBLE VIRAL,30
89,Santa Marta,2020-02-01,HPV,5
89,Santa Marta,2020-02-01,MENINGOCOC.,2
48,Dr. Jose de los Reyes Vidal,2020-02-01,SABIN ORAL,3
48,Dr. Jose de los Reyes Vidal,2020-02-01,TRIPLE VIRAL,3
48,Dr. Jose de los Reyes Vidal,2020-02-01,DPT,1
48,Dr. Jose de los Reyes Vidal,2020-02-01,DPT (a),1
48,Dr. Jose de los Reyes Vidal,2020-02-01,DOBLE BACTERIANA,3
48,Dr. Jose de los Reyes Vidal,2020-02-01,HPV,2
58,Dr. Oscar Pirchi,2020-02-01,HEPATITIS B,6
58,Dr. Oscar Pirchi,2020-02-01,SALK,16
58,Dr. Oscar Pirchi,2020-02-01,ROTAVIRUS,12
58,Dr. Oscar Pirchi,2020-02-01,PENTAVALENTE,29
58,Dr. Oscar Pirchi,2020-02-01,NEUMOCOCICA CONJUGADA,27
58,Dr. Oscar Pirchi,2020-02-01,SABIN ORAL,14
58,Dr. Oscar Pirchi,2020-02-01,TRIPLE VIRAL,13
58,Dr. Oscar Pirchi,2020-02-01,ANTI GRIPAL,15
58,Dr. Oscar Pirchi,2020-02-01,HEPATITIS A,12
58,Dr. Oscar Pirchi,2020-02-01,VARICELA,4
58,Dr. Oscar Pirchi,2020-02-01,FIEBRE AMARILLA,6
58,Dr. Oscar Pirchi,2020-02-01,DPT,2
58,Dr. Oscar Pirchi,2020-02-01,DPT (a),16
58,Dr. Oscar Pirchi,2020-02-01,DOBLE BACTERIANA,15
58,Dr. Oscar Pirchi,2020-02-01,HPV,9
10003,Guemes,2020-02-01,HEPATITIS B,11
10003,Guemes,2020-02-01,SALK,4
10003,Guemes,2020-02-01,ROTAVIRUS,5
10003,Guemes,2020-02-01,PENTAVALENTE,14
10003,Guemes,2020-02-01,NEUMOCOCICA CONJUGADA,8
10003,Guemes,2020-02-01,SABIN ORAL,16
10003,Guemes,2020-02-01,TRIPLE VIRAL,11
10003,Guemes,2020-02-01,ANTI GRIPAL,2
10003,Guemes,2020-02-01,HEPATITIS A,3
10003,Guemes,2020-02-01,VARICELA,3
10003,Guemes,2020-02-01,DPT,8
10003,Guemes,2020-02-01,DPT (a),7
10003,Guemes,2020-02-01,DOBLE BACTERIANA,16
10003,Guemes,2020-02-01,HPV,7
38,Dr. JC Benitez Suarez,2020-02-01,SALK,4
38,Dr. JC Benitez Suarez,2020-02-01,ROTAVIRUS,4
38,Dr. JC Benitez Suarez,2020-02-01,PENTAVALENTE,7
38,Dr. JC Benitez Suarez,2020-02-01,NEUMOCOCICA CONJUGADA,7
38,Dr. JC Benitez Suarez,2020-02-01,SABIN ORAL,9
38,Dr. JC Benitez Suarez,2020-02-01,TRIPLE VIRAL,15
38,Dr. JC Benitez Suarez,2020-02-01,ANTI GRIPAL,13
38,Dr. JC Benitez Suarez,2020-02-01,HEPATITIS A,3
38,Dr. JC Benitez Suarez,2020-02-01,VARICELA,4
38,Dr. JC Benitez Suarez,2020-02-01,FIEBRE AMARILLA,26
38,Dr. JC Benitez Suarez,2020-02-01,DPT,2
38,Dr. JC Benitez Suarez,2020-02-01,DPT (a),4
38,Dr. JC Benitez Suarez,2020-02-01,DOBLE BACTERIANA,12
38,Dr. JC Benitez Suarez,2020-02-01,DOBLE VIRAL,10
38,Dr. JC Benitez Suarez,2020-02-01,HPV,5
38,Dr. JC Benitez Suarez,2020-02-01,NEUMOCOCICA NO CONJUGADA,3
10002,Dr. Semper,2020-02-01,BCG,20
10002,Dr. Semper,2020-02-01,HEPATITIS B,5
10002,Dr. Semper,2020-02-01,SALK,5
10002,Dr. Semper,2020-02-01,ROTAVIRUS,4
10002,Dr. Semper,2020-02-01,PENTAVALENTE,12
10002,Dr. Semper,2020-02-01,NEUMOCOCICA CONJUGADA,6
10002,Dr. Semper,2020-02-01,SABIN ORAL,12
10002,Dr. Semper,2020-02-01,TRIPLE VIRAL,7
10002,Dr. Semper,2020-02-01,ANTI GRIPAL,2
10002,Dr. Semper,2020-02-01,HEPATITIS A,3
10002,Dr. Semper,2020-02-01,VARICELA,2
10002,Dr. Semper,2020-02-01,MENINGOCOC.,2
10002,Dr. Semper,2020-02-01,DPT,6
10002,Dr. Semper,2020-02-01,DPT (a),10
10002,Dr. Semper,2020-02-01,HPV,10
45,Dr. Saul Calmanash,2020-02-01,SALK,1
45,Dr. Saul Calmanash,2020-02-01,ROTAVIRUS,2
45,Dr. Saul Calmanash,2020-02-01,PENTAVALENTE,7
45,Dr. Saul Calmanash,2020-02-01,NEUMOCOCICA CONJUGADA,5
45,Dr. Saul Calmanash,2020-02-01,SABIN ORAL,15
45,Dr. Saul Calmanash,2020-02-01,TRIPLE VIRAL,15
45,Dr. Saul Calmanash,2020-02-01,HEPATITIS A,5
45,Dr. Saul Calmanash,2020-02-01,VARICELA,2
45,Dr. Saul Calmanash,2020-02-01,DPT,9
45,Dr. Saul Calmanash,2020-02-01,DPT (a),6
45,Dr. Saul Calmanash,2020-02-01,DOBLE BACTERIANA,11
45,Dr. Saul Calmanash,2020-02-01,HPV,4
90,Sapucay,2020-02-01,SALK,2
90,Sapucay,2020-02-01,ROTAVIRUS,1
90,Sapucay,2020-02-01,PENTAVALENTE,9
90,Sapucay,2020-02-01,NEUMOCOCICA CONJUGADA,6
90,Sapucay,2020-02-01,SABIN ORAL,8
90,Sapucay,2020-02-01,TRIPLE VIRAL,4
90,Sapucay,2020-02-01,HEPATITIS A,1
90,Sapucay,2020-02-01,VARICELA,3
90,Sapucay,2020-02-01,MENINGOCOC.,2
90,Sapucay,2020-02-01,FIEBRE AMARILLA,4
90,Sapucay,2020-02-01,DPT,6
90,Sapucay,2020-02-01,DPT (a),1
90,Sapucay,2020-02-01,DOBLE BACTERIANA,4
90,Sapucay,2020-02-01,HPV,4
73,San Marcos,2020-02-01,HEPATITIS B,2
73,San Marcos,2020-02-01,SALK,9
73,San Marcos,2020-02-01,ROTAVIRUS,10
73,San Marcos,2020-02-01,PENTAVALENTE,22
73,San Marcos,2020-02-01,NEUMOCOCICA CONJUGADA,12
73,San Marcos,2020-02-01,SABIN ORAL,20
73,San Marcos,2020-02-01,TRIPLE VIRAL,13
73,San Marcos,2020-02-01,ANTI GRIPAL,3
73,San Marcos,2020-02-01,HEPATITIS A,5
73,San Marcos,2020-02-01,VARICELA,6
73,San Marcos,2020-02-01,FIEBRE AMARILLA,16
73,San Marcos,2020-02-01,DPT,10
73,San Marcos,2020-02-01,DPT (a),3
73,San Marcos,2020-02-01,DOBLE BACTERIANA,7
73,San Marcos,2020-02-01,HPV,3
10001,Dr. Korimblum,2020-02-01,HEPATITIS B,1
10001,Dr. Korimblum,2020-02-01,SALK,11
10001,Dr. Korimblum,2020-02-01,ROTAVIRUS,4
10001,Dr. Korimblum,2020-02-01,PENTAVALENTE,6
10001,Dr. Korimblum,2020-02-01,NEUMOCOCICA CONJUGADA,5
10001,Dr. Korimblum,2020-02-01,SABIN ORAL,10
10001,Dr. Korimblum,2020-02-01,TRIPLE VIRAL,4
10001,Dr. Korimblum,2020-02-01,FIEBRE AMARILLA,8
10001,Dr. Korimblum,2020-02-01,DPT,3
10001,Dr. Korimblum,2020-02-01,DPT (a),6
10001,Dr. Korimblum,2020-02-01,HPV,5
69,Primera Junta,2020-02-01,HEPATITIS B,8
69,Primera Junta,2020-02-01,SALK,3
69,Primera Junta,2020-02-01,ROTAVIRUS,3
69,Primera Junta,2020-02-01,PENTAVALENTE,11
69,Primera Junta,2020-02-01,NEUMOCOCICA CONJUGADA,3
69,Primera Junta,2020-02-01,SABIN ORAL,13
69,Primera Junta,2020-02-01,TRIPLE VIRAL,6
69,Primera Junta,2020-02-01,ANTI GRIPAL,13
69,Primera Junta,2020-02-01,HEPATITIS A,1
69,Primera Junta,2020-02-01,VARICELA,4
69,Primera Junta,2020-02-01,MENINGOCOC.,1
69,Primera Junta,2020-02-01,FIEBRE AMARILLA,30
69,Primera Junta,2020-02-01,HPV,11
79,Quinta Ferre,2020-02-01,HEPATITIS B,8
79,Quinta Ferre,2020-02-01,SALK,5
79,Quinta Ferre,2020-02-01,ROTAVIRUS,6
79,Quinta Ferre,2020-02-01,PENTAVALENTE,16
79,Quinta Ferre,2020-02-01,NEUMOCOCICA CONJUGADA,8
79,Quinta Ferre,2020-02-01,SABIN ORAL,11
79,Quinta Ferre,2020-02-01,TRIPLE VIRAL,8
79,Quinta Ferre,2020-02-01,ANTI GRIPAL,23
79,Quinta Ferre,2020-02-01,HEPATITIS A,2
79,Quinta Ferre,2020-02-01,VARICELA,6
79,Quinta Ferre,2020-02-01,FIEBRE AMARILLA,10
79,Quinta Ferre,2020-02-01,DPT,4
79,Quinta Ferre,2020-02-01,DPT (a),6
79,Quinta Ferre,2020-02-01,HPV,10
79,Quinta Ferre,2020-02-01,NEUMOCOCICA NO CONJUGADA,1
79,Quinta Ferre,2020-02-01,MENINGOCOC.,1
32,Dr. Manuel Cassuso,2020-02-01,HEPATITIS B,10
32,Dr. Manuel Cassuso,2020-02-01,SALK,8
32,Dr. Manuel Cassuso,2020-02-01,PENTAVALENTE,10
32,Dr. Manuel Cassuso,2020-02-01,PENTAVALENTE,11
32,Dr. Manuel Cassuso,2020-02-01,NEUMOCOCICA CONJUGADA,10
32,Dr. Manuel Cassuso,2020-02-01,SABIN ORAL,15
32,Dr. Manuel Cassuso,2020-02-01,TRIPLE VIRAL,39
32,Dr. Manuel Cassuso,2020-02-01,ANTI GRIPAL,9
32,Dr. Manuel Cassuso,2020-02-01,HEPATITIS A,5
32,Dr. Manuel Cassuso,2020-02-01,VARICELA,6
32,Dr. Manuel Cassuso,2020-02-01,FIEBRE AMARILLA,28
32,Dr. Manuel Cassuso,2020-02-01,DPT,10
32,Dr. Manuel Cassuso,2020-02-01,DPT (a),14
32,Dr. Manuel Cassuso,2020-02-01,DOBLE BACTERIANA,14
32,Dr. Manuel Cassuso,2020-02-01,HPV,16
32,Dr. Manuel Cassuso,2020-02-01,NEUMOCOCICA NO CONJUGADA,5
41,Dr. Manuel Gonzalez,2020-02-01,SALK,6
41,Dr. Manuel Gonzalez,2020-02-01,PENTAVALENTE,14
41,Dr. Manuel Gonzalez,2020-02-01,NEUMOCOCICA CONJUGADA,12
41,Dr. Manuel Gonzalez,2020-02-01,SABIN ORAL,9
41,Dr. Manuel Gonzalez,2020-02-01,TRIPLE VIRAL,10
41,Dr. Manuel Gonzalez,2020-02-01,HEPATITIS A,7
41,Dr. Manuel Gonzalez,2020-02-01,VARICELA,9
41,Dr. Manuel Gonzalez,2020-02-01,MENINGOCOC.,5
41,Dr. Manuel Gonzalez,2020-02-01,DPT,5
41,Dr. Manuel Gonzalez,2020-02-01,DPT (a),10
41,Dr. Manuel Gonzalez,2020-02-01,DOBLE VIRAL,20
41,Dr. Manuel Gonzalez,2020-02-01,HPV,12
41,Dr. Manuel Gonzalez,2020-02-01,NEUMOCOCICA NO CONJUGADA,6
45,Dr. Saul Calmanash,2020-03-01,ROTAVIRUS,1
45,Dr. Saul Calmanash,2020-03-01,PENTAVALENTE,4
45,Dr. Saul Calmanash,2020-03-01,NEUMOCOCICA CONJUGADA,5
45,Dr. Saul Calmanash,2020-03-01,SABIN ORAL,6
45,Dr. Saul Calmanash,2020-03-01,TRIPLE VIRAL,4
45,Dr. Saul Calmanash,2020-03-01,ANTI GRIPAL,3
45,Dr. Saul Calmanash,2020-03-01,HEPATITIS A,3
45,Dr. Saul Calmanash,2020-03-01,VARICELA,1
45,Dr. Saul Calmanash,2020-03-01,MENINGOCOC.,3
45,Dr. Saul Calmanash,2020-03-01,DPT,1
45,Dr. Saul Calmanash,2020-03-01,DPT (a),6
45,Dr. Saul Calmanash,2020-03-01,HPV,5
91,Dr. Pedro Blugerman,2020-03-01,HEPATITIS B,2
91,Dr. Pedro Blugerman,2020-03-01,SALK,7
91,Dr. Pedro Blugerman,2020-03-01,ROTAVIRUS,77
91,Dr. Pedro Blugerman,2020-03-01,PENTAVALENTE,17
91,Dr. Pedro Blugerman,2020-03-01,NEUMOCOCICA CONJUGADA,4
91,Dr. Pedro Blugerman,2020-03-01,SABIN ORAL,14
91,Dr. Pedro Blugerman,2020-03-01,TRIPLE VIRAL,21
91,Dr. Pedro Blugerman,2020-03-01,ANTI GRIPAL,4
91,Dr. Pedro Blugerman,2020-03-01,HEPATITIS A,6
91,Dr. Pedro Blugerman,2020-03-01,VARICELA,4
91,Dr. Pedro Blugerman,2020-03-01,FIEBRE AMARILLA,12
91,Dr. Pedro Blugerman,2020-03-01,DPT,11
91,Dr. Pedro Blugerman,2020-03-01,DPT (a),9
91,Dr. Pedro Blugerman,2020-03-01,HPV,9
91,Dr. Pedro Blugerman,2020-03-01,NEUMOCOCICA NO CONJUGADA,12
49,Dr. Benjamin Serrano,2020-04-01,HEPATITIS B,1
49,Dr. Benjamin Serrano,2020-04-01,SALK,13
49,Dr. Benjamin Serrano,2020-04-01,ROTAVIRUS,8
49,Dr. Benjamin Serrano,2020-04-01,PENTAVALENTE,13
49,Dr. Benjamin Serrano,2020-04-01,NEUMOCOCICA CONJUGADA,14
49,Dr. Benjamin Serrano,2020-04-01,SABIN ORAL,5
49,Dr. Benjamin Serrano,2020-04-01,TRIPLE VIRAL,3
49,Dr. Benjamin Serrano,2020-04-01,ANTI GRIPAL,158
49,Dr. Benjamin Serrano,2020-04-01,HEPATITIS A,1
49,Dr. Benjamin Serrano,2020-04-01,VARICELA,3
49,Dr. Benjamin Serrano,2020-04-01,MENINGOCOC.,8
49,Dr. Benjamin Serrano,2020-04-01,DPT,2
49,Dr. Benjamin Serrano,2020-04-01,DPT (a),1
49,Dr. Benjamin Serrano,2020-04-01,DOBLE BACTERIANA,6
49,Dr. Benjamin Serrano,2020-04-01,HPV,3
91,Dr. Pedro Blugerman,2020-04-01,HEPATITIS B,7
91,Dr. Pedro Blugerman,2020-04-01,SALK,12
91,Dr. Pedro Blugerman,2020-04-01,ROTAVIRUS,9
91,Dr. Pedro Blugerman,2020-04-01,PENTAVALENTE,17
91,Dr. Pedro Blugerman,2020-04-01,SABIN ORAL,11
91,Dr. Pedro Blugerman,2020-04-01,TRIPLE VIRAL,15
91,Dr. Pedro Blugerman,2020-04-01,ANTI GRIPAL,160
91,Dr. Pedro Blugerman,2020-04-01,HEPATITIS A,14
91,Dr. Pedro Blugerman,2020-04-01,VARICELA,13
91,Dr. Pedro Blugerman,2020-04-01,MENINGOCOC.,10
91,Dr. Pedro Blugerman,2020-04-01,DPT,8
91,Dr. Pedro Blugerman,2020-04-01,DPT (a),2
91,Dr. Pedro Blugerman,2020-04-01,DOBLE VIRAL,9
91,Dr. Pedro Blugerman,2020-04-01,HPV,6
91,Dr. Pedro Blugerman,2020-04-01,NEUMOCOCICA NO CONJUGADA,10
45,Dr. Saul Calmanash,2020-04-01,SALK,1
45,Dr. Saul Calmanash,2020-04-01,ROTAVIRUS,1
45,Dr. Saul Calmanash,2020-04-01,PENTAVALENTE,1
45,Dr. Saul Calmanash,2020-04-01,NEUMOCOCICA CONJUGADA,3
45,Dr. Saul Calmanash,2020-04-01,TRIPLE VIRAL,1
45,Dr. Saul Calmanash,2020-04-01,ANTI GRIPAL,110
45,Dr. Saul Calmanash,2020-04-01,HEPATITIS A,1
45,Dr. Saul Calmanash,2020-04-01,DPT (a),1
45,Dr. Saul Calmanash,2020-04-01,NEUMOCOCICA NO CONJUGADA,3
34,Dr. Marcelino Vera,2020-04-01,HEPATITIS B,3
34,Dr. Marcelino Vera,2020-04-01,SALK,4
34,Dr. Marcelino Vera,2020-04-01,ROTAVIRUS,4
34,Dr. Marcelino Vera,2020-04-01,PENTAVALENTE,9
34,Dr. Marcelino Vera,2020-04-01,NEUMOCOCICA CONJUGADA,10
34,Dr. Marcelino Vera,2020-04-01,SABIN ORAL,6
34,Dr. Marcelino Vera,2020-04-01,TRIPLE VIRAL,2
34,Dr. Marcelino Vera,2020-04-01,ANTI GRIPAL,143
34,Dr. Marcelino Vera,2020-04-01,MENINGOCOC.,6
34,Dr. Marcelino Vera,2020-04-01,DPT,2
34,Dr. Marcelino Vera,2020-04-01,DPT (a),2
34,Dr. Marcelino Vera,2020-04-01,HPV,2
32,Dr. Manuel Cassuso,2020-04-01,HEPATITIS B,5
32,Dr. Manuel Cassuso,2020-04-01,SALK,13
32,Dr. Manuel Cassuso,2020-04-01,ROTAVIRUS,14
32,Dr. Manuel Cassuso,2020-04-01,PENTAVALENTE,18
32,Dr. Manuel Cassuso,2020-04-01,NEUMOCOCICA CONJUGADA,23
32,Dr. Manuel Cassuso,2020-04-01,SABIN ORAL,7
32,Dr. Manuel Cassuso,2020-04-01,TRIPLE VIRAL,12
32,Dr. Manuel Cassuso,2020-04-01,ANTI GRIPAL,149
32,Dr. Manuel Cassuso,2020-04-01,HEPATITIS A,8
32,Dr. Manuel Cassuso,2020-04-01,VARICELA,5
32,Dr. Manuel Cassuso,2020-04-01,MENINGOCOC.,10
32,Dr. Manuel Cassuso,2020-04-01,DPT (a),10
32,Dr. Manuel Cassuso,2020-04-01,DOBLE BACTERIANA,10
32,Dr. Manuel Cassuso,2020-04-01,HPV,13
32,Dr. Manuel Cassuso,2020-04-01,NEUMOCOCICA NO CONJUGADA,2
76,Dr. Romilio Monzón,2020-04-01,HEPATITIS B,12
76,Dr. Romilio Monzón,2020-04-01,SALK,15
76,Dr. Romilio Monzón,2020-04-01,ROTAVIRUS,15
76,Dr. Romilio Monzón,2020-04-01,PENTAVALENTE,24
76,Dr. Romilio Monzón,2020-04-01,NEUMOCOCICA CONJUGADA,30
76,Dr. Romilio Monzón,2020-04-01,SABIN ORAL,8
76,Dr. Romilio Monzón,2020-04-01,TRIPLE VIRAL,5
76,Dr. Romilio Monzón,2020-04-01,ANTI GRIPAL,28
76,Dr. Romilio Monzón,2020-04-01,HEPATITIS A,4
76,Dr. Romilio Monzón,2020-04-01,VARICELA,2
76,Dr. Romilio Monzón,2020-04-01,MENINGOCOC.,16
76,Dr. Romilio Monzón,2020-04-01,FIEBRE AMARILLA,5
76,Dr. Romilio Monzón,2020-04-01,DPT,1
76,Dr. Romilio Monzón,2020-04-01,DPT (a),10
76,Dr. Romilio Monzón,2020-04-01,DOBLE BACTERIANA,3
76,Dr. Romilio Monzón,2020-04-01,HPV,4
76,Dr. Romilio Monzón,2020-04-01,MENINGOCOC.,5
36,Esperanza,2020-04-01,HEPATITIS B,2
36,Esperanza,2020-04-01,SALK,13
36,Esperanza,2020-04-01,ROTAVIRUS,11
36,Esperanza,2020-04-01,PENTAVALENTE,20
36,Esperanza,2020-04-01,NEUMOCOCICA CONJUGADA,18
36,Esperanza,2020-04-01,SABIN ORAL,10
36,Esperanza,2020-04-01,TRIPLE VIRAL,7
36,Esperanza,2020-04-01,ANTI GRIPAL,115
36,Esperanza,2020-04-01,HEPATITIS A,5
36,Esperanza,2020-04-01,VARICELA,2
36,Esperanza,2020-04-01,MENINGOCOC.,15
36,Esperanza,2020-04-01,DPT,2
36,Esperanza,2020-04-01,DPT (a),4
36,Esperanza,2020-04-01,DOBLE BACTERIANA,4
36,Esperanza,2020-04-01,HPV,3
79,Quinta Ferre,2020-04-01,SALK,1
79,Quinta Ferre,2020-04-01,ROTAVIRUS,1
79,Quinta Ferre,2020-04-01,PENTAVALENTE,1
79,Quinta Ferre,2020-04-01,NEUMOCOCICA CONJUGADA,1
79,Quinta Ferre,2020-04-01,SABIN ORAL,4
79,Quinta Ferre,2020-04-01,TRIPLE VIRAL,5
79,Quinta Ferre,2020-04-01,ANTI GRIPAL,50
79,Quinta Ferre,2020-04-01,HEPATITIS A,3
79,Quinta Ferre,2020-04-01,MENINGOCOC.,1
79,Quinta Ferre,2020-04-01,DPT,1
79,Quinta Ferre,2020-04-01,DPT (a),1
79,Quinta Ferre,2020-04-01,DOBLE BACTERIANA,1
79,Quinta Ferre,2020-04-01,HPV,1
10003,Guemes,2020-04-01,HEPATITIS B,3
10003,Guemes,2020-04-01,SALK,9
10003,Guemes,2020-04-01,ROTAVIRUS,9
10003,Guemes,2020-04-01,PENTAVALENTE,18
10003,Guemes,2020-04-01,NEUMOCOCICA CONJUGADA,19
10003,Guemes,2020-04-01,SABIN ORAL,14
10003,Guemes,2020-04-01,TRIPLE VIRAL,5
10003,Guemes,2020-04-01,ANTI GRIPAL,175
10003,Guemes,2020-04-01,HEPATITIS A,3
10003,Guemes,2020-04-01,VARICELA,1
10003,Guemes,2020-04-01,MENINGOCOC.,10
10003,Guemes,2020-04-01,DPT,4
10003,Guemes,2020-04-01,DPT (a),5
10003,Guemes,2020-04-01,HPV,5
54,Itati,2020-04-01,HEPATITIS B,5
54,Itati,2020-04-01,SALK,2
54,Itati,2020-04-01,ROTAVIRUS,2
54,Itati,2020-04-01,PENTAVALENTE,12
54,Itati,2020-04-01,NEUMOCOCICA CONJUGADA,14
54,Itati,2020-04-01,SABIN ORAL,9
54,Itati,2020-04-01,TRIPLE VIRAL,8
54,Itati,2020-04-01,ANTI GRIPAL,157
54,Itati,2020-04-01,HEPATITIS A,6
54,Itati,2020-04-01,VARICELA,6
54,Itati,2020-04-01,MENINGOCOC.,15
54,Itati,2020-04-01,DPT,2
54,Itati,2020-04-01,DPT (a),5
54,Itati,2020-04-01,DOBLE BACTERIANA,6
54,Itati,2020-04-01,HPV,4
10001,Dr. Korimblum,2020-04-01,ROTAVIRUS,4
10001,Dr. Korimblum,2020-04-01,PENTAVALENTE,11
10001,Dr. Korimblum,2020-04-01,NEUMOCOCICA CONJUGADA,4
10001,Dr. Korimblum,2020-04-01,SABIN ORAL,9
10001,Dr. Korimblum,2020-04-01,TRIPLE VIRAL,1
10001,Dr. Korimblum,2020-04-01,ANTI GRIPAL,167
10001,Dr. Korimblum,2020-04-01,HEPATITIS A,1
10001,Dr. Korimblum,2020-04-01,VARICELA,2
10001,Dr. Korimblum,2020-04-01,MENINGOCOC.,3
10001,Dr. Korimblum,2020-04-01,DPT,4
10001,Dr. Korimblum,2020-04-01,DPT (a),1
10001,Dr. Korimblum,2020-04-01,HPV,3
10001,Dr. Korimblum,2020-04-01,NEUMOCOCICA NO CONJUGADA,14
88,Dr. Lifschitz,2020-04-01,HEPATITIS B,3
88,Dr. Lifschitz,2020-04-01,PENTAVALENTE,1
88,Dr. Lifschitz,2020-04-01,NEUMOCOCICA CONJUGADA,9
88,Dr. Lifschitz,2020-04-01,SABIN ORAL,1
88,Dr. Lifschitz,2020-04-01,DPT (a),3
88,Dr. Lifschitz,2020-04-01,HPV,1
38,Dr. JC Benitez Suarez,2020-04-01,HEPATITIS B,2
38,Dr. JC Benitez Suarez,2020-04-01,SALK,9
38,Dr. JC Benitez Suarez,2020-04-01,ROTAVIRUS,7
38,Dr. JC Benitez Suarez,2020-04-01,PENTAVALENTE,14
38,Dr. JC Benitez Suarez,2020-04-01,NEUMOCOCICA CONJUGADA,9
38,Dr. JC Benitez Suarez,2020-04-01,SABIN ORAL,10
38,Dr. JC Benitez Suarez,2020-04-01,TRIPLE VIRAL,3
38,Dr. JC Benitez Suarez,2020-04-01,ANTI GRIPAL,118
38,Dr. JC Benitez Suarez,2020-04-01,VARICELA,1
38,Dr. JC Benitez Suarez,2020-04-01,MENINGOCOC.,7
38,Dr. JC Benitez Suarez,2020-04-01,DPT,2
38,Dr. JC Benitez Suarez,2020-04-01,DPT (a),4
38,Dr. JC Benitez Suarez,2020-04-01,DOBLE BACTERIANA,13
38,Dr. JC Benitez Suarez,2020-04-01,HPV,3
38,Dr. JC Benitez Suarez,2020-04-01,NEUMOCOCICA NO CONJUGADA,5
41,Dr. Manuel Gonzalez,2020-04-01,HEPATITIS B,1
41,Dr. Manuel Gonzalez,2020-04-01,SALK,2
41,Dr. Manuel Gonzalez,2020-04-01,ROTAVIRUS,3
41,Dr. Manuel Gonzalez,2020-04-01,PENTAVALENTE,8
41,Dr. Manuel Gonzalez,2020-04-01,NEUMOCOCICA CONJUGADA,4
41,Dr. Manuel Gonzalez,2020-04-01,SABIN ORAL,6
41,Dr. Manuel Gonzalez,2020-04-01,TRIPLE VIRAL,3
41,Dr. Manuel Gonzalez,2020-04-01,ANTI GRIPAL,86
41,Dr. Manuel Gonzalez,2020-04-01,HEPATITIS A,3
41,Dr. Manuel Gonzalez,2020-04-01,MENINGOCOC.,4
41,Dr. Manuel Gonzalez,2020-04-01,DPT,1
41,Dr. Manuel Gonzalez,2020-04-01,DPT (a),5
41,Dr. Manuel Gonzalez,2020-04-01,HPV,1
75,Dr. Mauricio Open,2020-04-01,HEPATITIS B,4
75,Dr. Mauricio Open,2020-04-01,SALK,1
75,Dr. Mauricio Open,2020-04-01,ROTAVIRUS,1
75,Dr. Mauricio Open,2020-04-01,PENTAVALENTE,4
75,Dr. Mauricio Open,2020-04-01,NEUMOCOCICA CONJUGADA,8
75,Dr. Mauricio Open,2020-04-01,SABIN ORAL,5
75,Dr. Mauricio Open,2020-04-01,TRIPLE VIRAL,5
75,Dr. Mauricio Open,2020-04-01,ANTI GRIPAL,175
75,Dr. Mauricio Open,2020-04-01,HEPATITIS A,3
75,Dr. Mauricio Open,2020-04-01,VARICELA,63
75,Dr. Mauricio Open,2020-04-01,MENINGOCOC.,10
75,Dr. Mauricio Open,2020-04-01,DPT,1
75,Dr. Mauricio Open,2020-04-01,DPT (a),7
75,Dr. Mauricio Open,2020-04-01,DOBLE BACTERIANA,4
75,Dr. Mauricio Open,2020-04-01,HPV,1
75,Dr. Mauricio Open,2020-04-01,NEUMOCOCICA NO CONJUGADA,2
10000,Dr. Anibal Malvido,2020-04-01,SALK,10
10000,Dr. Anibal Malvido,2020-04-01,ROTAVIRUS,10
10000,Dr. Anibal Malvido,2020-04-01,PENTAVALENTE,18
10000,Dr. Anibal Malvido,2020-04-01,NEUMOCOCICA CONJUGADA,21
10000,Dr. Anibal Malvido,2020-04-01,SABIN ORAL,10
10000,Dr. Anibal Malvido,2020-04-01,TRIPLE VIRAL,6
10000,Dr. Anibal Malvido,2020-04-01,ANTI GRIPAL,220
10000,Dr. Anibal Malvido,2020-04-01,HEPATITIS A,4
10000,Dr. Anibal Malvido,2020-04-01,VARICELA,2
10000,Dr. Anibal Malvido,2020-04-01,MENINGOCOC.,24
10000,Dr. Anibal Malvido,2020-04-01,DPT,2
10000,Dr. Anibal Malvido,2020-04-01,DPT (a),6
10000,Dr. Anibal Malvido,2020-04-01,DOBLE BACTERIANA,3
10000,Dr. Anibal Malvido,2020-04-01,NEUMOCOCICA NO CONJUGADA,12
69,Primera Junta,2020-04-01,HEPATITIS B,5
69,Primera Junta,2020-04-01,SALK,3
69,Primera Junta,2020-04-01,ROTAVIRUS,3
69,Primera Junta,2020-04-01,PENTAVALENTE,6
69,Primera Junta,2020-04-01,NEUMOCOCICA CONJUGADA,37
69,Primera Junta,2020-04-01,SABIN ORAL,5
69,Primera Junta,2020-04-01,TRIPLE VIRAL,9
69,Primera Junta,2020-04-01,ANTI GRIPAL,215
69,Primera Junta,2020-04-01,HEPATITIS A,3
69,Primera Junta,2020-04-01,VARICELA,4
69,Primera Junta,2020-04-01,MENINGOCOC.,10
69,Primera Junta,2020-04-01,DPT,2
69,Primera Junta,2020-04-01,DPT (a),8
69,Primera Junta,2020-04-01,DOBLE BACTERIANA,9
69,Primera Junta,2020-04-01,HPV,4
69,Primera Junta,2020-04-01,NEUMOCOCICA NO CONJUGADA,11
62,Pujol,2020-04-01,SALK,7
62,Pujol,2020-04-01,ROTAVIRUS,4
62,Pujol,2020-04-01,PENTAVALENTE,10
62,Pujol,2020-04-01,NEUMOCOCICA CONJUGADA,18
62,Pujol,2020-04-01,SABIN ORAL,7
62,Pujol,2020-04-01,TRIPLE VIRAL,2
62,Pujol,2020-04-01,ANTI GRIPAL,122
62,Pujol,2020-04-01,HEPATITIS A,1
62,Pujol,2020-04-01,VARICELA,2
62,Pujol,2020-04-01,MENINGOCOC.,11
62,Pujol,2020-04-01,DPT,1
62,Pujol,2020-04-01,DPT (a),1
62,Pujol,2020-04-01,DOBLE BACTERIANA,2
62,Pujol,2020-04-01,HPV,5
62,Pujol,2020-04-01,NEUMOCOCICA NO CONJUGADA,6
47,Dr. Guillermo Rawson,2020-04-01,HEPATITIS B,10
47,Dr. Guillermo Rawson,2020-04-01,SALK,3
47,Dr. Guillermo Rawson,2020-04-01,ROTAVIRUS,4
47,Dr. Guillermo Rawson,2020-04-01,PENTAVALENTE,6
47,Dr. Guillermo Rawson,2020-04-01,NEUMOCOCICA CONJUGADA,2
47,Dr. Guillermo Rawson,2020-04-01,SABIN ORAL,41
47,Dr. Guillermo Rawson,2020-04-01,TRIPLE VIRAL,4
47,Dr. Guillermo Rawson,2020-04-01,ANTI GRIPAL,109
47,Dr. Guillermo Rawson,2020-04-01,HEPATITIS A,3
47,Dr. Guillermo Rawson,2020-04-01,VARICELA,2
47,Dr. Guillermo Rawson,2020-04-01,MENINGOCOC.,4
47,Dr. Guillermo Rawson,2020-04-01,DPT,1
47,Dr. Guillermo Rawson,2020-04-01,DPT (a),4
47,Dr. Guillermo Rawson,2020-04-01,DOBLE BACTERIANA,7
47,Dr. Guillermo Rawson,2020-04-01,DOBLE VIRAL,15
47,Dr. Guillermo Rawson,2020-04-01,HPV,4
47,Dr. Guillermo Rawson,2020-04-01,NEUMOCOCICA NO CONJUGADA,2
85,Santa Margarita,2020-03-01,HEPATITIS B,1
85,Santa Margarita,2020-03-01,SALK,1
85,Santa Margarita,2020-03-01,ROTAVIRUS,1
85,Santa Margarita,2020-03-01,PENTAVALENTE,3
85,Santa Margarita,2020-03-01,SABIN ORAL,3
85,Santa Margarita,2020-03-01,TRIPLE VIRAL,1
85,Santa Margarita,2020-03-01,ANTI GRIPAL,8
85,Santa Margarita,2020-03-01,FIEBRE AMARILLA,9
85,Santa Margarita,2020-03-01,DPT,3
85,Santa Margarita,2020-03-01,DPT (a),4
85,Santa Margarita,2020-03-01,DOBLE VIRAL,2
85,Santa Margarita,2020-03-01,HPV,3
85,Santa Margarita,2020-03-01,NEUMOCOCICA NO CONJUGADA,1
10003,Guemes,2020-03-01,HEPATITIS B,11
10003,Guemes,2020-03-01,SALK,1
10003,Guemes,2020-03-01,ROTAVIRUS,1
10003,Guemes,2020-03-01,PENTAVALENTE,7
10003,Guemes,2020-03-01,SABIN ORAL,10
10003,Guemes,2020-03-01,TRIPLE VIRAL,10
10003,Guemes,2020-03-01,ANTI GRIPAL,4
10003,Guemes,2020-03-01,HEPATITIS A,1
10003,Guemes,2020-03-01,VARICELA,3
10003,Guemes,2020-03-01,MENINGOCOC.,6
10003,Guemes,2020-03-01,FIEBRE AMARILLA,6
10003,Guemes,2020-03-01,DPT,17
10003,Guemes,2020-03-01,DPT (a),1
10003,Guemes,2020-03-01,HPV,98
10002,Dr. Semper,2020-03-01,BCG,26
10002,Dr. Semper,2020-03-01,SALK,2
10002,Dr. Semper,2020-03-01,ROTAVIRUS,2
10002,Dr. Semper,2020-03-01,PENTAVALENTE,3
10002,Dr. Semper,2020-03-01,NEUMOCOCICA CONJUGADA,16
10002,Dr. Semper,2020-03-01,SABIN ORAL,3
10002,Dr. Semper,2020-03-01,TRIPLE VIRAL,1
10002,Dr. Semper,2020-03-01,ANTI GRIPAL,69
10002,Dr. Semper,2020-03-01,HEPATITIS A,1
10002,Dr. Semper,2020-03-01,MENINGOCOC.,10
10002,Dr. Semper,2020-03-01,FIEBRE AMARILLA,10
10002,Dr. Semper,2020-03-01,DPT,1
10002,Dr. Semper,2020-03-01,DPT (a),5
10002,Dr. Semper,2020-03-01,HPV,19
10000,Dr. Anibal Malvido,2020-03-01,HEPATITIS B,26
10000,Dr. Anibal Malvido,2020-03-01,SALK,14
10000,Dr. Anibal Malvido,2020-03-01,ROTAVIRUS,9
10000,Dr. Anibal Malvido,2020-03-01,PENTAVALENTE,29
10000,Dr. Anibal Malvido,2020-03-01,NEUMOCOCICA CONJUGADA,16
10000,Dr. Anibal Malvido,2020-03-01,SABIN ORAL,27
10000,Dr. Anibal Malvido,2020-03-01,TRIPLE VIRAL,13
10000,Dr. Anibal Malvido,2020-03-01,ANTI GRIPAL,10
10000,Dr. Anibal Malvido,2020-03-01,HEPATITIS A,8
10000,Dr. Anibal Malvido,2020-03-01,VARICELA,7
10000,Dr. Anibal Malvido,2020-03-01,MENINGOCOC.,24
10000,Dr. Anibal Malvido,2020-03-01,FIEBRE AMARILLA,40
10000,Dr. Anibal Malvido,2020-03-01,DPT,7
10000,Dr. Anibal Malvido,2020-03-01,DPT (a),12
10000,Dr. Anibal Malvido,2020-03-01,DOBLE BACTERIANA,20
10000,Dr. Anibal Malvido,2020-03-01,DOBLE VIRAL,29
10000,Dr. Anibal Malvido,2020-03-01,HPV,15
10000,Dr. Anibal Malvido,2020-03-01,MENACTRA,12
70,Villa Garcia,2020-03-01,HEPATITIS B,1
70,Villa Garcia,2020-03-01,SALK,3
70,Villa Garcia,2020-03-01,ROTAVIRUS,3
70,Villa Garcia,2020-03-01,PENTAVALENTE,3
70,Villa Garcia,2020-03-01,NEUMOCOCICA CONJUGADA,7
70,Villa Garcia,2020-03-01,SABIN ORAL,3
70,Villa Garcia,2020-03-01,TRIPLE VIRAL,3
70,Villa Garcia,2020-03-01,ANTI GRIPAL,15
70,Villa Garcia,2020-03-01,MENINGOCOC.,4
70,Villa Garcia,2020-03-01,FIEBRE AMARILLA,7
70,Villa Garcia,2020-03-01,DPT,3
70,Villa Garcia,2020-03-01,DPT (a),3
70,Villa Garcia,2020-03-01,DOBLE BACTERIANA,1
70,Villa Garcia,2020-03-01,HPV,4
70,Villa Garcia,2020-03-01,NEUMOCOCICA NO CONJUGADA,4
54,Itati,2020-03-01,HEPATITIS B,4
54,Itati,2020-03-01,SALK,2
54,Itati,2020-03-01,ROTAVIRUS,2
54,Itati,2020-03-01,PENTAVALENTE,18
54,Itati,2020-03-01,NEUMOCOCICA CONJUGADA,5
54,Itati,2020-03-01,SABIN ORAL,18
54,Itati,2020-03-01,TRIPLE VIRAL,10
54,Itati,2020-03-01,ANTI GRIPAL,50
54,Itati,2020-03-01,HEPATITIS A,4
54,Itati,2020-03-01,VARICELA,3
54,Itati,2020-03-01,MENINGOCOC.,15
54,Itati,2020-03-01,FIEBRE AMARILLA,18
54,Itati,2020-03-01,DPT,4
54,Itati,2020-03-01,DPT (a),5
54,Itati,2020-03-01,DOBLE BACTERIANA,14
54,Itati,2020-03-01,DOBLE VIRAL,18
54,Itati,2020-03-01,HPV,6
54,Itati,2020-03-01,NEUMOCOCICA NO CONJUGADA,10
10001,Dr. Korimblum,2020-03-01,HEPATITIS B,4
10001,Dr. Korimblum,2020-03-01,ROTAVIRUS,3
10001,Dr. Korimblum,2020-03-01,PENTAVALENTE,6
10001,Dr. Korimblum,2020-03-01,NEUMOCOCICA CONJUGADA,5
10001,Dr. Korimblum,2020-03-01,SABIN ORAL,8
10001,Dr. Korimblum,2020-03-01,TRIPLE VIRAL,4
10001,Dr. Korimblum,2020-03-01,HEPATITIS A,2
10001,Dr. Korimblum,2020-03-01,VARICELA,2
10001,Dr. Korimblum,2020-03-01,MENINGOCOC.,5
10001,Dr. Korimblum,2020-03-01,FIEBRE AMARILLA,7
10001,Dr. Korimblum,2020-03-01,MENACTRA,1
10001,Dr. Korimblum,2020-03-01,DPT (a),6
10001,Dr. Korimblum,2020-03-01,TRIPLE BACTERIANA,2
10001,Dr. Korimblum,2020-03-01,HPV,3
10001,Dr. Korimblum,2020-03-01,NEUMOCOCICA NO CONJUGADA,3
47,Dr. Guillermo Rawson,2020-03-01,HEPATITIS B,27
47,Dr. Guillermo Rawson,2020-03-01,SALK,3
47,Dr. Guillermo Rawson,2020-03-01,ROTAVIRUS,3
47,Dr. Guillermo Rawson,2020-03-01,PENTAVALENTE,9
47,Dr. Guillermo Rawson,2020-03-01,NEUMOCOCICA CONJUGADA,7
47,Dr. Guillermo Rawson,2020-03-01,SABIN ORAL,28
47,Dr. Guillermo Rawson,2020-03-01,TRIPLE VIRAL,16
47,Dr. Guillermo Rawson,2020-03-01,HEPATITIS A,4
47,Dr. Guillermo Rawson,2020-03-01,VARICELA,3
47,Dr. Guillermo Rawson,2020-03-01,MENINGOCOC.,11
47,Dr. Guillermo Rawson,2020-03-01,FIEBRE AMARILLA,10
47,Dr. Guillermo Rawson,2020-03-01,DPT,34
47,Dr. Guillermo Rawson,2020-03-01,DPT (a),5
47,Dr. Guillermo Rawson,2020-03-01,DOBLE VIRAL,20
47,Dr. Guillermo Rawson,2020-03-01,HPV,6
47,Dr. Guillermo Rawson,2020-03-01,NEUMOCOCICA NO CONJUGADA,23
47,Dr. Guillermo Rawson,2020-03-01,MENACTRA,7
48,Dr. Jose de los Reyes Vidal,2020-03-01,HEPATITIS B,27
48,Dr. Jose de los Reyes Vidal,2020-03-01,SALK,3
48,Dr. Jose de los Reyes Vidal,2020-03-01,ROTAVIRUS,3
48,Dr. Jose de los Reyes Vidal,2020-03-01,PENTAVALENTE,9
48,Dr. Jose de los Reyes Vidal,2020-03-01,NEUMOCOCICA CONJUGADA,7
48,Dr. Jose de los Reyes Vidal,2020-03-01,SABIN ORAL,28
48,Dr. Jose de los Reyes Vidal,2020-03-01,TRIPLE VIRAL,16
48,Dr. Jose de los Reyes Vidal,2020-03-01,HEPATITIS A,4
48,Dr. Jose de los Reyes Vidal,2020-03-01,VARICELA,3
48,Dr. Jose de los Reyes Vidal,2020-03-01,MENINGOCOC.,11
48,Dr. Jose de los Reyes Vidal,2020-03-01,FIEBRE AMARILLA,10
48,Dr. Jose de los Reyes Vidal,2020-03-01,DPT,34
48,Dr. Jose de los Reyes Vidal,2020-03-01,DPT (a),5
48,Dr. Jose de los Reyes Vidal,2020-03-01,DOBLE VIRAL,20
48,Dr. Jose de los Reyes Vidal,2020-03-01,HPV,6
48,Dr. Jose de los Reyes Vidal,2020-03-01,NEUMOCOCICA NO CONJUGADA,23
48,Dr. Jose de los Reyes Vidal,2020-03-01,MENACTRA,7
37,Dr. Sussini,2020-03-01,HEPATITIS B,27
37,Dr. Sussini,2020-03-01,SALK,10
37,Dr. Sussini,2020-03-01,ROTAVIRUS,15
37,Dr. Sussini,2020-03-01,PENTAVALENTE,39
37,Dr. Sussini,2020-03-01,NEUMOCOCICA CONJUGADA,28
37,Dr. Sussini,2020-03-01,SABIN ORAL,44
37,Dr. Sussini,2020-03-01,TRIPLE VIRAL,31
37,Dr. Sussini,2020-03-01,ANTI GRIPAL,45
37,Dr. Sussini,2020-03-01,HEPATITIS A,8
37,Dr. Sussini,2020-03-01,VARICELA,8
37,Dr. Sussini,2020-03-01,MENINGOCOC.,50
37,Dr. Sussini,2020-03-01,FIEBRE AMARILLA,3
37,Dr. Sussini,2020-03-01,DPT,22
37,Dr. Sussini,2020-03-01,DPT (a),23
37,Dr. Sussini,2020-03-01,DOBLE BACTERIANA,46
37,Dr. Sussini,2020-03-01,DOBLE VIRAL,33
37,Dr. Sussini,2020-03-01,HPV,20
37,Dr. Sussini,2020-03-01,NEUMOCOCICA NO CONJUGADA,30
73,San Marcos,2020-03-01,HEPATITIS B,1
73,San Marcos,2020-03-01,SALK,4
73,San Marcos,2020-03-01,ROTAVIRUS,3
73,San Marcos,2020-03-01,PENTAVALENTE,15
73,San Marcos,2020-03-01,NEUMOCOCICA CONJUGADA,8
73,San Marcos,2020-03-01,SABIN ORAL,17
73,San Marcos,2020-03-01,TRIPLE VIRAL,11
73,San Marcos,2020-03-01,HEPATITIS A,7
73,San Marcos,2020-03-01,VARICELA,7
73,San Marcos,2020-03-01,MENINGOCOC.,4
73,San Marcos,2020-03-01,FIEBRE AMARILLA,12
73,San Marcos,2020-03-01,DPT,5
73,San Marcos,2020-03-01,DPT (a),4
73,San Marcos,2020-03-01,DOBLE BACTERIANA,9
73,San Marcos,2020-03-01,HPV,6
62,Pujol,2020-03-01,HEPATITIS B,2
62,Pujol,2020-03-01,SALK,1
62,Pujol,2020-03-01,ROTAVIRUS,1
62,Pujol,2020-03-01,PENTAVALENTE,8
62,Pujol,2020-03-01,NEUMOCOCICA CONJUGADA,5
62,Pujol,2020-03-01,SABIN ORAL,10
62,Pujol,2020-03-01,TRIPLE VIRAL,6
62,Pujol,2020-03-01,HEPATITIS A,3
62,Pujol,2020-03-01,VARICELA,1
62,Pujol,2020-03-01,MENINGOCOC.,13
62,Pujol,2020-03-01,FIEBRE AMARILLA,3
62,Pujol,2020-03-01,DPT,3
62,Pujol,2020-03-01,DPT (a),1
62,Pujol,2020-03-01,DOBLE BACTERIANA,5
62,Pujol,2020-03-01,HPV,3
62,Pujol,2020-03-01,NEUMOCOCICA NO CONJUGADA,2
69,Primera Junta,2020-03-01,HEPATITIS B,12
69,Primera Junta,2020-03-01,PENTAVALENTE,4
69,Primera Junta,2020-03-01,NEUMOCOCICA CONJUGADA,3
69,Primera Junta,2020-03-01,SABIN ORAL,9
69,Primera Junta,2020-03-01,TRIPLE VIRAL,8
69,Primera Junta,2020-03-01,ANTI GRIPAL,2
69,Primera Junta,2020-03-01,HEPATITIS A,1
69,Primera Junta,2020-03-01,VARICELA,2
69,Primera Junta,2020-03-01,MENINGOCOC.,5
69,Primera Junta,2020-03-01,DPT,5
69,Primera Junta,2020-03-01,DPT (a),4
69,Primera Junta,2020-03-01,DOBLE BACTERIANA,20
69,Primera Junta,2020-03-01,DOBLE VIRAL,4
69,Primera Junta,2020-03-01,HPV,1
69,Primera Junta,2020-03-01,NEUMOCOCICA NO CONJUGADA,1
88,Dr. Lifschitz,2020-03-01,HEPATITIS B,5
88,Dr. Lifschitz,2020-03-01,SALK,1
88,Dr. Lifschitz,2020-03-01,ROTAVIRUS,1
88,Dr. Lifschitz,2020-03-01,PENTAVALENTE,5
88,Dr. Lifschitz,2020-03-01,NEUMOCOCICA CONJUGADA,3
88,Dr. Lifschitz,2020-03-01,SABIN ORAL,4
88,Dr. Lifschitz,2020-03-01,ANTI GRIPAL,31
88,Dr. Lifschitz,2020-03-01,VARICELA,3
88,Dr. Lifschitz,2020-03-01,MENINGOCOC.,6
88,Dr. Lifschitz,2020-03-01,FIEBRE AMARILLA,9
88,Dr. Lifschitz,2020-03-01,DPT (a),1
88,Dr. Lifschitz,2020-03-01,DOBLE VIRAL,11
88,Dr. Lifschitz,2020-03-01,HPV,3
88,Dr. Lifschitz,2020-03-01,NEUMOCOCICA NO CONJUGADA,2
38,Dr. JC Benitez Suarez,2020-03-01,HEPATITIS B,1
38,Dr. JC Benitez Suarez,2020-03-01,ROTAVIRUS,1
38,Dr. JC Benitez Suarez,2020-03-01,PENTAVALENTE,5
38,Dr. JC Benitez Suarez,2020-03-01,NEUMOCOCICA CONJUGADA,3
38,Dr. JC Benitez Suarez,2020-03-01,SABIN ORAL,7
38,Dr. JC Benitez Suarez,2020-03-01,TRIPLE VIRAL,4
38,Dr. JC Benitez Suarez,2020-03-01,HEPATITIS A,2
38,Dr. JC Benitez Suarez,2020-03-01,VARICELA,1
38,Dr. JC Benitez Suarez,2020-03-01,MENINGOCOC.,6
38,Dr. JC Benitez Suarez,2020-03-01,FIEBRE AMARILLA,20
38,Dr. JC Benitez Suarez,2020-03-01,DPT,3
38,Dr. JC Benitez Suarez,2020-03-01,DPT (a),2
38,Dr. JC Benitez Suarez,2020-03-01,DOBLE BACTERIANA,5
38,Dr. JC Benitez Suarez,2020-03-01,HPV,3
38,Dr. JC Benitez Suarez,2020-03-01,NEUMOCOCICA NO CONJUGADA,6
36,Esperanza,2020-03-01,HEPATITIS B,1
36,Esperanza,2020-03-01,SALK,7
36,Esperanza,2020-03-01,ROTAVIRUS,7
36,Esperanza,2020-03-01,PENTAVALENTE,20
36,Esperanza,2020-03-01,NEUMOCOCICA CONJUGADA,14
36,Esperanza,2020-03-01,SABIN ORAL,16
36,Esperanza,2020-03-01,TRIPLE VIRAL,12
36,Esperanza,2020-03-01,HEPATITIS A,6
36,Esperanza,2020-03-01,VARICELA,7
36,Esperanza,2020-03-01,MENINGOCOC.,10
36,Esperanza,2020-03-01,FIEBRE AMARILLA,20
36,Esperanza,2020-03-01,DPT,5
36,Esperanza,2020-03-01,DPT (a),5
36,Esperanza,2020-03-01,DOBLE VIRAL,16
36,Esperanza,2020-03-01,HPV,10
76,Dr. Romilio Monzón,2020-03-01,MENACTRA,6
76,Dr. Romilio Monzón,2020-03-01,HEPATITIS B,12
76,Dr. Romilio Monzón,2020-03-01,SALK,7
76,Dr. Romilio Monzón,2020-03-01,ROTAVIRUS,6
76,Dr. Romilio Monzón,2020-03-01,PENTAVALENTE,13
76,Dr. Romilio Monzón,2020-03-01,NEUMOCOCICA CONJUGADA,13
76,Dr. Romilio Monzón,2020-03-01,SABIN ORAL,19
76,Dr. Romilio Monzón,2020-03-01,TRIPLE VIRAL,16
76,Dr. Romilio Monzón,2020-03-01,ANTI GRIPAL,5
76,Dr. Romilio Monzón,2020-03-01,HEPATITIS A,4
76,Dr. Romilio Monzón,2020-03-01,VARICELA,3
76,Dr. Romilio Monzón,2020-03-01,MENINGOCOC.,10
76,Dr. Romilio Monzón,2020-03-01,FIEBRE AMARILLA,43
76,Dr. Romilio Monzón,2020-03-01,DPT,13
76,Dr. Romilio Monzón,2020-03-01,DPT (a),6
76,Dr. Romilio Monzón,2020-03-01,DOBLE BACTERIANA,13
76,Dr. Romilio Monzón,2020-03-01,DOBLE VIRAL,38
76,Dr. Romilio Monzón,2020-03-01,HPV,8
49,Dr. Benjamin Serrano,2020-03-01,HEPATITIS B,3
49,Dr. Benjamin Serrano,2020-03-01,SALK,5
49,Dr. Benjamin Serrano,2020-03-01,ROTAVIRUS,6
49,Dr. Benjamin Serrano,2020-03-01,PENTAVALENTE,11
49,Dr. Benjamin Serrano,2020-03-01,NEUMOCOCICA CONJUGADA,6
49,Dr. Benjamin Serrano,2020-03-01,SABIN ORAL,10
49,Dr. Benjamin Serrano,2020-03-01,TRIPLE VIRAL,5
49,Dr. Benjamin Serrano,2020-03-01,ANTI GRIPAL,9
49,Dr. Benjamin Serrano,2020-03-01,MENINGOCOC.,14
49,Dr. Benjamin Serrano,2020-03-01,FIEBRE AMARILLA,8
49,Dr. Benjamin Serrano,2020-03-01,DPT,10
49,Dr. Benjamin Serrano,2020-03-01,DPT (a),8
49,Dr. Benjamin Serrano,2020-03-01,DOBLE BACTERIANA,5
49,Dr. Benjamin Serrano,2020-03-01,HPV,9
49,Dr. Benjamin Serrano,2020-03-01,NEUMOCOCICA NO CONJUGADA,9
49,Dr. Benjamin Serrano,2020-03-01,MENACTRA,10
42,Dr. Santiago Lorenzo,2020-03-01,HEPATITIS B,9
42,Dr. Santiago Lorenzo,2020-03-01,SALK,7
42,Dr. Santiago Lorenzo,2020-03-01,ROTAVIRUS,6
42,Dr. Santiago Lorenzo,2020-03-01,PENTAVALENTE,21
42,Dr. Santiago Lorenzo,2020-03-01,NEUMOCOCICA CONJUGADA,15
42,Dr. Santiago Lorenzo,2020-03-01,SABIN ORAL,14
42,Dr. Santiago Lorenzo,2020-03-01,TRIPLE VIRAL,16
42,Dr. Santiago Lorenzo,2020-03-01,ANTI GRIPAL,8
42,Dr. Santiago Lorenzo,2020-03-01,HEPATITIS A,11
42,Dr. Santiago Lorenzo,2020-03-01,VARICELA,5
42,Dr. Santiago Lorenzo,2020-03-01,MENINGOCOC.,25
42,Dr. Santiago Lorenzo,2020-03-01,FIEBRE AMARILLA,19
42,Dr. Santiago Lorenzo,2020-03-01,DPT,2
42,Dr. Santiago Lorenzo,2020-03-01,DPT (a),10
42,Dr. Santiago Lorenzo,2020-03-01,DOBLE BACTERIANA,16
42,Dr. Santiago Lorenzo,2020-03-01,DOBLE VIRAL,6
42,Dr. Santiago Lorenzo,2020-03-01,HPV,10
42,Dr. Santiago Lorenzo,2020-03-01,NEUMOCOCICA NO CONJUGADA,5
32,Dr. Manuel Cassuso,2020-03-01,HEPATITIS B,6
32,Dr. Manuel Cassuso,2020-03-01,SALK,10
32,Dr. Manuel Cassuso,2020-03-01,ROTAVIRUS,8
32,Dr. Manuel Cassuso,2020-03-01,PENTAVALENTE,11
32,Dr. Manuel Cassuso,2020-03-01,NEUMOCOCICA CONJUGADA,10
32,Dr. Manuel Cassuso,2020-03-01,SABIN ORAL,15
32,Dr. Manuel Cassuso,2020-03-01,TRIPLE VIRAL,37
32,Dr. Manuel Cassuso,2020-03-01,ANTI GRIPAL,7
32,Dr. Manuel Cassuso,2020-03-01,HEPATITIS A,6
32,Dr. Manuel Cassuso,2020-03-01,VARICELA,5
32,Dr. Manuel Cassuso,2020-03-01,FIEBRE AMARILLA,10
32,Dr. Manuel Cassuso,2020-03-01,DPT,7
32,Dr. Manuel Cassuso,2020-03-01,DPT (a),13
32,Dr. Manuel Cassuso,2020-03-01,DOBLE BACTERIANA,13
32,Dr. Manuel Cassuso,2020-03-01,HPV,12
32,Dr. Manuel Cassuso,2020-03-01,NEUMOCOCICA NO CONJUGADA,3
51,Dr. Juan Chercoff,2020-03-01,PENTAVALENTE,3
51,Dr. Juan Chercoff,2020-03-01,SABIN ORAL,4
51,Dr. Juan Chercoff,2020-03-01,ANTI GRIPAL,2
51,Dr. Juan Chercoff,2020-03-01,HEPATITIS A,1
51,Dr. Juan Chercoff,2020-03-01,MENINGOCOC.,7
51,Dr. Juan Chercoff,2020-03-01,DPT,1
51,Dr. Juan Chercoff,2020-03-01,DPT (a),2
51,Dr. Juan Chercoff,2020-03-01,DOBLE BACTERIANA,3
51,Dr. Juan Chercoff,2020-03-01,HPV,3
71,Villa Chiquita,2020-03-01,HEPATITIS B,2
71,Villa Chiquita,2020-03-01,SALK,2
71,Villa Chiquita,2020-03-01,ROTAVIRUS,2
71,Villa Chiquita,2020-03-01,PENTAVALENTE,3
71,Villa Chiquita,2020-03-01,NEUMOCOCICA CONJUGADA,2
71,Villa Chiquita,2020-03-01,SABIN ORAL,3
71,Villa Chiquita,2020-03-01,TRIPLE VIRAL,2
71,Villa Chiquita,2020-03-01,ANTI GRIPAL,10
71,Villa Chiquita,2020-03-01,HEPATITIS A,2
71,Villa Chiquita,2020-03-01,VARICELA,1
71,Villa Chiquita,2020-03-01,MENINGOCOC.,2
71,Villa Chiquita,2020-03-01,FIEBRE AMARILLA,10
71,Villa Chiquita,2020-03-01,DPT,2
71,Villa Chiquita,2020-03-01,DPT (a),3
71,Villa Chiquita,2020-03-01,HPV,2
46,Rio Parana,2020-03-01,HEPATITIS B,5
46,Rio Parana,2020-03-01,SALK,4
46,Rio Parana,2020-03-01,ROTAVIRUS,3
46,Rio Parana,2020-03-01,PENTAVALENTE,13
46,Rio Parana,2020-03-01,NEUMOCOCICA CONJUGADA,7
46,Rio Parana,2020-03-01,SABIN ORAL,14
46,Rio Parana,2020-03-01,TRIPLE VIRAL,7
46,Rio Parana,2020-03-01,ANTI GRIPAL,21
46,Rio Parana,2020-03-01,HEPATITIS A,1
46,Rio Parana,2020-03-01,VARICELA,1
46,Rio Parana,2020-03-01,MENINGOCOC.,13
46,Rio Parana,2020-03-01,FIEBRE AMARILLA,20
46,Rio Parana,2020-03-01,DPT,4
46,Rio Parana,2020-03-01,DOBLE BACTERIANA,7
46,Rio Parana,2020-03-01,HPV,11
46,Rio Parana,2020-03-01,HEPATITIS B,13
75,Dr. Mauricio Open,2020-03-01,SALK,5
75,Dr. Mauricio Open,2020-03-01,ROTAVIRUS,4
75,Dr. Mauricio Open,2020-03-01,PENTAVALENTE,10
75,Dr. Mauricio Open,2020-03-01,NEUMOCOCICA CONJUGADA,8
75,Dr. Mauricio Open,2020-03-01,SABIN ORAL,7
75,Dr. Mauricio Open,2020-03-01,TRIPLE VIRAL,5
75,Dr. Mauricio Open,2020-03-01,ANTI GRIPAL,1
75,Dr. Mauricio Open,2020-03-01,HEPATITIS A,2
75,Dr. Mauricio Open,2020-03-01,MENINGOCOC.,5
75,Dr. Mauricio Open,2020-03-01,DPT,2
75,Dr. Mauricio Open,2020-03-01,DPT (a),2
75,Dr. Mauricio Open,2020-03-01,DOBLE BACTERIANA,15
75,Dr. Mauricio Open,2020-03-01,HPV,3
41,Dr. Manuel Gonzalez,2020-03-01,SALK,1
41,Dr. Manuel Gonzalez,2020-03-01,ROTAVIRUS,3
41,Dr. Manuel Gonzalez,2020-03-01,PENTAVALENTE,5
41,Dr. Manuel Gonzalez,2020-03-01,NEUMOCOCICA CONJUGADA,4
41,Dr. Manuel Gonzalez,2020-03-01,SABIN ORAL,8
41,Dr. Manuel Gonzalez,2020-03-01,TRIPLE VIRAL,5
41,Dr. Manuel Gonzalez,2020-03-01,ANTI GRIPAL,4
41,Dr. Manuel Gonzalez,2020-03-01,HEPATITIS A,5
41,Dr. Manuel Gonzalez,2020-03-01,VARICELA,2
41,Dr. Manuel Gonzalez,2020-03-01,MENINGOCOC.,3
41,Dr. Manuel Gonzalez,2020-03-01,DPT,1
41,Dr. Manuel Gonzalez,2020-03-01,DPT (a),2
41,Dr. Manuel Gonzalez,2020-03-01,DOBLE VIRAL,10
41,Dr. Manuel Gonzalez,2020-03-01,HPV,2
79,Quinta Ferre,2020-03-01,HEPATITIS B,6
79,Quinta Ferre,2020-03-01,SALK,5
79,Quinta Ferre,2020-03-01,ROTAVIRUS,4
79,Quinta Ferre,2020-03-01,PENTAVALENTE,9
79,Quinta Ferre,2020-03-01,NEUMOCOCICA CONJUGADA,9
79,Quinta Ferre,2020-03-01,SABIN ORAL,9
79,Quinta Ferre,2020-03-01,TRIPLE VIRAL,12
79,Quinta Ferre,2020-03-01,ANTI GRIPAL,10
79,Quinta Ferre,2020-03-01,HEPATITIS A,2
79,Quinta Ferre,2020-03-01,VARICELA,1
79,Quinta Ferre,2020-03-01,MENINGOCOC.,6
79,Quinta Ferre,2020-03-01,DPT,3
79,Quinta Ferre,2020-03-01,DPT (a),9
79,Quinta Ferre,2020-03-01,DOBLE BACTERIANA,3
79,Quinta Ferre,2020-03-01,DOBLE VIRAL,5
79,Quinta Ferre,2020-03-01,HPV,7
79,Quinta Ferre,2020-03-01,NEUMOCOCICA NO CONJUGADA,2
82,Dr. Miguel Rossi Candia,2020-03-01,HEPATITIS B,28
82,Dr. Miguel Rossi Candia,2020-03-01,SALK,12
82,Dr. Miguel Rossi Candia,2020-03-01,ROTAVIRUS,12
82,Dr. Miguel Rossi Candia,2020-03-01,PENTAVALENTE,31
82,Dr. Miguel Rossi Candia,2020-03-01,NEUMOCOCICA CONJUGADA,22
82,Dr. Miguel Rossi Candia,2020-03-01,SABIN ORAL,31
82,Dr. Miguel Rossi Candia,2020-03-01,TRIPLE VIRAL,25
82,Dr. Miguel Rossi Candia,2020-03-01,ANTI GRIPAL,9
82,Dr. Miguel Rossi Candia,2020-03-01,HEPATITIS A,8
82,Dr. Miguel Rossi Candia,2020-03-01,VARICELA,6
82,Dr. Miguel Rossi Candia,2020-03-01,MENINGOCOC.,32
82,Dr. Miguel Rossi Candia,2020-03-01,FIEBRE AMARILLA,14
82,Dr. Miguel Rossi Candia,2020-03-01,DPT,12
82,Dr. Miguel Rossi Candia,2020-03-01,DPT (a),23
82,Dr. Miguel Rossi Candia,2020-03-01,DOBLE BACTERIANA,15
82,Dr. Miguel Rossi Candia,2020-03-01,DOBLE VIRAL,10
82,Dr. Miguel Rossi Candia,2020-03-01,HPV,24
82,Dr. Miguel Rossi Candia,2020-03-01,NEUMOCOCICA NO CONJUGADA,13
31,Dr. Elias Galvan,2020-04-01,NEUMOCOCICA CONJUGADA,8
31,Dr. Elias Galvan,2020-04-01,ANTI GRIPAL,95
31,Dr. Elias Galvan,2020-04-01,NEUMOCOCICA NO CONJUGADA,11
46,Rio Parana,2020-04-01,HEPATITIS B,9
46,Rio Parana,2020-04-01,SALK,10
46,Rio Parana,2020-04-01,ROTAVIRUS,9
46,Rio Parana,2020-04-01,PENTAVALENTE,19
46,Rio Parana,2020-04-01,NEUMOCOCICA CONJUGADA,1
46,Rio Parana,2020-04-01,SABIN ORAL,10
46,Rio Parana,2020-04-01,TRIPLE VIRAL,6
46,Rio Parana,2020-04-01,ANTI GRIPAL,181
46,Rio Parana,2020-04-01,HEPATITIS A,5
46,Rio Parana,2020-04-01,VARICELA,1
46,Rio Parana,2020-04-01,MENINGOCOC.,5
46,Rio Parana,2020-04-01,DPT,2
46,Rio Parana,2020-04-01,DPT (a),7
46,Rio Parana,2020-04-01,DOBLE BACTERIANA,10
46,Rio Parana,2020-04-01,HPV,8
46,Rio Parana,2020-04-01,NEUMOCOCICA NO CONJUGADA,3
10004,Centro de distribucion de Vacunas,2020-03-01,SALK,4
10004,Centro de distribucion de Vacunas,2020-03-01,SABIN ORAL,13
10004,Centro de distribucion de Vacunas,2020-03-01,PENTAVALENTE,7
10004,Centro de distribucion de Vacunas,2020-03-01,ROTAVIRUS,3
10004,Centro de distribucion de Vacunas,2020-03-01,DPT,6
10004,Centro de distribucion de Vacunas,2020-03-01,DOBLE BACTERIANA,35
10004,Centro de distribucion de Vacunas,2020-03-01,TRIPLE VIRAL,19
10004,Centro de distribucion de Vacunas,2020-03-01,HEPATITIS A,7
10004,Centro de distribucion de Vacunas,2020-03-01,HEPATITIS B,54
10004,Centro de distribucion de Vacunas,2020-03-01,DPT (a),12
10004,Centro de distribucion de Vacunas,2020-03-01,FIEBRE AMARILLA,10
10004,Centro de distribucion de Vacunas,2020-03-01,DOBLE VIRAL,22
10004,Centro de distribucion de Vacunas,2020-03-01,NEUMO13,43
10004,Centro de distribucion de Vacunas,2020-03-01,NEUMO 23,4
10004,Centro de distribucion de Vacunas,2020-03-01,HPV,6
10004,Centro de distribucion de Vacunas,2020-03-01,MENVEO,12
10004,Centro de distribucion de Vacunas,2020-03-01,MENACTRA,4
10004,Centro de distribucion de Vacunas,2020-03-01,VARICELA,1
47,Dr. Guillermo Rawson,2020-02-01,HEPATITIS B,14
47,Dr. Guillermo Rawson,2020-02-01,SALK,4
47,Dr. Guillermo Rawson,2020-02-01,ROTAVIRUS,3
47,Dr. Guillermo Rawson,2020-02-01,PENTAVALENTE,14
47,Dr. Guillermo Rawson,2020-02-01,NEUMOCOCICA CONJUGADA,14
47,Dr. Guillermo Rawson,2020-02-01,SABIN ORAL,19
47,Dr. Guillermo Rawson,2020-02-01,TRIPLE VIRAL,20
47,Dr. Guillermo Rawson,2020-02-01,ANTI GRIPAL,3
47,Dr. Guillermo Rawson,2020-02-01,HEPATITIS A,9
47,Dr. Guillermo Rawson,2020-02-01,VARICELA,6
47,Dr. Guillermo Rawson,2020-02-01,FIEBRE AMARILLA,16
47,Dr. Guillermo Rawson,2020-02-01,DPT,29
47,Dr. Guillermo Rawson,2020-02-01,DPT (a),14
47,Dr. Guillermo Rawson,2020-02-01,DOBLE BACTERIANA,10
47,Dr. Guillermo Rawson,2020-02-01,DOBLE VIRAL,6
47,Dr. Guillermo Rawson,2020-02-01,HPV,9
82,Dr. Miguel Rossi Candia,2020-04-01,HEPATITIS B,16
82,Dr. Miguel Rossi Candia,2020-04-01,SALK,9
82,Dr. Miguel Rossi Candia,2020-04-01,ROTAVIRUS,10
82,Dr. Miguel Rossi Candia,2020-04-01,PENTAVALENTE,19
82,Dr. Miguel Rossi Candia,2020-04-01,NEUMOCOCICA CONJUGADA,18
82,Dr. Miguel Rossi Candia,2020-04-01,SABIN ORAL,11
82,Dr. Miguel Rossi Candia,2020-04-01,TRIPLE VIRAL,8
82,Dr. Miguel Rossi Candia,2020-04-01,ANTI GRIPAL,19
82,Dr. Miguel Rossi Candia,2020-04-01,HEPATITIS A,5
82,Dr. Miguel Rossi Candia,2020-04-01,VARICELA,4
82,Dr. Miguel Rossi Candia,2020-04-01,MENINGOCOC.,11
82,Dr. Miguel Rossi Candia,2020-04-01,FIEBRE AMARILLA,2
82,Dr. Miguel Rossi Candia,2020-04-01,DPT,2
82,Dr. Miguel Rossi Candia,2020-04-01,DPT (a),5
82,Dr. Miguel Rossi Candia,2020-04-01,DTA,13
82,Dr. Miguel Rossi Candia,2020-04-01,HPV,3
82,Dr. Miguel Rossi Candia,2020-04-01,NEUMOCOCICA NO CONJUGADA,15
82,Dr. Miguel Rossi Candia,2020-04-01,GRIPE A,196
82,Dr. Miguel Rossi Candia,2020-04-01,OTRAS,4
73,San Marcos,2020-04-01,SALK,6
73,San Marcos,2020-04-01,ROTAVIRUS,5
73,San Marcos,2020-04-01,PENTAVALENTE,11
73,San Marcos,2020-04-01,SABIN ORAL,5
73,San Marcos,2020-04-01,TRIPLE VIRAL,3
73,San Marcos,2020-04-01,ANTI GRIPAL,93
73,San Marcos,2020-04-01,HEPATITIS A,3
73,San Marcos,2020-04-01,VARICELA,1
73,San Marcos,2020-04-01,MENINGOCOC.,5
73,San Marcos,2020-04-01,DPT (a),2
73,San Marcos,2020-04-01,HPV,2
127,Santa Catalina,2020-04-01,HEPATITIS B,1
127,Santa Catalina,2020-04-01,SALK,4
127,Santa Catalina,2020-04-01,ROTAVIRUS,4
127,Santa Catalina,2020-04-01,PENTAVALENTE,8
127,Santa Catalina,2020-04-01,NEUMOCOCICA CONJUGADA,15
127,Santa Catalina,2020-04-01,SABIN ORAL,7
127,Santa Catalina,2020-04-01,TRIPLE VIRAL,2
127,Santa Catalina,2020-04-01,ANTI GRIPAL,165
127,Santa Catalina,2020-04-01,HEPATITIS A,1
127,Santa Catalina,2020-04-01,MENINGOCOC.,13
127,Santa Catalina,2020-04-01,DPT (a),5
127,Santa Catalina,2020-04-01,DOBLE BACTERIANA,2
127,Santa Catalina,2020-04-01,HPV,3
127,Santa Catalina,2020-04-01,NEUMO 23,4
89,Santa Marta,2020-04-01,HEPATITIS B,2
89,Santa Marta,2020-04-01,PENTAVALENTE,2
89,Santa Marta,2020-04-01,NEUMOCOCICA CONJUGADA,4
89,Santa Marta,2020-04-01,SABIN ORAL,3
89,Santa Marta,2020-04-01,TRIPLE VIRAL,1
89,Santa Marta,2020-04-01,ANTI GRIPAL,96
89,Santa Marta,2020-04-01,VARICELA,1
89,Santa Marta,2020-04-01,NEUMOCOCICA NO CONJUGADA,6
85,Santa Margarita,2020-04-01,SALK,7
85,Santa Margarita,2020-04-01,ROTAVIRUS,6
85,Santa Margarita,2020-04-01,PENTAVALENTE,13
85,Santa Margarita,2020-04-01,NEUMOCOCICA CONJUGADA,8
85,Santa Margarita,2020-04-01,SABIN ORAL,8
85,Santa Margarita,2020-04-01,TRIPLE VIRAL,4
85,Santa Margarita,2020-04-01,ANTI GRIPAL,176
85,Santa Margarita,2020-04-01,HEPATITIS A,2
85,Santa Margarita,2020-04-01,VARICELA,2
85,Santa Margarita,2020-04-01,MENINGOCOC.,6
85,Santa Margarita,2020-04-01,DPT,4
85,Santa Margarita,2020-04-01,DPT (a),4
85,Santa Margarita,2020-04-01,DOBLE BACTERIANA,3
85,Santa Margarita,2020-04-01,HPV,3
85,Santa Margarita,2020-04-01,NEUMOCOCICA NO CONJUGADA,12
85,Santa Margarita,2020-04-01,MENACTRA,1
42,Dr. Santiago Lorenzo,2020-04-01,HEPATITIS B,3
42,Dr. Santiago Lorenzo,2020-04-01,SALK,15
42,Dr. Santiago Lorenzo,2020-04-01,ROTAVIRUS,16
42,Dr. Santiago Lorenzo,2020-04-01,PENTAVALENTE,32
42,Dr. Santiago Lorenzo,2020-04-01,NEUMOCOCICA CONJUGADA,24
42,Dr. Santiago Lorenzo,2020-04-01,SABIN ORAL,15
42,Dr. Santiago Lorenzo,2020-04-01,TRIPLE VIRAL,5
42,Dr. Santiago Lorenzo,2020-04-01,ANTI GRIPAL,244
42,Dr. Santiago Lorenzo,2020-04-01,HEPATITIS A,5
42,Dr. Santiago Lorenzo,2020-04-01,VARICELA,7
42,Dr. Santiago Lorenzo,2020-04-01,MENINGOCOC.,25
42,Dr. Santiago Lorenzo,2020-04-01,DPT,1
42,Dr. Santiago Lorenzo,2020-04-01,DPT (a),6
42,Dr. Santiago Lorenzo,2020-04-01,DOBLE BACTERIANA,6
42,Dr. Santiago Lorenzo,2020-04-01,HPV,9
42,Dr. Santiago Lorenzo,2020-04-01,NEUMOCOCICA NO CONJUGADA,5
37,Dr. Sussini,2020-04-01,HEPATITIS B,4
37,Dr. Sussini,2020-04-01,SALK,12
37,Dr. Sussini,2020-04-01,ROTAVIRUS,13
37,Dr. Sussini,2020-04-01,PENTAVALENTE,29
37,Dr. Sussini,2020-04-01,NEUMOCOCICA CONJUGADA,67
37,Dr. Sussini,2020-04-01,SABIN ORAL,15
37,Dr. Sussini,2020-04-01,TRIPLE VIRAL,11
37,Dr. Sussini,2020-04-01,ANTI GRIPAL,294
37,Dr. Sussini,2020-04-01,HEPATITIS A,13
37,Dr. Sussini,2020-04-01,VARICELA,3
37,Dr. Sussini,2020-04-01,MENINGOCOC.,24
37,Dr. Sussini,2020-04-01,DPT (a),9
37,Dr. Sussini,2020-04-01,DOBLE BACTERIANA,12
37,Dr. Sussini,2020-04-01,DOBLE VIRAL,4
37,Dr. Sussini,2020-04-01,HPV,8
37,Dr. Sussini,2020-04-01,NEUMOCOCICA NO CONJUGADA,24
71,Villa Chiquita,2020-04-01,SALK,2
71,Villa Chiquita,2020-04-01,ROTAVIRUS,2
71,Villa Chiquita,2020-04-01,PENTAVALENTE,2
71,Villa Chiquita,2020-04-01,NEUMOCOCICA CONJUGADA,5
71,Villa Chiquita,2020-04-01,SABIN ORAL,2
71,Villa Chiquita,2020-04-01,TRIPLE VIRAL,2
71,Villa Chiquita,2020-04-01,ANTI GRIPAL,70
71,Villa Chiquita,2020-04-01,HEPATITIS A,2
71,Villa Chiquita,2020-04-01,VARICELA,1
71,Villa Chiquita,2020-04-01,MENINGOCOC.,5
71,Villa Chiquita,2020-04-01,DPT,1
71,Villa Chiquita,2020-04-01,DPT (a),2
71,Villa Chiquita,2020-04-01,HPV,1
70,Villa Garcia,2020-04-01,HEPATITIS B,2
70,Villa Garcia,2020-04-01,SALK,5
70,Villa Garcia,2020-04-01,ROTAVIRUS,5
70,Villa Garcia,2020-04-01,PENTAVALENTE,6
70,Villa Garcia,2020-04-01,NEUMOCOCICA CONJUGADA,33
70,Villa Garcia,2020-04-01,SABIN ORAL,1
70,Villa Garcia,2020-04-01,TRIPLE VIRAL,1
70,Villa Garcia,2020-04-01,ANTI GRIPAL,188
70,Villa Garcia,2020-04-01,HEPATITIS A,1
70,Villa Garcia,2020-04-01,MENINGOCOC.,6
70,Villa Garcia,2020-04-01,DPT,1
70,Villa Garcia,2020-04-01,DPT (a),2
70,Villa Garcia,2020-04-01,DOBLE BACTERIANA,4
70,Villa Garcia,2020-04-01,HPV,1
70,Villa Garcia,2020-04-01,MENACTRA,1
51,Dr. Juan Chercoff,2020-04-01,HEPATITIS B,1
51,Dr. Juan Chercoff,2020-04-01,SALK,1
51,Dr. Juan Chercoff,2020-04-01,ROTAVIRUS,2
51,Dr. Juan Chercoff,2020-04-01,PENTAVALENTE,3
51,Dr. Juan Chercoff,2020-04-01,NEUMOCOCICA CONJUGADA,4
51,Dr. Juan Chercoff,2020-04-01,SABIN ORAL,3
51,Dr. Juan Chercoff,2020-04-01,TRIPLE VIRAL,2
51,Dr. Juan Chercoff,2020-04-01,ANTI GRIPAL,64
51,Dr. Juan Chercoff,2020-04-01,HEPATITIS A,1
51,Dr. Juan Chercoff,2020-04-01,MENINGOCOC.,5
51,Dr. Juan Chercoff,2020-04-01,DPT,1
51,Dr. Juan Chercoff,2020-04-01,DPT (a),1
51,Dr. Juan Chercoff,2020-04-01,DOBLE BACTERIANA,2
51,Dr. Juan Chercoff,2020-04-01,HPV,1
10004,Centro de distribucion de Vacunas,2020-04-01,SALK,5
10004,Centro de distribucion de Vacunas,2020-04-01,SABIN ORAL,7
10004,Centro de distribucion de Vacunas,2020-04-01,PENTAVALENTE,10
10004,Centro de distribucion de Vacunas,2020-04-01,ROTAVIRUS,5
10004,Centro de distribucion de Vacunas,2020-04-01,DPT,1
10004,Centro de distribucion de Vacunas,2020-04-01,DOBLE ADULTO,13
10004,Centro de distribucion de Vacunas,2020-04-01,TRIPLE VIRAL,4
10004,Centro de distribucion de Vacunas,2020-04-01,HEPATITIS A,3
10004,Centro de distribucion de Vacunas,2020-04-01,HEPATITIS B,9
10004,Centro de distribucion de Vacunas,2020-04-01,DPT (a),6
10004,Centro de distribucion de Vacunas,2020-04-01,FIEBRE AMARILLA,1
10004,Centro de distribucion de Vacunas,2020-04-01,NEUMO13,97
10004,Centro de distribucion de Vacunas,2020-04-01,NEUMO23,28
10004,Centro de distribucion de Vacunas,2020-04-01,HPV,1
10004,Centro de distribucion de Vacunas,2020-04-01,ANTIGRIPAL ADULTO,349
10004,Centro de distribucion de Vacunas,2020-04-01,ANTIGRIPAL PEDIATRICO,19
10004,Centro de distribucion de Vacunas,2020-04-01,MENVEO,16
10004,Centro de distribucion de Vacunas,2020-04-01,MENACTRA,2
10004,Centro de distribucion de Vacunas,2020-04-01,VARICELA,2
10002,Dr. Semper,2020-04-01,BCG,7
10002,Dr. Semper,2020-04-01,HEPATITIS B,1
10002,Dr. Semper,2020-04-01,SALK,2
10002,Dr. Semper,2020-04-01,ROTAVIRUS,2
10002,Dr. Semper,2020-04-01,PENTAVALENTE,4
10002,Dr. Semper,2020-04-01,NEUMOCOCICA CONJUGADA,4
10002,Dr. Semper,2020-04-01,SABIN ORAL,2
10002,Dr. Semper,2020-04-01,TRIPLE VIRAL,8
10002,Dr. Semper,2020-04-01,ANTI GRIPAL,130
10002,Dr. Semper,2020-04-01,HEPATITIS A,2
10002,Dr. Semper,2020-04-01,VARICELA,1
10002,Dr. Semper,2020-04-01,MENINGOCOC.,2
10002,Dr. Semper,2020-04-01,DPT,1
10002,Dr. Semper,2020-04-01,DPT (a),2
10002,Dr. Semper,2020-04-01,HPV,1
10002,Dr. Semper,2020-04-01,NEUMOCOCICA NO CONJUGADA,3
48,Dr. Jose de los Reyes Vidal,2020-04-01,HEPATITIS B,3
48,Dr. Jose de los Reyes Vidal,2020-04-01,SALK,3
48,Dr. Jose de los Reyes Vidal,2020-04-01,ROTAVIRUS,3
48,Dr. Jose de los Reyes Vidal,2020-04-01,PENTAVALENTE,8
48,Dr. Jose de los Reyes Vidal,2020-04-01,NEUMOCOCICA CONJUGADA,4
48,Dr. Jose de los Reyes Vidal,2020-04-01,SABIN ORAL,6
48,Dr. Jose de los Reyes Vidal,2020-04-01,TRIPLE VIRAL,3
48,Dr. Jose de los Reyes Vidal,2020-04-01,ANTI GRIPAL,118
48,Dr. Jose de los Reyes Vidal,2020-04-01,HEPATITIS A,2
48,Dr. Jose de los Reyes Vidal,2020-04-01,VARICELA,2
48,Dr. Jose de los Reyes Vidal,2020-04-01,MENINGOCOC.,9
48,Dr. Jose de los Reyes Vidal,2020-04-01,DPT,2
48,Dr. Jose de los Reyes Vidal,2020-04-01,DPT (a),4
48,Dr. Jose de los Reyes Vidal,2020-04-01,HPV,1
48,Dr. Jose de los Reyes Vidal,2020-04-01,NEUMOCOCICA NO CONJUGADA,14
47,Dr. Guillermo Rawson,2020-05-01,HEPATITIS B,34
47,Dr. Guillermo Rawson,2020-05-01,SALK,7
47,Dr. Guillermo Rawson,2020-05-01,ROTAVIRUS,5
47,Dr. Guillermo Rawson,2020-05-01,PENTAVALENTE,20
47,Dr. Guillermo Rawson,2020-05-01,NEUMOCOCICA CONJUGADA,23
47,Dr. Guillermo Rawson,2020-05-01,SABIN ORAL,17
47,Dr. Guillermo Rawson,2020-05-01,TRIPLE VIRAL,11
47,Dr. Guillermo Rawson,2020-05-01,ANTI GRIPAL,178
47,Dr. Guillermo Rawson,2020-05-01,HEPATITIS A,6
47,Dr. Guillermo Rawson,2020-05-01,VARICELA,3
47,Dr. Guillermo Rawson,2020-05-01,MENINGOCOC.,15
47,Dr. Guillermo Rawson,2020-05-01,DPT,5
47,Dr. Guillermo Rawson,2020-05-01,DPT (a),5
47,Dr. Guillermo Rawson,2020-05-01,DOBLE BACTERIANA,33
47,Dr. Guillermo Rawson,2020-05-01,HPV,4
91,Dr. Pedro Blugerman,2020-05-01,HEPATITIS B,11
91,Dr. Pedro Blugerman,2020-05-01,SALK,9
91,Dr. Pedro Blugerman,2020-05-01,ROTAVIRUS,25
91,Dr. Pedro Blugerman,2020-05-01,PENTAVALENTE,8
91,Dr. Pedro Blugerman,2020-05-01,NEUMOCOCICA CONJUGADA,21
91,Dr. Pedro Blugerman,2020-05-01,SABIN ORAL,11
91,Dr. Pedro Blugerman,2020-05-01,TRIPLE VIRAL,5
91,Dr. Pedro Blugerman,2020-05-01,ANTI GRIPAL,325
91,Dr. Pedro Blugerman,2020-05-01,HEPATITIS A,9
91,Dr. Pedro Blugerman,2020-05-01,VARICELA,5
91,Dr. Pedro Blugerman,2020-05-01,MENINGOCOC.,8
91,Dr. Pedro Blugerman,2020-05-01,DPT,6
91,Dr. Pedro Blugerman,2020-05-01,DPT (a),5
91,Dr. Pedro Blugerman,2020-05-01,DOBLE VIRAL,3
91,Dr. Pedro Blugerman,2020-05-01,HPV,6
91,Dr. Pedro Blugerman,2020-05-01,NEUMOCOCICA NO CONJUGADA,12
45,Dr. Saul Calmanash,2020-05-01,SALK,1
45,Dr. Saul Calmanash,2020-05-01,ROTAVIRUS,1
45,Dr. Saul Calmanash,2020-05-01,PENTAVALENTE,1
45,Dr. Saul Calmanash,2020-05-01,NEUMOCOCICA CONJUGADA,1
45,Dr. Saul Calmanash,2020-05-01,ANTI GRIPAL,104
34,Dr. Marcelino Vera,2020-05-01,SALK,3
34,Dr. Marcelino Vera,2020-05-01,ROTAVIRUS,3
34,Dr. Marcelino Vera,2020-05-01,PENTAVALENTE,8
34,Dr. Marcelino Vera,2020-05-01,NEUMOCOCICA CONJUGADA,8
34,Dr. Marcelino Vera,2020-05-01,SABIN ORAL,5
34,Dr. Marcelino Vera,2020-05-01,ANTI GRIPAL,113
34,Dr. Marcelino Vera,2020-05-01,VARICELA,1
34,Dr. Marcelino Vera,2020-05-01,MENINGOCOC.,8
34,Dr. Marcelino Vera,2020-05-01,DPT,1
34,Dr. Marcelino Vera,2020-05-01,DPT (a),3
34,Dr. Marcelino Vera,2020-05-01,HPV,2
32,Dr. Manuel Cassuso,2020-05-01,HEPATITIS B,6
32,Dr. Manuel Cassuso,2020-05-01,SALK,17
32,Dr. Manuel Cassuso,2020-05-01,ROTAVIRUS,20
32,Dr. Manuel Cassuso,2020-05-01,PENTAVALENTE,23
32,Dr. Manuel Cassuso,2020-05-01,NEUMOCOCICA CONJUGADA,23
32,Dr. Manuel Cassuso,2020-05-01,SABIN ORAL,17
32,Dr. Manuel Cassuso,2020-05-01,TRIPLE VIRAL,10
32,Dr. Manuel Cassuso,2020-05-01,ANTI GRIPAL,54
32,Dr. Manuel Cassuso,2020-05-01,HEPATITIS A,7
32,Dr. Manuel Cassuso,2020-05-01,VARICELA,5
32,Dr. Manuel Cassuso,2020-05-01,MENINGOCOC.,13
32,Dr. Manuel Cassuso,2020-05-01,DPT,4
32,Dr. Manuel Cassuso,2020-05-01,DPT (a),6
32,Dr. Manuel Cassuso,2020-05-01,DOBLE BACTERIANA,11
32,Dr. Manuel Cassuso,2020-05-01,HPV,11
10004,Centro de distribucion de Vacunas,2020-05-01,SALK,5
10004,Centro de distribucion de Vacunas,2020-05-01,SABIN ORAL,9
10004,Centro de distribucion de Vacunas,2020-05-01,PENTAVALENTE,11
10004,Centro de distribucion de Vacunas,2020-05-01,ROTAVIRUS,5
10004,Centro de distribucion de Vacunas,2020-05-01,DPT,3
10004,Centro de distribucion de Vacunas,2020-05-01,DOBLE ADULTO,23
10004,Centro de distribucion de Vacunas,2020-05-01,TRIPLE VIRAL,14
10004,Centro de distribucion de Vacunas,2020-05-01,HEPATITIS A,6
10004,Centro de distribucion de Vacunas,2020-05-01,HEPATITIS B,25
10004,Centro de distribucion de Vacunas,2020-05-01,DPT (a),6
10004,Centro de distribucion de Vacunas,2020-05-01,NEUMO 13,27
10004,Centro de distribucion de Vacunas,2020-05-01,NEUMO 23,3
10004,Centro de distribucion de Vacunas,2020-05-01,HPV,6
10004,Centro de distribucion de Vacunas,2020-05-01,ANTIGRIPAL ADULTO,144
10004,Centro de distribucion de Vacunas,2020-05-01,ANTIGRIPAL PEDIATRICO,19
10004,Centro de distribucion de Vacunas,2020-05-01,MENVEO,21
10004,Centro de distribucion de Vacunas,2020-05-01,MENACTRA,5
10004,Centro de distribucion de Vacunas,2020-05-01,VARICELA,3
71,Villa Chiquita,2020-05-01,HEPATITIS B,2
71,Villa Chiquita,2020-05-01,SALK,2
71,Villa Chiquita,2020-05-01,ROTAVIRUS,2
71,Villa Chiquita,2020-05-01,PENTAVALENTE,3
71,Villa Chiquita,2020-05-01,NEUMOCOCICA CONJUGADA,2
71,Villa Chiquita,2020-05-01,SABIN ORAL,1
71,Villa Chiquita,2020-05-01,VARICELA,1
71,Villa Chiquita,2020-05-01,MENINGOCOC.,4
71,Villa Chiquita,2020-05-01,DPT (a),1
71,Villa Chiquita,2020-05-01,HPV,2
76,Dr. Romilio Monzón,2020-05-01,HEPATITIS B,11
76,Dr. Romilio Monzón,2020-05-01,SALK,3
76,Dr. Romilio Monzón,2020-05-01,ROTAVIRUS,3
76,Dr. Romilio Monzón,2020-05-01,PENTAVALENTE,16
76,Dr. Romilio Monzón,2020-05-01,NEUMOCOCICA CONJUGADA,13
76,Dr. Romilio Monzón,2020-05-01,SABIN ORAL,15
76,Dr. Romilio Monzón,2020-05-01,TRIPLE VIRAL,8
76,Dr. Romilio Monzón,2020-05-01,ANTI GRIPAL,198
76,Dr. Romilio Monzón,2020-05-01,HEPATITIS A,5
76,Dr. Romilio Monzón,2020-05-01,VARICELA,5
76,Dr. Romilio Monzón,2020-05-01,MENINGOCOC.,16
76,Dr. Romilio Monzón,2020-05-01,FIEBRE AMARILLA,6
76,Dr. Romilio Monzón,2020-05-01,DPT,3
76,Dr. Romilio Monzón,2020-05-01,DPT (a),6
76,Dr. Romilio Monzón,2020-05-01,DOBLE BACTERIANA,8
76,Dr. Romilio Monzón,2020-05-01,HPV,6
76,Dr. Romilio Monzón,2020-05-01,MENACTRA,7
36,Esperanza,2020-05-01,HEPATITIS B,3
36,Esperanza,2020-05-01,SALK,15
36,Esperanza,2020-05-01,ROTAVIRUS,13
36,Esperanza,2020-05-01,PENTAVALENTE,27
36,Esperanza,2020-05-01,NEUMOCOCICA CONJUGADA,22
36,Esperanza,2020-05-01,SABIN ORAL,16
36,Esperanza,2020-05-01,TRIPLE VIRAL,9
36,Esperanza,2020-05-01,ANTI GRIPAL,108
36,Esperanza,2020-05-01,HEPATITIS A,4
36,Esperanza,2020-05-01,VARICELA,4
36,Esperanza,2020-05-01,MENINGOCOC.,37
36,Esperanza,2020-05-01,DPT,6
36,Esperanza,2020-05-01,DPT (a),5
36,Esperanza,2020-05-01,DOBLE BACTERIANA,5
36,Esperanza,2020-05-01,HPV,7
31,Dr. Elias Galvan,2020-05-01,NEUMOCOCICA CONJUGADA,1
31,Dr. Elias Galvan,2020-05-01,ANTI GRIPAL,20
31,Dr. Elias Galvan,2020-05-01,NEUMOCOCICA NO CONJUGADA,2
10003,Guemes,2020-05-01,HEPATITIS B,8
10003,Guemes,2020-05-01,SALK,5
10003,Guemes,2020-05-01,ROTAVIRUS,5
10003,Guemes,2020-05-01,PENTAVALENTE,14
10003,Guemes,2020-05-01,NEUMOCOCICA CONJUGADA,18
10003,Guemes,2020-05-01,SABIN ORAL,11
10003,Guemes,2020-05-01,TRIPLE VIRAL,9
10003,Guemes,2020-05-01,ANTI GRIPAL,170
10003,Guemes,2020-05-01,HEPATITIS A,7
10003,Guemes,2020-05-01,VARICELA,5
10003,Guemes,2020-05-01,MENINGOCOC.,10
10003,Guemes,2020-05-01,DPT,2
10003,Guemes,2020-05-01,DPT (a),8
10003,Guemes,2020-05-01,HPV,10
54,Itati,2020-05-01,HEPATITIS B,4
54,Itati,2020-05-01,SALK,8
54,Itati,2020-05-01,ROTAVIRUS,7
54,Itati,2020-05-01,PENTAVALENTE,19
54,Itati,2020-05-01,NEUMOCOCICA CONJUGADA,17
54,Itati,2020-05-01,SABIN ORAL,15
54,Itati,2020-05-01,TRIPLE VIRAL,13
54,Itati,2020-05-01,ANTI GRIPAL,298
54,Itati,2020-05-01,HEPATITIS A,7
54,Itati,2020-05-01,VARICELA,4
54,Itati,2020-05-01,MENINGOCOC.,13
54,Itati,2020-05-01,DPT,4
54,Itati,2020-05-01,DPT (a),9
54,Itati,2020-05-01,DOBLE BACTERIANA,8
54,Itati,2020-05-01,MENACTRA,7
54,Itati,2020-05-01,HPV,5
10001,Dr. Korimblum,2020-05-01,PENTAVALENTE,12
10001,Dr. Korimblum,2020-05-01,SABIN ORAL,14
10001,Dr. Korimblum,2020-05-01,TRIPLE VIRAL,6
10001,Dr. Korimblum,2020-05-01,ANTI GRIPAL,70
10001,Dr. Korimblum,2020-05-01,HEPATITIS A,2
10001,Dr. Korimblum,2020-05-01,VARICELA,1
10001,Dr. Korimblum,2020-05-01,MENINGOCOC.,10
10001,Dr. Korimblum,2020-05-01,DOBLE BACTERIANA,2
10001,Dr. Korimblum,2020-05-01,HPV,4
88,Dr. Lifschitz,2020-05-01,HEPATITIS B,1
88,Dr. Lifschitz,2020-05-01,SALK,3
88,Dr. Lifschitz,2020-05-01,ROTAVIRUS,3
88,Dr. Lifschitz,2020-05-01,PENTAVALENTE,3
88,Dr. Lifschitz,2020-05-01,NEUMOCOCICA CONJUGADA,5
88,Dr. Lifschitz,2020-05-01,SABIN ORAL,1
88,Dr. Lifschitz,2020-05-01,TRIPLE VIRAL,1
88,Dr. Lifschitz,2020-05-01,ANTI GRIPAL,118
88,Dr. Lifschitz,2020-05-01,VARICELA,1
88,Dr. Lifschitz,2020-05-01,MENINGOCOC.,3
88,Dr. Lifschitz,2020-05-01,DPT,1
88,Dr. Lifschitz,2020-05-01,DPT (a),2
88,Dr. Lifschitz,2020-05-01,NEUMOCOCICA NO CONJUGADA,1
38,Dr. JC Benitez Suarez,2020-05-01,HEPATITIS B,4
38,Dr. JC Benitez Suarez,2020-05-01,SALK,4
38,Dr. JC Benitez Suarez,2020-05-01,PENTAVALENTE,10
38,Dr. JC Benitez Suarez,2020-05-01,NEUMOCOCICA CONJUGADA,5
38,Dr. JC Benitez Suarez,2020-05-01,SABIN ORAL,10
38,Dr. JC Benitez Suarez,2020-05-01,TRIPLE VIRAL,15
38,Dr. JC Benitez Suarez,2020-05-01,ANTI GRIPAL,133
38,Dr. JC Benitez Suarez,2020-05-01,HEPATITIS A,3
38,Dr. JC Benitez Suarez,2020-05-01,VARICELA,1
38,Dr. JC Benitez Suarez,2020-05-01,MENINGOCOC.,8
38,Dr. JC Benitez Suarez,2020-05-01,DPT,5
38,Dr. JC Benitez Suarez,2020-05-01,DPT (a),7
38,Dr. JC Benitez Suarez,2020-05-01,DOBLE BACTERIANA,4
38,Dr. JC Benitez Suarez,2020-05-01,HPV,6
38,Dr. JC Benitez Suarez,2020-05-01,MENACTRA,2
41,Dr. Manuel Gonzalez,2020-05-01,SALK,3
41,Dr. Manuel Gonzalez,2020-05-01,ROTAVIRUS,4
41,Dr. Manuel Gonzalez,2020-05-01,PENTAVALENTE,6
41,Dr. Manuel Gonzalez,2020-05-01,NEUMOCOCICA CONJUGADA,19
41,Dr. Manuel Gonzalez,2020-05-01,SABIN ORAL,2
41,Dr. Manuel Gonzalez,2020-05-01,TRIPLE VIRAL,3
41,Dr. Manuel Gonzalez,2020-05-01,ANTI GRIPAL,30
41,Dr. Manuel Gonzalez,2020-05-01,HEPATITIS A,3
41,Dr. Manuel Gonzalez,2020-05-01,VARICELA,2
41,Dr. Manuel Gonzalez,2020-05-01,MENINGOCOC.,3
41,Dr. Manuel Gonzalez,2020-05-01,DPT (a),4
41,Dr. Manuel Gonzalez,2020-05-01,DOBLE ADULTO,1
41,Dr. Manuel Gonzalez,2020-05-01,HPV,1
41,Dr. Manuel Gonzalez,2020-05-01,MENACTRA,1
75,Dr. Mauricio Open,2020-05-01,HEPATITIS B,9
75,Dr. Mauricio Open,2020-05-01,SALK,9
75,Dr. Mauricio Open,2020-05-01,ROTAVIRUS,8
75,Dr. Mauricio Open,2020-05-01,PENTAVALENTE,10
75,Dr. Mauricio Open,2020-05-01,SABIN ORAL,3
75,Dr. Mauricio Open,2020-05-01,TRIPLE VIRAL,4
75,Dr. Mauricio Open,2020-05-01,ANTI GRIPAL,258
75,Dr. Mauricio Open,2020-05-01,HEPATITIS A,3
75,Dr. Mauricio Open,2020-05-01,VARICELA,3
10000,Dr. Anibal Malvido,2020-05-01,HEPATITIS B,2
10000,Dr. Anibal Malvido,2020-05-01,SALK,25
10000,Dr. Anibal Malvido,2020-05-01,ROTAVIRUS,18
10000,Dr. Anibal Malvido,2020-05-01,PENTAVALENTE,58
10000,Dr. Anibal Malvido,2020-05-01,NEUMOCOCICA CONJUGADA,39
10000,Dr. Anibal Malvido,2020-05-01,SABIN ORAL,36
10000,Dr. Anibal Malvido,2020-05-01,TRIPLE VIRAL,17
10000,Dr. Anibal Malvido,2020-05-01,ANTI GRIPAL,172
10000,Dr. Anibal Malvido,2020-05-01,HEPATITIS A,11
10000,Dr. Anibal Malvido,2020-05-01,VARICELA,7
10000,Dr. Anibal Malvido,2020-05-01,MENINGOCOC.,39
10000,Dr. Anibal Malvido,2020-05-01,DPT,7
10000,Dr. Anibal Malvido,2020-05-01,DPT (a),13
10000,Dr. Anibal Malvido,2020-05-01,DOBLE BACTERIANA,8
10000,Dr. Anibal Malvido,2020-05-01,HPV,18
10000,Dr. Anibal Malvido,2020-05-01,MENACTRA,12
69,Primera Junta,2020-05-01,HEPATITIS B,7
69,Primera Junta,2020-05-01,SALK,3
69,Primera Junta,2020-05-01,ROTAVIRUS,3
69,Primera Junta,2020-05-01,PENTAVALENTE,10
69,Primera Junta,2020-05-01,NEUMOCOCICA CONJUGADA,10
69,Primera Junta,2020-05-01,SABIN ORAL,8
69,Primera Junta,2020-05-01,TRIPLE VIRAL,5
69,Primera Junta,2020-05-01,ANTI GRIPAL,115
69,Primera Junta,2020-05-01,HEPATITIS A,2
69,Primera Junta,2020-05-01,VARICELA,2
69,Primera Junta,2020-05-01,MENINGOCOC.,15
69,Primera Junta,2020-05-01,DPT,2
69,Primera Junta,2020-05-01,DPT (a),10
69,Primera Junta,2020-05-01,DOBLE BACTERIANA,5
69,Primera Junta,2020-05-01,HPV,6
69,Primera Junta,2020-05-01,NEUMOCOCICA NO CONJUGADA,1
62,Pujol,2020-05-01,SALK,5
62,Pujol,2020-05-01,ROTAVIRUS,3
62,Pujol,2020-05-01,PENTAVALENTE,6
62,Pujol,2020-05-01,NEUMOCOCICA CONJUGADA,19
62,Pujol,2020-05-01,SABIN ORAL,9
62,Pujol,2020-05-01,TRIPLE VIRAL,6
62,Pujol,2020-05-01,ANTI GRIPAL,120
62,Pujol,2020-05-01,HEPATITIS A,4
62,Pujol,2020-05-01,VARICELA,1
62,Pujol,2020-05-01,MENINGOCOC.,10
62,Pujol,2020-05-01,DPT,6
62,Pujol,2020-05-01,DPT (a),3
62,Pujol,2020-05-01,DOBLE BACTERIANA,3
62,Pujol,2020-05-01,HPV,3
79,Quinta Ferre,2020-05-01,SALK,4
79,Quinta Ferre,2020-05-01,ROTAVIRUS,5
79,Quinta Ferre,2020-05-01,PENTAVALENTE,7
79,Quinta Ferre,2020-05-01,NEUMOCOCICA CONJUGADA,8
79,Quinta Ferre,2020-05-01,SABIN ORAL,2
79,Quinta Ferre,2020-05-01,ANTI GRIPAL,100
79,Quinta Ferre,2020-05-01,HEPATITIS A,4
79,Quinta Ferre,2020-05-01,DPT,3
79,Quinta Ferre,2020-05-01,DPT (a),3
79,Quinta Ferre,2020-05-01,DOBLE VIRAL,4
46,Rio Parana,2020-05-01,HEPATITIS B,5
46,Rio Parana,2020-05-01,SALK,16
46,Rio Parana,2020-05-01,ROTAVIRUS,15
46,Rio Parana,2020-05-01,PENTAVALENTE,22
46,Rio Parana,2020-05-01,NEUMOCOCICA CONJUGADA,22
46,Rio Parana,2020-05-01,SABIN ORAL,11
46,Rio Parana,2020-05-01,TRIPLE VIRAL,5
46,Rio Parana,2020-05-01,ANTI GRIPAL,163
46,Rio Parana,2020-05-01,HEPATITIS A,4
46,Rio Parana,2020-05-01,VARICELA,1
46,Rio Parana,2020-05-01,MENINGOCOC.,11
46,Rio Parana,2020-05-01,DPT,1
46,Rio Parana,2020-05-01,DPT (a),9
46,Rio Parana,2020-05-01,DOBLE BACTERIANA,7
46,Rio Parana,2020-05-01,HPV,8
46,Rio Parana,2020-05-01,NEUMOCOCICA NO CONJUGADA,3
73,San Marcos,2020-05-01,HEPATITIS B,1
73,San Marcos,2020-05-01,SALK,6
73,San Marcos,2020-05-01,ROTAVIRUS,2
73,San Marcos,2020-05-01,PENTAVALENTE,13
73,San Marcos,2020-05-01,NEUMOCOCICA CONJUGADA,13
73,San Marcos,2020-05-01,SABIN ORAL,7
73,San Marcos,2020-05-01,TRIPLE VIRAL,1
73,San Marcos,2020-05-01,ANTI GRIPAL,63
73,San Marcos,2020-05-01,HEPATITIS A,1
73,San Marcos,2020-05-01,VARICELA,2
73,San Marcos,2020-05-01,MENINGOCOC.,9
73,San Marcos,2020-05-01,DPT (a),7
73,San Marcos,2020-05-01,DOBLE BACTERIANA,6
73,San Marcos,2020-05-01,HPV,6
127,Santa Catalina,2020-05-01,HEPATITIS B,2
127,Santa Catalina,2020-05-01,SALK,5
127,Santa Catalina,2020-05-01,ROTAVIRUS,5
127,Santa Catalina,2020-05-01,PENTAVALENTE,8
127,Santa Catalina,2020-05-01,NEUMOCOCICA CONJUGADA,14
127,Santa Catalina,2020-05-01,SABIN ORAL,4
127,Santa Catalina,2020-05-01,TRIPLE VIRAL,3
127,Santa Catalina,2020-05-01,ANTI GRIPAL,125
127,Santa Catalina,2020-05-01,HEPATITIS A,1
127,Santa Catalina,2020-05-01,VARICELA,2
127,Santa Catalina,2020-05-01,MENINGOCOC.,12
127,Santa Catalina,2020-05-01,FIEBRE AMARILLA,5
127,Santa Catalina,2020-05-01,DPT,7
127,Santa Catalina,2020-05-01,DPT (a),6
127,Santa Catalina,2020-05-01,DOBLE BACTERIANA,1
127,Santa Catalina,2020-05-01,HPV,4
85,Santa Margarita,2020-05-01,SALK,4
85,Santa Margarita,2020-05-01,ROTAVIRUS,4
85,Santa Margarita,2020-05-01,PENTAVALENTE,7
85,Santa Margarita,2020-05-01,NEUMOCOCICA CONJUGADA,9
85,Santa Margarita,2020-05-01,SABIN ORAL,3
85,Santa Margarita,2020-05-01,TRIPLE VIRAL,1
85,Santa Margarita,2020-05-01,ANTI GRIPAL,24
85,Santa Margarita,2020-05-01,HEPATITIS A,1
85,Santa Margarita,2020-05-01,VARICELA,1
85,Santa Margarita,2020-05-01,MENINGOCOC.,7
85,Santa Margarita,2020-05-01,DPT,3
85,Santa Margarita,2020-05-01,DPT (a),1
89,Santa Marta,2020-05-01,HEPATITIS B,7
89,Santa Marta,2020-05-01,SALK,6
89,Santa Marta,2020-05-01,ROTAVIRUS,5
89,Santa Marta,2020-05-01,PENTAVALENTE,7
89,Santa Marta,2020-05-01,NEUMOCOCICA CONJUGADA,11
89,Santa Marta,2020-05-01,TRIPLE VIRAL,4
89,Santa Marta,2020-05-01,ANTI GRIPAL,18
89,Santa Marta,2020-05-01,HEPATITIS A,2
89,Santa Marta,2020-05-01,VARICELA,1
89,Santa Marta,2020-05-01,MENINGOCOC.,4
89,Santa Marta,2020-05-01,DPT,8
89,Santa Marta,2020-05-01,DPT (a),5
89,Santa Marta,2020-05-01,DOBLE BACTERIANA,9
89,Santa Marta,2020-05-01,DOBLE VIRAL,10
89,Santa Marta,2020-05-01,HPV,2
89,Santa Marta,2020-05-01,NEUMOCOCICA NO CONJUGADA,1
48,Dr. Jose de los Reyes Vidal,2020-05-01,SALK,7
48,Dr. Jose de los Reyes Vidal,2020-05-01,ROTAVIRUS,4
48,Dr. Jose de los Reyes Vidal,2020-05-01,PENTAVALENTE,9
48,Dr. Jose de los Reyes Vidal,2020-05-01,SABIN ORAL,5
48,Dr. Jose de los Reyes Vidal,2020-05-01,TRIPLE VIRAL,3
48,Dr. Jose de los Reyes Vidal,2020-05-01,ANTI GRIPAL,66
48,Dr. Jose de los Reyes Vidal,2020-05-01,HEPATITIS A,2
48,Dr. Jose de los Reyes Vidal,2020-05-01,VARICELA,1
48,Dr. Jose de los Reyes Vidal,2020-05-01,MENINGOCOC.,6
48,Dr. Jose de los Reyes Vidal,2020-05-01,DPT,2
48,Dr. Jose de los Reyes Vidal,2020-05-01,DOBLE BACTERIANA,1
48,Dr. Jose de los Reyes Vidal,2020-05-01,HPV,1
48,Dr. Jose de los Reyes Vidal,2020-05-01,NEUMOCOCICA NO CONJUGADA,8
42,Dr. Santiago Lorenzo,2020-05-01,HEPATITIS B,3
42,Dr. Santiago Lorenzo,2020-05-01,SALK,11
42,Dr. Santiago Lorenzo,2020-05-01,ROTAVIRUS,9
42,Dr. Santiago Lorenzo,2020-05-01,PENTAVALENTE,28
42,Dr. Santiago Lorenzo,2020-05-01,NEUMOCOCICA CONJUGADA,19
42,Dr. Santiago Lorenzo,2020-05-01,SABIN ORAL,18
42,Dr. Santiago Lorenzo,2020-05-01,TRIPLE VIRAL,5
42,Dr. Santiago Lorenzo,2020-05-01,ANTI GRIPAL,144
42,Dr. Santiago Lorenzo,2020-05-01,HEPATITIS A,3
42,Dr. Santiago Lorenzo,2020-05-01,VARICELA,10
42,Dr. Santiago Lorenzo,2020-05-01,MENINGOCOC.,30
42,Dr. Santiago Lorenzo,2020-05-01,DPT,3
42,Dr. Santiago Lorenzo,2020-05-01,DPT (a),20
42,Dr. Santiago Lorenzo,2020-05-01,DOBLE BACTERIANA,8
90,Sapucay,2020-05-01,SALK,2
90,Sapucay,2020-05-01,ROTAVIRUS,1
90,Sapucay,2020-05-01,PENTAVALENTE,4
90,Sapucay,2020-05-01,NEUMOCOCICA CONJUGADA,17
90,Sapucay,2020-05-01,SABIN ORAL,4
90,Sapucay,2020-05-01,TRIPLE VIRAL,3
90,Sapucay,2020-05-01,ANTI GRIPAL,90
90,Sapucay,2020-05-01,HEPATITIS A,1
90,Sapucay,2020-05-01,VARICELA,3
90,Sapucay,2020-05-01,MENINGOCOC.,12
90,Sapucay,2020-05-01,DPT,2
90,Sapucay,2020-05-01,DPT (a),1
90,Sapucay,2020-05-01,DOBLE BACTERIANA,3
49,Dr. Benjamin Serrano,2020-05-01,HEPATITIS B,2
49,Dr. Benjamin Serrano,2020-05-01,SALK,4
49,Dr. Benjamin Serrano,2020-05-01,ROTAVIRUS,3
49,Dr. Benjamin Serrano,2020-05-01,PENTAVALENTE,8
49,Dr. Benjamin Serrano,2020-05-01,NEUMOCOCICA CONJUGADA,7
49,Dr. Benjamin Serrano,2020-05-01,SABIN ORAL,7
49,Dr. Benjamin Serrano,2020-05-01,TRIPLE VIRAL,6
49,Dr. Benjamin Serrano,2020-05-01,ANTI GRIPAL,156
49,Dr. Benjamin Serrano,2020-05-01,HEPATITIS A,3
49,Dr. Benjamin Serrano,2020-05-01,VARICELA,5
49,Dr. Benjamin Serrano,2020-05-01,MENINGOCOC.,11
49,Dr. Benjamin Serrano,2020-05-01,DPT,4
49,Dr. Benjamin Serrano,2020-05-01,DPT (a),6
49,Dr. Benjamin Serrano,2020-05-01,DOBLE BACTERIANA,2
49,Dr. Benjamin Serrano,2020-05-01,HPV,6
37,Dr. Sussini,2020-05-01,HEPATITIS B,23
37,Dr. Sussini,2020-05-01,SALK,21
37,Dr. Sussini,2020-05-01,ROTAVIRUS,22
37,Dr. Sussini,2020-05-01,PENTAVALENTE,44
37,Dr. Sussini,2020-05-01,NEUMOCOCICA CONJUGADA,51
37,Dr. Sussini,2020-05-01,SABIN ORAL,32
37,Dr. Sussini,2020-05-01,TRIPLE VIRAL,16
37,Dr. Sussini,2020-05-01,ANTI GRIPAL,474
37,Dr. Sussini,2020-05-01,HEPATITIS A,9
37,Dr. Sussini,2020-05-01,VARICELA,10
37,Dr. Sussini,2020-05-01,MENINGOCOC.,50
37,Dr. Sussini,2020-05-01,FIEBRE AMARILLA,1
37,Dr. Sussini,2020-05-01,DPT,10
37,Dr. Sussini,2020-05-01,DPT (a),28
37,Dr. Sussini,2020-05-01,DOBLE BACTERIANA,37
37,Dr. Sussini,2020-05-01,DOBLE VIRAL,3
37,Dr. Sussini,2020-05-01,HPV,10
10002,Dr. Semper,2020-05-01,BCG,5
10002,Dr. Semper,2020-05-01,SALK,3
10002,Dr. Semper,2020-05-01,ROTAVIRUS,3
10002,Dr. Semper,2020-05-01,PENTAVALENTE,7
10002,Dr. Semper,2020-05-01,NEUMOCOCICA CONJUGADA,3
10002,Dr. Semper,2020-05-01,SABIN ORAL,7
10002,Dr. Semper,2020-05-01,TRIPLE VIRAL,5
10002,Dr. Semper,2020-05-01,ANTI GRIPAL,131
10002,Dr. Semper,2020-05-01,HEPATITIS A,3
10002,Dr. Semper,2020-05-01,VARICELA,1
10002,Dr. Semper,2020-05-01,MENINGOCOC.,4
10002,Dr. Semper,2020-05-01,DPT,3
10002,Dr. Semper,2020-05-01,DPT (a),5
10002,Dr. Semper,2020-05-01,DOBLE VIRAL,5
10002,Dr. Semper,2020-05-01,HPV,7
70,Villa Garcia,2020-05-01,HEPATITIS B,5
70,Villa Garcia,2020-05-01,SALK,5
70,Villa Garcia,2020-05-01,ROTAVIRUS,3
70,Villa Garcia,2020-05-01,PENTAVALENTE,8
70,Villa Garcia,2020-05-01,NEUMOCOCICA CONJUGADA,24
70,Villa Garcia,2020-05-01,SABIN ORAL,5
70,Villa Garcia,2020-05-01,TRIPLE VIRAL,25
70,Villa Garcia,2020-05-01,ANTI GRIPAL,51
70,Villa Garcia,2020-05-01,HEPATITIS A,3
70,Villa Garcia,2020-05-01,VARICELA,1
70,Villa Garcia,2020-05-01,MENINGOCOC.,8
70,Villa Garcia,2020-05-01,DPT,1
70,Villa Garcia,2020-05-01,DPT (a),4
70,Villa Garcia,2020-05-01,DOBLE BACTERIANA,7
70,Villa Garcia,2020-05-01,HPV,6
51,Dr. Juan Chercoff,2020-05-01,HEPATITIS B,2
51,Dr. Juan Chercoff,2020-05-01,SALK,1
51,Dr. Juan Chercoff,2020-05-01,ROTAVIRUS,1
51,Dr. Juan Chercoff,2020-05-01,PENTAVALENTE,2
51,Dr. Juan Chercoff,2020-05-01,NEUMOCOCICA CONJUGADA,2
51,Dr. Juan Chercoff,2020-05-01,SABIN ORAL,4
51,Dr. Juan Chercoff,2020-05-01,TRIPLE VIRAL,5
51,Dr. Juan Chercoff,2020-05-01,ANTI GRIPAL,62
51,Dr. Juan Chercoff,2020-05-01,HEPATITIS A,1
51,Dr. Juan Chercoff,2020-05-01,VARICELA,1
51,Dr. Juan Chercoff,2020-05-01,MENINGOCOC.,5
51,Dr. Juan Chercoff,2020-05-01,DPT,3
51,Dr. Juan Chercoff,2020-05-01,DPT (a),3
51,Dr. Juan Chercoff,2020-05-01,DOBLE BACTERIANA,5
51,Dr. Juan Chercoff,2020-05-01,HPV,3
10001,Dr. Korimblum,2020-05-01,NEUMOCOCICA NO CONJUGADA,13
47,Dr. Guillermo Rawson,2020-06-01,HEPATITIS B,27
47,Dr. Guillermo Rawson,2020-06-01,SALK,20
47,Dr. Guillermo Rawson,2020-06-01,ROTAVIRUS,10
47,Dr. Guillermo Rawson,2020-06-01,PENTAVALENTE,23
47,Dr. Guillermo Rawson,2020-06-01,NEUMOCOCICA CONJUGADA,31
47,Dr. Guillermo Rawson,2020-06-01,n/a,-1
47,Dr. Guillermo Rawson,2020-06-01,TRIPLE VIRAL,6
47,Dr. Guillermo Rawson,2020-06-01,ANTI GRIPAL,74
47,Dr. Guillermo Rawson,2020-06-01,HEPATITIS A,4
47,Dr. Guillermo Rawson,2020-06-01,VARICELA,4
47,Dr. Guillermo Rawson,2020-06-01,MENINGOCOC.,20
47,Dr. Guillermo Rawson,2020-06-01,FIEBRE AMARILLA,7
47,Dr. Guillermo Rawson,2020-06-01,DPT,2
47,Dr. Guillermo Rawson,2020-06-01,DPT (a),6
47,Dr. Guillermo Rawson,2020-06-01,DOBLE BACTERIANA,32
47,Dr. Guillermo Rawson,2020-06-01,HPV,6
47,Dr. Guillermo Rawson,2020-06-01,NEUMOCOCICA NO CONJUGADA,6
82,Dr. Miguel Rossi Candia,2020-06-01,HEPATITIS B,14
82,Dr. Miguel Rossi Candia,2020-06-01,SALK,22
82,Dr. Miguel Rossi Candia,2020-06-01,ROTAVIRUS,12
82,Dr. Miguel Rossi Candia,2020-06-01,PENTAVALENTE,21
82,Dr. Miguel Rossi Candia,2020-06-01,NEUMOCOCICA CONJUGADA,19
82,Dr. Miguel Rossi Candia,2020-06-01,TRIPLE VIRAL,9
82,Dr. Miguel Rossi Candia,2020-06-01,ANTI GRIPAL,65
82,Dr. Miguel Rossi Candia,2020-06-01,HEPATITIS A,5
82,Dr. Miguel Rossi Candia,2020-06-01,VARICELA,2
82,Dr. Miguel Rossi Candia,2020-06-01,MENINGOCOC.,23
82,Dr. Miguel Rossi Candia,2020-06-01,FIEBRE AMARILLA,5
82,Dr. Miguel Rossi Candia,2020-06-01,DPT,2
82,Dr. Miguel Rossi Candia,2020-06-01,DPT (a),7
82,Dr. Miguel Rossi Candia,2020-06-01,HPV,8
82,Dr. Miguel Rossi Candia,2020-06-01,NEUMOCOCICA CONJUGADA,2
91,Dr. Pedro Blugerman,2020-06-01,HEPATITIS B,1
91,Dr. Pedro Blugerman,2020-06-01,SALK,21
91,Dr. Pedro Blugerman,2020-06-01,ROTAVIRUS,10
91,Dr. Pedro Blugerman,2020-06-01,PENTAVALENTE,19
91,Dr. Pedro Blugerman,2020-06-01,NEUMOCOCICA CONJUGADA,2
91,Dr. Pedro Blugerman,2020-06-01,TRIPLE VIRAL,16
91,Dr. Pedro Blugerman,2020-06-01,ANTI GRIPAL,30
91,Dr. Pedro Blugerman,2020-06-01,HEPATITIS A,8
91,Dr. Pedro Blugerman,2020-06-01,VARICELA,5
91,Dr. Pedro Blugerman,2020-06-01,MENINGOCOC.,17
91,Dr. Pedro Blugerman,2020-06-01,DPT,8
91,Dr. Pedro Blugerman,2020-06-01,DPT (a),7
91,Dr. Pedro Blugerman,2020-06-01,DOBLE BACTERIANA,12
91,Dr. Pedro Blugerman,2020-06-01,DOBLE VIRAL,1
91,Dr. Pedro Blugerman,2020-06-01,HPV,5
91,Dr. Pedro Blugerman,2020-06-01,NEUMOCOCICA NO CONJUGADA,8
85,Santa Margarita,2020-06-01,SALK,5
85,Santa Margarita,2020-06-01,ROTAVIRUS,3
85,Santa Margarita,2020-06-01,PENTAVALENTE,6
85,Santa Margarita,2020-06-01,NEUMOCOCICA CONJUGADA,5
85,Santa Margarita,2020-06-01,TRIPLE VIRAL,4
85,Santa Margarita,2020-06-01,ANTI GRIPAL,13
85,Santa Margarita,2020-06-01,HEPATITIS A,3
85,Santa Margarita,2020-06-01,VARICELA,3
85,Santa Margarita,2020-06-01,MENINGOCOC.,10
85,Santa Margarita,2020-06-01,DPT,1
85,Santa Margarita,2020-06-01,DPT (a),2
85,Santa Margarita,2020-06-01,DOBLE BACTERIANA,3
85,Santa Margarita,2020-06-01,HPV,2
85,Santa Margarita,2020-06-01,MENACTRA,1
48,Dr. Jose de los Reyes Vidal,2020-06-01,SALK,7
48,Dr. Jose de los Reyes Vidal,2020-06-01,ROTAVIRUS,3
48,Dr. Jose de los Reyes Vidal,2020-06-01,PENTAVALENTE,8
48,Dr. Jose de los Reyes Vidal,2020-06-01,NEUMOCOCICA CONJUGADA,6
48,Dr. Jose de los Reyes Vidal,2020-06-01,ANT. PEDIAT.,11
48,Dr. Jose de los Reyes Vidal,2020-06-01,TRIPLE VIRAL,5
48,Dr. Jose de los Reyes Vidal,2020-06-01,ANTI GRIPAL,19
48,Dr. Jose de los Reyes Vidal,2020-06-01,HEPATITIS A,2
48,Dr. Jose de los Reyes Vidal,2020-06-01,VARICELA,4
48,Dr. Jose de los Reyes Vidal,2020-06-01,MENINGOCOC.,13
48,Dr. Jose de los Reyes Vidal,2020-06-01,DPT,4
48,Dr. Jose de los Reyes Vidal,2020-06-01,DPT (a),2
48,Dr. Jose de los Reyes Vidal,2020-06-01,DOBLE BACTERIANA,3
48,Dr. Jose de los Reyes Vidal,2020-06-01,HPV,3
48,Dr. Jose de los Reyes Vidal,2020-06-01,NEUMOCOCICA NO CONJUGADA,1
37,Dr. Sussini,2020-06-01,HEPATITIS B,27
37,Dr. Sussini,2020-06-01,SALK,44
37,Dr. Sussini,2020-06-01,ROTAVIRUS,24
37,Dr. Sussini,2020-06-01,PENTAVALENTE,44
37,Dr. Sussini,2020-06-01,NEUMOCOCICA CONJUGADA,51
37,Dr. Sussini,2020-06-01,TRIPLE VIRAL,16
37,Dr. Sussini,2020-06-01,ANTI GRIPAL,189
37,Dr. Sussini,2020-06-01,HEPATITIS A,8
37,Dr. Sussini,2020-06-01,VARICELA,5
37,Dr. Sussini,2020-06-01,MENINGOCOC.,39
37,Dr. Sussini,2020-06-01,FIEBRE AMARILLA,7
37,Dr. Sussini,2020-06-01,DPT,10
37,Dr. Sussini,2020-06-01,DPT (a),31
37,Dr. Sussini,2020-06-01,DOBLE BACTERIANA,48
37,Dr. Sussini,2020-06-01,DOBLE VIRAL,1
37,Dr. Sussini,2020-06-01,HPV,16
37,Dr. Sussini,2020-06-01,NEUMOCOCICA NO CONJUGADA,28
58,Dr. Oscar Pirchi,2020-06-01,HEPATITIS B,2
58,Dr. Oscar Pirchi,2020-06-01,SALK,5
58,Dr. Oscar Pirchi,2020-06-01,ROTAVIRUS,4
58,Dr. Oscar Pirchi,2020-06-01,PENTAVALENTE,9
58,Dr. Oscar Pirchi,2020-06-01,NEUMOCOCICA CONJUGADA,5
58,Dr. Oscar Pirchi,2020-06-01,TRIPLE VIRAL,1
58,Dr. Oscar Pirchi,2020-06-01,ANTI GRIPAL,18
58,Dr. Oscar Pirchi,2020-06-01,HEPATITIS A,1
58,Dr. Oscar Pirchi,2020-06-01,VARICELA,3
58,Dr. Oscar Pirchi,2020-06-01,MENINGOCOC.,9
58,Dr. Oscar Pirchi,2020-06-01,DPT (a),4
58,Dr. Oscar Pirchi,2020-06-01,DOBLE BACTERIANA,11
58,Dr. Oscar Pirchi,2020-06-01,HPV,2
49,Dr. Benjamin Serrano,2020-06-01,HEPATITIS B,4
49,Dr. Benjamin Serrano,2020-06-01,SALK,10
49,Dr. Benjamin Serrano,2020-06-01,ROTAVIRUS,8
49,Dr. Benjamin Serrano,2020-06-01,PENTAVALENTE,12
49,Dr. Benjamin Serrano,2020-06-01,NEUMOCOCICA CONJUGADA,10
49,Dr. Benjamin Serrano,2020-06-01,TRIPLE VIRAL,1
49,Dr. Benjamin Serrano,2020-06-01,ANTI GRIPAL,52
49,Dr. Benjamin Serrano,2020-06-01,HEPATITIS A,1
49,Dr. Benjamin Serrano,2020-06-01,VARICELA,2
49,Dr. Benjamin Serrano,2020-06-01,DPT,5
49,Dr. Benjamin Serrano,2020-06-01,DPT (a),4
49,Dr. Benjamin Serrano,2020-06-01,HPV,6
49,Dr. Benjamin Serrano,2020-06-01,NEUMOCOCICA NO CONJUGADA,12
45,Dr. Saul Calmanash,2020-06-01,SALK,4
45,Dr. Saul Calmanash,2020-06-01,ROTAVIRUS,2
45,Dr. Saul Calmanash,2020-06-01,PENTAVALENTE,4
45,Dr. Saul Calmanash,2020-06-01,NEUMOCOCICA CONJUGADA,3
45,Dr. Saul Calmanash,2020-06-01,ANTI GRIPAL,3
45,Dr. Saul Calmanash,2020-06-01,VARICELA,1
45,Dr. Saul Calmanash,2020-06-01,MENINGOCOC.,3
45,Dr. Saul Calmanash,2020-06-01,DPT (a),2
45,Dr. Saul Calmanash,2020-06-01,HPV,1
34,Dr. Marcelino Vera,2020-06-01,SALK,3
34,Dr. Marcelino Vera,2020-06-01,PENTAVALENTE,4
34,Dr. Marcelino Vera,2020-06-01,NEUMOCOCICA CONJUGADA,2
34,Dr. Marcelino Vera,2020-06-01,TRIPLE VIRAL,3
34,Dr. Marcelino Vera,2020-06-01,ANTI GRIPAL,10
34,Dr. Marcelino Vera,2020-06-01,HEPATITIS A,2
34,Dr. Marcelino Vera,2020-06-01,VARICELA,3
34,Dr. Marcelino Vera,2020-06-01,MENINGOCOC.,7
34,Dr. Marcelino Vera,2020-06-01,DPT,1
34,Dr. Marcelino Vera,2020-06-01,DOBLE BACTERIANA,1
34,Dr. Marcelino Vera,2020-06-01,HPV,1
71,Villa Chiquita,2020-06-01,HEPATITIS B,5
71,Villa Chiquita,2020-06-01,SALK,4
71,Villa Chiquita,2020-06-01,ROTAVIRUS,3
71,Villa Chiquita,2020-06-01,PENTAVALENTE,5
71,Villa Chiquita,2020-06-01,NEUMOCOCICA CONJUGADA,8
71,Villa Chiquita,2020-06-01,TRIPLE VIRAL,4
71,Villa Chiquita,2020-06-01,ANTI GRIPAL,65
71,Villa Chiquita,2020-06-01,HEPATITIS A,2
71,Villa Chiquita,2020-06-01,VARICELA,1
71,Villa Chiquita,2020-06-01,MENINGOCOC.,10
71,Villa Chiquita,2020-06-01,DPT,2
71,Villa Chiquita,2020-06-01,DPT (a),2
71,Villa Chiquita,2020-06-01,DOBLE BACTERIANA,6
76,Dr. Romilio Monzón,2020-06-01,HEPATITIS B,13
76,Dr. Romilio Monzón,2020-06-01,SALK,18
76,Dr. Romilio Monzón,2020-06-01,ROTAVIRUS,9
76,Dr. Romilio Monzón,2020-06-01,PENTAVALENTE,23
76,Dr. Romilio Monzón,2020-06-01,NEUMOCOCICA CONJUGADA,16
76,Dr. Romilio Monzón,2020-06-01,TRIPLE VIRAL,5
76,Dr. Romilio Monzón,2020-06-01,ANTI GRIPAL,77
76,Dr. Romilio Monzón,2020-06-01,HEPATITIS A,4
76,Dr. Romilio Monzón,2020-06-01,VARICELA,5
76,Dr. Romilio Monzón,2020-06-01,MENINGOCOC.,14
76,Dr. Romilio Monzón,2020-06-01,FIEBRE AMARILLA,9
76,Dr. Romilio Monzón,2020-06-01,DPT,2
76,Dr. Romilio Monzón,2020-06-01,DPT (a),6
76,Dr. Romilio Monzón,2020-06-01,DOBLE BACTERIANA,13
76,Dr. Romilio Monzón,2020-06-01,DOBLE VIRAL,8
76,Dr. Romilio Monzón,2020-06-01,HPV,5
76,Dr. Romilio Monzón,2020-06-01,NEUMOCOCICA NO CONJUGADA,2
36,Esperanza,2020-06-01,SALK,20
36,Esperanza,2020-06-01,ROTAVIRUS,5
36,Esperanza,2020-06-01,PENTAVALENTE,24
36,Esperanza,2020-06-01,NEUMOCOCICA CONJUGADA,13
36,Esperanza,2020-06-01,TRIPLE VIRAL,10
36,Esperanza,2020-06-01,ANTI GRIPAL,40
36,Esperanza,2020-06-01,HEPATITIS A,7
36,Esperanza,2020-06-01,VARICELA,5
36,Esperanza,2020-06-01,MENINGOCOC.,27
36,Esperanza,2020-06-01,DPT,3
36,Esperanza,2020-06-01,DPT (a),2
36,Esperanza,2020-06-01,HPV,6
36,Esperanza,2020-06-01,NEUMOCOCICA NO CONJUGADA,1
10003,Guemes,2020-06-01,HEPATITIS B,3
10003,Guemes,2020-06-01,SALK,16
10003,Guemes,2020-06-01,ROTAVIRUS,8
10003,Guemes,2020-06-01,PENTAVALENTE,14
10003,Guemes,2020-06-01,NEUMOCOCICA CONJUGADA,10
10003,Guemes,2020-06-01,TRIPLE VIRAL,7
10003,Guemes,2020-06-01,ANTI GRIPAL,58
10003,Guemes,2020-06-01,HEPATITIS A,2
10003,Guemes,2020-06-01,VARICELA,6
10003,Guemes,2020-06-01,MENINGOCOC.,13
10003,Guemes,2020-06-01,DPT,4
10003,Guemes,2020-06-01,DPT (a),2
10003,Guemes,2020-06-01,HPV,3
10003,Guemes,2020-06-01,DTA,5
10003,Guemes,2020-06-01,ANTIGRIPAL PEDIA.,10
10003,Guemes,2020-06-01,NEUMO23,14
10003,Guemes,2020-06-01,MENACTRA,2
54,Itati,2020-06-01,HEPATITIS B,16
54,Itati,2020-06-01,SALK,14
54,Itati,2020-06-01,ROTAVIRUS,6
54,Itati,2020-06-01,PENTAVALENTE,17
54,Itati,2020-06-01,NEUMOCOCICA CONJUGADA,14
54,Itati,2020-06-01,TRIPLE VIRAL,8
54,Itati,2020-06-01,ANTI GRIPAL,122
54,Itati,2020-06-01,HEPATITIS A,2
54,Itati,2020-06-01,VARICELA,4
54,Itati,2020-06-01,MENINGOCOC.,16
54,Itati,2020-06-01,DPT,5
54,Itati,2020-06-01,DPT (a),3
54,Itati,2020-06-01,DOBLE BACTERIANA,6
54,Itati,2020-06-01,HPV,2
54,Itati,2020-06-01,NEUMOCOCICA NO CONJUGADA,9
10001,Dr. Korimblum,2020-06-01,HEPATITIS B,1
10001,Dr. Korimblum,2020-06-01,SALK,2
10001,Dr. Korimblum,2020-06-01,ROTAVIRUS,5
10001,Dr. Korimblum,2020-06-01,PENTAVALENTE,10
10001,Dr. Korimblum,2020-06-01,NEUMOCOCICA CONJUGADA,8
10001,Dr. Korimblum,2020-06-01,SABIN ORAL,7
10001,Dr. Korimblum,2020-06-01,TRIPLE VIRAL,3
10001,Dr. Korimblum,2020-06-01,ANTI GRIPAL,16
10001,Dr. Korimblum,2020-06-01,HEPATITIS A,3
10001,Dr. Korimblum,2020-06-01,VARICELA,5
10001,Dr. Korimblum,2020-06-01,MENINGOCOC.,13
10001,Dr. Korimblum,2020-06-01,DOBLE BACTERIANA,3
10001,Dr. Korimblum,2020-06-01,HPV,7
38,Dr. JC Benitez Suarez,2020-06-01,HEPATITIS B,3
38,Dr. JC Benitez Suarez,2020-06-01,SALK,15
38,Dr. JC Benitez Suarez,2020-06-01,ROTAVIRUS,5
38,Dr. JC Benitez Suarez,2020-06-01,PENTAVALENTE,17
38,Dr. JC Benitez Suarez,2020-06-01,NEUMOCOCICA CONJUGADA,9
38,Dr. JC Benitez Suarez,2020-06-01,TRIPLE VIRAL,22
38,Dr. JC Benitez Suarez,2020-06-01,HEPATITIS A,3
38,Dr. JC Benitez Suarez,2020-06-01,VARICELA,8
38,Dr. JC Benitez Suarez,2020-06-01,MENINGOCOC.,14
38,Dr. JC Benitez Suarez,2020-06-01,DPT,9
38,Dr. JC Benitez Suarez,2020-06-01,DPT (a),3
38,Dr. JC Benitez Suarez,2020-06-01,DOBLE BACTERIANA,14
38,Dr. JC Benitez Suarez,2020-06-01,HPV,8
38,Dr. JC Benitez Suarez,2020-06-01,NEUMOCOCICA NO CONJUGADA,14
41,Dr. Manuel Gonzalez,2020-06-01,HEPATITIS B,1
41,Dr. Manuel Gonzalez,2020-06-01,SALK,3
41,Dr. Manuel Gonzalez,2020-06-01,PENTAVALENTE,2
41,Dr. Manuel Gonzalez,2020-06-01,NEUMOCOCICA CONJUGADA,2
41,Dr. Manuel Gonzalez,2020-06-01,TRIPLE VIRAL,5
41,Dr. Manuel Gonzalez,2020-06-01,ANTI GRIPAL,20
41,Dr. Manuel Gonzalez,2020-06-01,HEPATITIS A,3
41,Dr. Manuel Gonzalez,2020-06-01,MENINGOCOC.,4
41,Dr. Manuel Gonzalez,2020-06-01,DPT,2
41,Dr. Manuel Gonzalez,2020-06-01,DPT (a),2
41,Dr. Manuel Gonzalez,2020-06-01,DOBLE BACTERIANA,4
41,Dr. Manuel Gonzalez,2020-06-01,HPV,4
75,Dr. Mauricio Open,2020-06-01,HEPATITIS B,12
75,Dr. Mauricio Open,2020-06-01,SALK,7
75,Dr. Mauricio Open,2020-06-01,ROTAVIRUS,7
75,Dr. Mauricio Open,2020-06-01,PENTAVALENTE,8
75,Dr. Mauricio Open,2020-06-01,NEUMOCOCICA CONJUGADA,4
75,Dr. Mauricio Open,2020-06-01,ANTI GRIPAL,33
75,Dr. Mauricio Open,2020-06-01,HEPATITIS A,4
75,Dr. Mauricio Open,2020-06-01,VARICELA,4
75,Dr. Mauricio Open,2020-06-01,MENINGOCOC.,11
75,Dr. Mauricio Open,2020-06-01,DOBLE BACTERIANA,11
75,Dr. Mauricio Open,2020-06-01,HPV,2
10000,Dr. Anibal Malvido,2020-06-01,HEPATITIS B,4
10000,Dr. Anibal Malvido,2020-06-01,SALK,44
10000,Dr. Anibal Malvido,2020-06-01,ROTAVIRUS,21
10000,Dr. Anibal Malvido,2020-06-01,PENTAVALENTE,40
10000,Dr. Anibal Malvido,2020-06-01,NEUMOCOCICA CONJUGADA,39
10000,Dr. Anibal Malvido,2020-06-01,TRIPLE VIRAL,31
10000,Dr. Anibal Malvido,2020-06-01,ANTI GRIPAL,100
10000,Dr. Anibal Malvido,2020-06-01,HEPATITIS A,15
10000,Dr. Anibal Malvido,2020-06-01,VARICELA,8
10000,Dr. Anibal Malvido,2020-06-01,MENINGOCOC.,34
10000,Dr. Anibal Malvido,2020-06-01,DPT,15
10000,Dr. Anibal Malvido,2020-06-01,DPT (a),13
10000,Dr. Anibal Malvido,2020-06-01,DOBLE BACTERIANA,14
10000,Dr. Anibal Malvido,2020-06-01,HPV,13
10000,Dr. Anibal Malvido,2020-06-01,NEUMOCOCICA NO CONJUGADA,2
69,Primera Junta,2020-06-01,HEPATITIS B,19
69,Primera Junta,2020-06-01,SALK,4
69,Primera Junta,2020-06-01,PENTAVALENTE,3
69,Primera Junta,2020-06-01,NEUMOCOCICA CONJUGADA,15
69,Primera Junta,2020-06-01,TRIPLE VIRAL,5
69,Primera Junta,2020-06-01,ANTI GRIPAL,36
69,Primera Junta,2020-06-01,HEPATITIS A,3
69,Primera Junta,2020-06-01,VARICELA,2
69,Primera Junta,2020-06-01,MENINGOCOC.,8
69,Primera Junta,2020-06-01,DPT,2
69,Primera Junta,2020-06-01,DPT (a),5
69,Primera Junta,2020-06-01,DOBLE BACTERIANA,20
69,Primera Junta,2020-06-01,DOBLE VIRAL,5
69,Primera Junta,2020-06-01,HPV,4
69,Primera Junta,2020-06-01,NEUMOCOCICA NO CONJUGADA,1
62,Pujol,2020-06-01,HEPATITIS B,2
62,Pujol,2020-06-01,PENTAVALENTE,2
62,Pujol,2020-06-01,NEUMOCOCICA CONJUGADA,2
62,Pujol,2020-06-01,TRIPLE VIRAL,2
62,Pujol,2020-06-01,ANTI GRIPAL,35
62,Pujol,2020-06-01,HEPATITIS A,2
62,Pujol,2020-06-01,VARICELA,2
62,Pujol,2020-06-01,MENINGOCOC.,2
62,Pujol,2020-06-01,DOBLE BACTERIANA,5
62,Pujol,2020-06-01,HPV,3
79,Quinta Ferre,2020-06-01,BCG,13
79,Quinta Ferre,2020-06-01,ROTAVIRUS,8
79,Quinta Ferre,2020-06-01,PENTAVALENTE,12
79,Quinta Ferre,2020-06-01,NEUMOCOCICA CONJUGADA,12
79,Quinta Ferre,2020-06-01,ANTI GRIPAL,33
79,Quinta Ferre,2020-06-01,HEPATITIS A,5
79,Quinta Ferre,2020-06-01,VARICELA,3
79,Quinta Ferre,2020-06-01,MENINGOCOC.,3
79,Quinta Ferre,2020-06-01,DPT,2
79,Quinta Ferre,2020-06-01,DPT (a),7
79,Quinta Ferre,2020-06-01,HPV,6
79,Quinta Ferre,2020-06-01,NEUMOCOCICA NO CONJUGADA,6
46,Rio Parana,2020-06-01,HEPATITIS B,4
46,Rio Parana,2020-06-01,SALK,18
46,Rio Parana,2020-06-01,ROTAVIRUS,10
46,Rio Parana,2020-06-01,PENTAVALENTE,15
46,Rio Parana,2020-06-01,NEUMOCOCICA CONJUGADA,15
46,Rio Parana,2020-06-01,TRIPLE VIRAL,7
46,Rio Parana,2020-06-01,ANTI GRIPAL,63
46,Rio Parana,2020-06-01,HEPATITIS A,4
46,Rio Parana,2020-06-01,VARICELA,2
46,Rio Parana,2020-06-01,MENINGOCOC.,2
46,Rio Parana,2020-06-01,FIEBRE AMARILLA,10
46,Rio Parana,2020-06-01,DPT,4
46,Rio Parana,2020-06-01,DPT (a),8
46,Rio Parana,2020-06-01,DOBLE BACTERIANA,6
46,Rio Parana,2020-06-01,HPV,10
46,Rio Parana,2020-06-01,NEUMOCOCICA NO CONJUGADA,1
73,San Marcos,2020-06-01,HEPATITIS B,1
73,San Marcos,2020-06-01,SALK,12
73,San Marcos,2020-06-01,ROTAVIRUS,1
73,San Marcos,2020-06-01,PENTAVALENTE,12
73,San Marcos,2020-06-01,NEUMOCOCICA CONJUGADA,11
73,San Marcos,2020-06-01,TRIPLE VIRAL,10
73,San Marcos,2020-06-01,ANTI GRIPAL,38
73,San Marcos,2020-06-01,HEPATITIS A,4
73,San Marcos,2020-06-01,VARICELA,6
73,San Marcos,2020-06-01,MENINGOCOC.,13
73,San Marcos,2020-06-01,DPT,7
73,San Marcos,2020-06-01,DPT (a),4
73,San Marcos,2020-06-01,HPV,4
127,Santa Catalina,2020-06-01,HEPATITIS B,2
127,Santa Catalina,2020-06-01,SALK,3
127,Santa Catalina,2020-06-01,ROTAVIRUS,1
127,Santa Catalina,2020-06-01,PENTAVALENTE,9
127,Santa Catalina,2020-06-01,NEUMOCOCICA CONJUGADA,8
127,Santa Catalina,2020-06-01,TRIPLE VIRAL,7
127,Santa Catalina,2020-06-01,ANTI GRIPAL,34
127,Santa Catalina,2020-06-01,HEPATITIS A,4
127,Santa Catalina,2020-06-01,VARICELA,4
127,Santa Catalina,2020-06-01,MENINGOCOC.,9
127,Santa Catalina,2020-06-01,DPT,1
127,Santa Catalina,2020-06-01,HPV,1
89,Santa Marta,2020-06-01,HEPATITIS B,1
89,Santa Marta,2020-06-01,SALK,3
89,Santa Marta,2020-06-01,ROTAVIRUS,3
89,Santa Marta,2020-06-01,PENTAVALENTE,3
89,Santa Marta,2020-06-01,TRIPLE VIRAL,3
89,Santa Marta,2020-06-01,ANTI GRIPAL,13
89,Santa Marta,2020-06-01,HEPATITIS A,3
89,Santa Marta,2020-06-01,VARICELA,2
89,Santa Marta,2020-06-01,MENINGOCOC.,3
89,Santa Marta,2020-06-01,DPT,2
89,Santa Marta,2020-06-01,DPT (a),3
89,Santa Marta,2020-06-01,HPV,3
90,Sapucay,2020-06-01,HEPATITIS B,1
90,Sapucay,2020-06-01,SALK,6
90,Sapucay,2020-06-01,ROTAVIRUS,3
90,Sapucay,2020-06-01,PENTAVALENTE,4
90,Sapucay,2020-06-01,NEUMOCOCICA CONJUGADA,9
90,Sapucay,2020-06-01,TRIPLE VIRAL,4
90,Sapucay,2020-06-01,ANTI GRIPAL,32
90,Sapucay,2020-06-01,HEPATITIS A,2
90,Sapucay,2020-06-01,MENINGOCOC.,1
90,Sapucay,2020-06-01,DPT,2
90,Sapucay,2020-06-01,DOBLE BACTERIANA,3
90,Sapucay,2020-06-01,NEUMOCOCICA NO CONJUGADA,2
90,Sapucay,2020-06-01,MENACTRA,1
10002,Dr. Semper,2020-06-01,BCG,6
10002,Dr. Semper,2020-06-01,HEPATITIS B,1
10002,Dr. Semper,2020-06-01,SALK,13
10002,Dr. Semper,2020-06-01,ROTAVIRUS,5
10002,Dr. Semper,2020-06-01,PENTAVALENTE,9
10002,Dr. Semper,2020-06-01,NEUMOCOCICA CONJUGADA,7
10002,Dr. Semper,2020-06-01,TRIPLE VIRAL,7
10002,Dr. Semper,2020-06-01,ANTI GRIPAL,130
10002,Dr. Semper,2020-06-01,HEPATITIS A,2
10002,Dr. Semper,2020-06-01,VARICELA,1
10002,Dr. Semper,2020-06-01,MENINGOCOC.,5
10002,Dr. Semper,2020-06-01,DPT,4
10002,Dr. Semper,2020-06-01,DPT (a),7
10002,Dr. Semper,2020-06-01,HPV,7
10002,Dr. Semper,2020-06-01,NEUMOCOCICA NO CONJUGADA,1
42,Dr. Santiago Lorenzo,2020-06-01,HEPATITIS B,4
42,Dr. Santiago Lorenzo,2020-06-01,SALK,17
42,Dr. Santiago Lorenzo,2020-06-01,ROTAVIRUS,5
42,Dr. Santiago Lorenzo,2020-06-01,PENTAVALENTE,17
42,Dr. Santiago Lorenzo,2020-06-01,NEUMOCOCICA CONJUGADA,16
42,Dr. Santiago Lorenzo,2020-06-01,TRIPLE VIRAL,5
42,Dr. Santiago Lorenzo,2020-06-01,ANTI GRIPAL,44
42,Dr. Santiago Lorenzo,2020-06-01,HEPATITIS A,4
42,Dr. Santiago Lorenzo,2020-06-01,VARICELA,1
42,Dr. Santiago Lorenzo,2020-06-01,MENINGOCOC.,19
42,Dr. Santiago Lorenzo,2020-06-01,DPT,2
42,Dr. Santiago Lorenzo,2020-06-01,DPT (a),7
42,Dr. Santiago Lorenzo,2020-06-01,DOBLE BACTERIANA,12
42,Dr. Santiago Lorenzo,2020-06-01,HPV,6
42,Dr. Santiago Lorenzo,2020-06-01,NEUMOCOCICA NO CONJUGADA,7
70,Villa Garcia,2020-06-01,HEPATITIS B,1
70,Villa Garcia,2020-06-01,SALK,8
70,Villa Garcia,2020-06-01,PENTAVALENTE,6
70,Villa Garcia,2020-06-01,NEUMOCOCICA CONJUGADA,3
70,Villa Garcia,2020-06-01,TRIPLE VIRAL,5
70,Villa Garcia,2020-06-01,ANTI GRIPAL,29
70,Villa Garcia,2020-06-01,HEPATITIS A,2
70,Villa Garcia,2020-06-01,VARICELA,2
70,Villa Garcia,2020-06-01,MENINGOCOC.,9
70,Villa Garcia,2020-06-01,DPT,2
70,Villa Garcia,2020-06-01,DOBLE BACTERIANA,6
70,Villa Garcia,2020-06-01,HPV,1
70,Villa Garcia,2020-06-01,NEUMOCOCICA NO CONJUGADA,2
51,Dr. Juan Chercoff,2020-06-01,SALK,3
51,Dr. Juan Chercoff,2020-06-01,ROTAVIRUS,1
51,Dr. Juan Chercoff,2020-06-01,PENTAVALENTE,3
51,Dr. Juan Chercoff,2020-06-01,NEUMOCOCICA CONJUGADA,3
51,Dr. Juan Chercoff,2020-06-01,TRIPLE VIRAL,1
51,Dr. Juan Chercoff,2020-06-01,ANTI GRIPAL,6
51,Dr. Juan Chercoff,2020-06-01,HEPATITIS A,1
51,Dr. Juan Chercoff,2020-06-01,MENINGOCOC.,3
51,Dr. Juan Chercoff,2020-06-01,DOBLE BACTERIANA,4
88,Dr. Lifschitz,2020-06-01,SALK,7
88,Dr. Lifschitz,2020-06-01,ROTAVIRUS,4
88,Dr. Lifschitz,2020-06-01,PENTAVALENTE,5
88,Dr. Lifschitz,2020-06-01,NEUMOCOCICA CONJUGADA,6
88,Dr. Lifschitz,2020-06-01,TRIPLE VIRAL,6
88,Dr. Lifschitz,2020-06-01,ANTI GRIPAL,104
88,Dr. Lifschitz,2020-06-01,HEPATITIS A,3
88,Dr. Lifschitz,2020-06-01,VARICELA,1
88,Dr. Lifschitz,2020-06-01,MENINGOCOC.,8
88,Dr. Lifschitz,2020-06-01,FIEBRE AMARILLA,10
88,Dr. Lifschitz,2020-06-01,DPT,3
88,Dr. Lifschitz,2020-06-01,DPT (a),14
88,Dr. Lifschitz,2020-06-01,HPV,7
88,Dr. Lifschitz,2020-06-01,NEUMOCOCICA NO CONJUGADA,1
32,Dr. Manuel Cassuso,2020-06-01,HEPATITIS B,5
32,Dr. Manuel Cassuso,2020-06-01,SALK,25
32,Dr. Manuel Cassuso,2020-06-01,ROTAVIRUS,10
32,Dr. Manuel Cassuso,2020-06-01,PENTAVALENTE,24
32,Dr. Manuel Cassuso,2020-06-01,NEUMOCOCICA CONJUGADA,19
32,Dr. Manuel Cassuso,2020-06-01,MENACTRA,3
32,Dr. Manuel Cassuso,2020-06-01,TRIPLE VIRAL,7
32,Dr. Manuel Cassuso,2020-06-01,ANTI GRIPAL,51
32,Dr. Manuel Cassuso,2020-06-01,HEPATITIS A,4
32,Dr. Manuel Cassuso,2020-06-01,VARICELA,2
32,Dr. Manuel Cassuso,2020-06-01,MENINGOCOC.,9
32,Dr. Manuel Cassuso,2020-06-01,DPT,3
32,Dr. Manuel Cassuso,2020-06-01,DPT (a),9
32,Dr. Manuel Cassuso,2020-06-01,DOBLE BACTERIANA,13
32,Dr. Manuel Cassuso,2020-06-01,HPV,8
32,Dr. Manuel Cassuso,2020-06-01,NEUMOCOCICA NO CONJUGADA,7
10004,Centro de distribucion de Vacunas,2020-06-01,SALK,8
10004,Centro de distribucion de Vacunas,2020-06-01,PENTAVALENTE,11
10004,Centro de distribucion de Vacunas,2020-06-01,ROTAVIRUS,2
10004,Centro de distribucion de Vacunas,2020-06-01,DPT,2
10004,Centro de distribucion de Vacunas,2020-06-01,DOBLE ADULTO,24
10004,Centro de distribucion de Vacunas,2020-06-01,TRIPLE VIRAL,4
10004,Centro de distribucion de Vacunas,2020-06-01,HEPATITIS A,2
10004,Centro de distribucion de Vacunas,2020-06-01,HEPATITIS B,23
10004,Centro de distribucion de Vacunas,2020-06-01,DPT (a),11
10004,Centro de distribucion de Vacunas,2020-06-01,FIEBRE AMARILLA,1
10004,Centro de distribucion de Vacunas,2020-06-01,NEUMO 13,16
10004,Centro de distribucion de Vacunas,2020-06-01,NEUMO 23,12
10004,Centro de distribucion de Vacunas,2020-06-01,HPV,3
10004,Centro de distribucion de Vacunas,2020-06-01,ANTIGRIPAL ADULTO,110
10004,Centro de distribucion de Vacunas,2020-06-01,ANTIGRIPAL PEDIATRICO,17
10004,Centro de distribucion de Vacunas,2020-06-01,MENVEO,8
10004,Centro de distribucion de Vacunas,2020-06-01,VARICELA,3
31,Dr. Elias Galvan,2020-06-01,SALK,5
31,Dr. Elias Galvan,2020-06-01,ROTAVIRUS,3
31,Dr. Elias Galvan,2020-06-01,PENTAVALENTE,5
31,Dr. Elias Galvan,2020-06-01,NEUMOCOCICA CONJUGADA,5
31,Dr. Elias Galvan,2020-06-01,TRIPLE VIRAL,3
31,Dr. Elias Galvan,2020-06-01,ANTI GRIPAL,10
31,Dr. Elias Galvan,2020-06-01,HEPATITIS A,2
31,Dr. Elias Galvan,2020-06-01,VARICELA,1
31,Dr. Elias Galvan,2020-06-01,MENINGOCOC.,7
31,Dr. Elias Galvan,2020-06-01,DPT,1
31,Dr. Elias Galvan,2020-06-01,DPT (a),3
31,Dr. Elias Galvan,2020-06-01,HPV,1
91,Dr. Pedro Blugerman,2020-07-01,HEPATITIS B,7
91,Dr. Pedro Blugerman,2020-07-01,SALK,20
91,Dr. Pedro Blugerman,2020-07-01,ROTAVIRUS,10
91,Dr. Pedro Blugerman,2020-07-01,PENTAVALENTE,29
91,Dr. Pedro Blugerman,2020-07-01,NEUMOCOCICA CONJUGADA,3
91,Dr. Pedro Blugerman,2020-07-01,TRIPLE VIRAL,9
91,Dr. Pedro Blugerman,2020-07-01,ANTI GRIPAL,25
91,Dr. Pedro Blugerman,2020-07-01,HEPATITIS A,6
91,Dr. Pedro Blugerman,2020-07-01,VARICELA,12
91,Dr. Pedro Blugerman,2020-07-01,FIEBRE AMARILLA,1
91,Dr. Pedro Blugerman,2020-07-01,DPT,2
91,Dr. Pedro Blugerman,2020-07-01,DPT (a),4
91,Dr. Pedro Blugerman,2020-07-01,DOBLE BACTERIANA,14
91,Dr. Pedro Blugerman,2020-07-01,DOBLE VIRAL,16
91,Dr. Pedro Blugerman,2020-07-01,HPV,7
91,Dr. Pedro Blugerman,2020-07-01,NEUMOCOCICA NO CONJUGADA,2
71,Villa Chiquita,2020-07-01,HEPATITIS B,6
71,Villa Chiquita,2020-07-01,SALK,8
71,Villa Chiquita,2020-07-01,ROTAVIRUS,6
71,Villa Chiquita,2020-07-01,PENTAVALENTE,12
71,Villa Chiquita,2020-07-01,NEUMOCOCICA CONJUGADA,9
71,Villa Chiquita,2020-07-01,TRIPLE VIRAL,1
71,Villa Chiquita,2020-07-01,ANTI GRIPAL,19
71,Villa Chiquita,2020-07-01,HEPATITIS A,1
71,Villa Chiquita,2020-07-01,VARICELA,4
71,Villa Chiquita,2020-07-01,MENINGOCOC.,5
71,Villa Chiquita,2020-07-01,DPT,5
71,Villa Chiquita,2020-07-01,DPT (a),4
71,Villa Chiquita,2020-07-01,HPV,2
54,Itati,2020-07-01,HEPATITIS B,7
54,Itati,2020-07-01,SALK,15
54,Itati,2020-07-01,ROTAVIRUS,13
54,Itati,2020-07-01,PENTAVALENTE,17
54,Itati,2020-07-01,NEUMOCOCICA CONJUGADA,19
54,Itati,2020-07-01,TRIPLE VIRAL,6
54,Itati,2020-07-01,ANTI GRIPAL,10
54,Itati,2020-07-01,HEPATITIS B,5
54,Itati,2020-07-01,VARICELA,4
54,Itati,2020-07-01,MENINGOCOC.,22
54,Itati,2020-07-01,DPT,3
54,Itati,2020-07-01,DPT (a),11
54,Itati,2020-07-01,HPV,10
38,Dr. JC Benitez Suarez,1900-01-01,HEPATITIS B,2
38,Dr. JC Benitez Suarez,1900-01-01,SALK,8
38,Dr. JC Benitez Suarez,1900-01-01,ROTAVIRUS,6
38,Dr. JC Benitez Suarez,1900-01-01,PENTAVALENTE,12
38,Dr. JC Benitez Suarez,1900-01-01,NEUMOCOCICA CONJUGADA,5
38,Dr. JC Benitez Suarez,1900-01-01,TRIPLE VIRAL,11
38,Dr. JC Benitez Suarez,1900-01-01,HEPATITIS A,2
38,Dr. JC Benitez Suarez,1900-01-01,VARICELA,4
38,Dr. JC Benitez Suarez,1900-01-01,MENINGOCOC.,1
38,Dr. JC Benitez Suarez,1900-01-01,DPT,1
38,Dr. JC Benitez Suarez,1900-01-01,DPT (a),4
38,Dr. JC Benitez Suarez,1900-01-01,DOBLE BACTERIANA,8
38,Dr. JC Benitez Suarez,1900-01-01,HPV,1
38,Dr. JC Benitez Suarez,2020-07-01,NEUMOCOCICA NO CONJUGADA,4
10000,Dr. Anibal Malvido,2020-07-01,HEPATITIS B,8
10000,Dr. Anibal Malvido,2020-07-01,SALK,41
10000,Dr. Anibal Malvido,2020-07-01,ROTAVIRUS,16
10000,Dr. Anibal Malvido,2020-07-01,PENTAVALENTE,45
10000,Dr. Anibal Malvido,2020-07-01,NEUMOCOCICA CONJUGADA,29
10000,Dr. Anibal Malvido,2020-07-01,TRIPLE VIRAL,18
10000,Dr. Anibal Malvido,2020-07-01,HEPATITIS A,56
10000,Dr. Anibal Malvido,2020-07-01,VARICELA,18
10000,Dr. Anibal Malvido,2020-07-01,MENINGOCOC.,14
10000,Dr. Anibal Malvido,2020-07-01,DPT,59
10000,Dr. Anibal Malvido,2020-07-01,DPT (a),5
10000,Dr. Anibal Malvido,2020-07-01,DOBLE BACTERIANA,30
10000,Dr. Anibal Malvido,2020-07-01,HPV,18
34,Dr. Marcelino Vera,2020-07-01,SALK,2
34,Dr. Marcelino Vera,2020-07-01,ROTAVIRUS,1
34,Dr. Marcelino Vera,2020-07-01,PENTAVALENTE,3
34,Dr. Marcelino Vera,2020-07-01,NEUMOCOCICA CONJUGADA,2
34,Dr. Marcelino Vera,2020-07-01,TRIPLE VIRAL,1
34,Dr. Marcelino Vera,2020-07-01,ANTI GRIPAL,6
34,Dr. Marcelino Vera,2020-07-01,HEPATITIS A,1
34,Dr. Marcelino Vera,2020-07-01,VARICELA,3
34,Dr. Marcelino Vera,2020-07-01,MENINGOCOC.,3
34,Dr. Marcelino Vera,2020-07-01,DPT,5
34,Dr. Marcelino Vera,2020-07-01,DPT (a),1
34,Dr. Marcelino Vera,2020-07-01,HPV,1
69,Primera Junta,2020-07-01,HEPATITIS B,12
69,Primera Junta,2020-07-01,SALK,7
69,Primera Junta,2020-07-01,ROTAVIRUS,2
69,Primera Junta,2020-07-01,PENTAVALENTE,9
69,Primera Junta,2020-07-01,NEUMOCOCICA CONJUGADA,3
69,Primera Junta,2020-07-01,TRIPLE VIRAL,3
69,Primera Junta,2020-07-01,ANTI GRIPAL,8
69,Primera Junta,2020-07-01,HEPATITIS A,1
69,Primera Junta,2020-07-01,VARICELA,3
69,Primera Junta,2020-07-01,MENINGOCOC.,8
69,Primera Junta,2020-07-01,DPT,2
69,Primera Junta,2020-07-01,DPT (a),5
69,Primera Junta,2020-07-01,DOBLE BACTERIANA,13
69,Primera Junta,2020-07-01,HPV,2
69,Primera Junta,2020-07-01,NEUMOCOCICA CONJUGADA,1
47,Dr. Guillermo Rawson,2020-07-01,HEPATITIS B,41
47,Dr. Guillermo Rawson,2020-07-01,SALK,8
47,Dr. Guillermo Rawson,2020-07-01,ROTAVIRUS,7
47,Dr. Guillermo Rawson,2020-07-01,PENTAVALENTE,10
47,Dr. Guillermo Rawson,2020-07-01,NEUMOCOCICA CONJUGADA,14
47,Dr. Guillermo Rawson,2020-07-01,TRIPLE VIRAL,4
47,Dr. Guillermo Rawson,2020-07-01,ANTI GRIPAL,26
47,Dr. Guillermo Rawson,2020-07-01,HEPATITIS A,3
47,Dr. Guillermo Rawson,2020-07-01,VARICELA,3
47,Dr. Guillermo Rawson,2020-07-01,MENINGOCOC.,15
47,Dr. Guillermo Rawson,2020-07-01,DPT,1
47,Dr. Guillermo Rawson,2020-07-01,DPT (a),9
47,Dr. Guillermo Rawson,2020-07-01,DOBLE BACTERIANA,38
47,Dr. Guillermo Rawson,2020-07-01,HPV,4
47,Dr. Guillermo Rawson,2020-07-01,NEUMOCOCICA NO CONJUGADA,6
82,Dr. Miguel Rossi Candia,2020-07-01,HEPATITIS B,15
82,Dr. Miguel Rossi Candia,2020-07-01,SALK,21
82,Dr. Miguel Rossi Candia,2020-07-01,ROTAVIRUS,11
82,Dr. Miguel Rossi Candia,2020-07-01,PENTAVALENTE,18
82,Dr. Miguel Rossi Candia,2020-07-01,NEUMOCOCICA CONJUGADA,16
82,Dr. Miguel Rossi Candia,2020-07-01,TRIPLE VIRAL,8
82,Dr. Miguel Rossi Candia,2020-07-01,HEPATITIS A,5
82,Dr. Miguel Rossi Candia,2020-07-01,VARICELA,1
82,Dr. Miguel Rossi Candia,2020-07-01,MENINGOCOC.,8
82,Dr. Miguel Rossi Candia,2020-07-01,DPT,3
82,Dr. Miguel Rossi Candia,2020-07-01,DPT (a),7
82,Dr. Miguel Rossi Candia,2020-07-01,DOBLE VIRAL,10
82,Dr. Miguel Rossi Candia,2020-07-01,HPV,12
82,Dr. Miguel Rossi Candia,2020-07-01,NEUMOCOCICA NO CONJUGADA,1
82,Dr. Miguel Rossi Candia,2020-07-01,ANTI GRIPAL,19
58,Dr. Oscar Pirchi,2020-07-01,HEPATITIS B,21
58,Dr. Oscar Pirchi,2020-07-01,SALK,25
58,Dr. Oscar Pirchi,2020-07-01,ROTAVIRUS,15
58,Dr. Oscar Pirchi,2020-07-01,PENTAVALENTE,28
58,Dr. Oscar Pirchi,2020-07-01,NEUMOCOCICA CONJUGADA,21
58,Dr. Oscar Pirchi,2020-07-01,TRIPLE VIRAL,6
58,Dr. Oscar Pirchi,2020-07-01,ANTI GRIPAL,36
58,Dr. Oscar Pirchi,2020-07-01,HEPATITIS A,5
58,Dr. Oscar Pirchi,2020-07-01,VARICELA,5
58,Dr. Oscar Pirchi,2020-07-01,MENINGOCOC.,20
58,Dr. Oscar Pirchi,2020-07-01,DPT,1
58,Dr. Oscar Pirchi,2020-07-01,DPT (a),9
58,Dr. Oscar Pirchi,2020-07-01,DOBLE BACTERIANA,10
58,Dr. Oscar Pirchi,2020-07-01,HPV,6
10004,Centro de distribucion de Vacunas,2020-07-01,SALK,9
10004,Centro de distribucion de Vacunas,2020-07-01,PENTAVALENTE,12
10004,Centro de distribucion de Vacunas,2020-07-01,ROTAVIRUS,3
10004,Centro de distribucion de Vacunas,2020-07-01,DPT,3
10004,Centro de distribucion de Vacunas,2020-07-01,DOBLE ADULTO,43
10004,Centro de distribucion de Vacunas,2020-07-01,TRIPLE VIRAL,5
10004,Centro de distribucion de Vacunas,2020-07-01,HEPATITIS A,1
10004,Centro de distribucion de Vacunas,2020-07-01,HEPATITIS B,31
10004,Centro de distribucion de Vacunas,2020-07-01,DPT (a),8
10004,Centro de distribucion de Vacunas,2020-07-01,NEUMO 13,8
10004,Centro de distribucion de Vacunas,2020-07-01,NEUMO 23,10
10004,Centro de distribucion de Vacunas,2020-07-01,HPV,4
10004,Centro de distribucion de Vacunas,2020-07-01,ANTI GRIPAL ADULTO ,39
10004,Centro de distribucion de Vacunas,2020-07-01,ANTIGRIPAL PEDIATRICO,5
10004,Centro de distribucion de Vacunas,2020-07-01,MENVEO,17
127,Santa Catalina,2020-07-01,HEPATITIS B,3
127,Santa Catalina,2020-07-01,SALK,12
127,Santa Catalina,2020-07-01,ROTAVIRUS,3
127,Santa Catalina,2020-07-01,PENTAVALENTE,11
127,Santa Catalina,2020-07-01,NEUMOCOCICA CONJUGADA,5
127,Santa Catalina,2020-07-01,TRIPLE VIRAL,4
127,Santa Catalina,2020-07-01,ANTI GRIPAL,15
127,Santa Catalina,2020-07-01,HEPATITIS A,2
127,Santa Catalina,2020-07-01,VARICELA,2
127,Santa Catalina,2020-07-01,FIEBRE AMARILLA,2
89,Santa Marta,2020-07-01,SALK,8
89,Santa Marta,2020-07-01,ROTAVIRUS,3
89,Santa Marta,2020-07-01,PENTAVALENTE,7
89,Santa Marta,2020-07-01,NEUMOCOCICA CONJUGADA,4
89,Santa Marta,2020-07-01,TRIPLE VIRAL,1
89,Santa Marta,2020-07-01,ANTI GRIPAL,10
89,Santa Marta,2020-07-01,VARICELA,1
89,Santa Marta,2020-07-01,MENINGOCOC.,4
89,Santa Marta,2020-07-01,DPT,4
89,Santa Marta,2020-07-01,DPT (a),3
89,Santa Marta,2020-07-01,HPV,3
90,Sapucay,2020-07-01,HEPATITIS B,5
90,Sapucay,2020-07-01,SALK,6
90,Sapucay,2020-07-01,ROTAVIRUS,2
90,Sapucay,2020-07-01,PENTAVALENTE,4
90,Sapucay,2020-07-01,NEUMOCOCICA CONJUGADA,9
90,Sapucay,2020-07-01,TRIPLE VIRAL,7
90,Sapucay,2020-07-01,ANTI GRIPAL,8
90,Sapucay,2020-07-01,HEPATITIS A,3
90,Sapucay,2020-07-01,VARICELA,2
90,Sapucay,2020-07-01,MENINGOCOC.,10
90,Sapucay,2020-07-01,FIEBRE AMARILLA,13
90,Sapucay,2020-07-01,DPT,4
90,Sapucay,2020-07-01,DPT (a),1
90,Sapucay,2020-07-01,DOBLE BACTERIANA,7
90,Sapucay,2020-07-01,MENACTRA,1
90,Sapucay,2020-07-01,HPV,2
90,Sapucay,2020-07-01,NEUMOCOCICA NO CONJUGADA,2
10002,Dr. Semper,2020-07-01,BCG,9
10002,Dr. Semper,2020-07-01,HEPATITIS B,6
10002,Dr. Semper,2020-07-01,SALK,12
10002,Dr. Semper,2020-07-01,ROTAVIRUS,7
10002,Dr. Semper,2020-07-01,PENTAVALENTE,13
10002,Dr. Semper,2020-07-01,NEUMOCOCICA CONJUGADA,14
10002,Dr. Semper,2020-07-01,TRIPLE VIRAL,8
10002,Dr. Semper,2020-07-01,ANTI GRIPAL,24
10002,Dr. Semper,2020-07-01,HEPATITIS A,6
10002,Dr. Semper,2020-07-01,VARICELA,3
10002,Dr. Semper,2020-07-01,MENINGOCOC.,7
10002,Dr. Semper,2020-07-01,DPT,1
10002,Dr. Semper,2020-07-01,DPT (a),6
10002,Dr. Semper,2020-07-01,HPV,3
10002,Dr. Semper,2020-07-01,NEUMOCOCICA NO CONJUGADA,12
37,Dr. Sussini,2020-07-01,HEPATITIS A,56
37,Dr. Sussini,2020-07-01,SALK,51
37,Dr. Sussini,2020-07-01,ROTAVIRUS,31
37,Dr. Sussini,2020-07-01,PENTAVALENTE,51
37,Dr. Sussini,2020-07-01,NEUMOCOCICA CONJUGADA,55
37,Dr. Sussini,2020-07-01,TRIPLE VIRAL,21
37,Dr. Sussini,2020-07-01,ANTI GRIPAL,115
37,Dr. Sussini,2020-07-01,HEPATITIS A,12
37,Dr. Sussini,2020-07-01,VARICELA,15
37,Dr. Sussini,2020-07-01,MENINGOCOC.,58
37,Dr. Sussini,2020-07-01,FIEBRE AMARILLA,14
37,Dr. Sussini,2020-07-01,DPT,6
37,Dr. Sussini,2020-07-01,DPT (a),26
37,Dr. Sussini,2020-07-01,DOBLE BACTERIANA,86
37,Dr. Sussini,2020-07-01,HPV,23
37,Dr. Sussini,2020-07-01,NEUMOCOCICA NO CONJUGADA,6
70,Villa Garcia,2020-07-01,HEPATITIS B,1
70,Villa Garcia,2020-07-01,SALK,4
70,Villa Garcia,2020-07-01,ROTAVIRUS,1
70,Villa Garcia,2020-07-01,PENTAVALENTE,7
70,Villa Garcia,2020-07-01,NEUMOCOCICA CONJUGADA,1
70,Villa Garcia,2020-07-01,TRIPLE VIRAL,9
70,Villa Garcia,2020-07-01,ANTI GRIPAL,9
70,Villa Garcia,2020-07-01,VARICELA,2
70,Villa Garcia,2020-07-01,MENINGOCOC.,4
70,Villa Garcia,2020-07-01,DPT,1
70,Villa Garcia,2020-07-01,DPT (a),2
70,Villa Garcia,2020-07-01,DOBLE BACTERIANA,5
70,Villa Garcia,2020-07-01,HPV,3
70,Villa Garcia,2020-07-01,MENACTRA,2
70,Villa Garcia,2020-07-01,NEUMO 13,2
73,San Marcos,2020-07-01,HEPATITIS B,2
73,San Marcos,2020-07-01,SALK,7
73,San Marcos,2020-07-01,PENTAVALENTE,11
73,San Marcos,2020-07-01,NEUMOCOCICA CONJUGADA,8
73,San Marcos,2020-07-01,TRIPLE VIRAL,4
73,San Marcos,2020-07-01,ANTI GRIPAL,29
73,San Marcos,2020-07-01,HEPATITIS A,3
73,San Marcos,2020-07-01,VARICELA,5
73,San Marcos,2020-07-01,MENINGOCOC.,16
73,San Marcos,2020-07-01,DPT,4
73,San Marcos,2020-07-01,DPT (a),13
73,San Marcos,2020-07-01,DOBLE BACTERIANA,6
73,San Marcos,2020-07-01,HPV,5
70,Villa Garcia,2020-07-01,TRIPLE VIRAL,2
70,Villa Garcia,2020-07-01,NEUMOCOCICA NO CONJUGADA,2
37,Dr. Sussini,2020-07-01,HEPATITIS B,56
127,Santa Catalina,2020-07-01,DPT,5
127,Santa Catalina,2020-07-01,DPT (a),2
127,Santa Catalina,2020-07-01,DOBLE BACTERIANA,5
127,Santa Catalina,2020-07-01,HPV,3
58,Dr. Oscar Pirchi,2020-07-01,SABIN ORAL,0
10004,Centro de distribucion de Vacunas,2020-07-01,DPT (a),43
10004,Centro de distribucion de Vacunas,2020-07-01,NEUMOCOCICA CONJUGADA,8
10004,Centro de distribucion de Vacunas,2020-07-01,NEUMOCOCICA NO CONJUGADA,10
10004,Centro de distribucion de Vacunas,2020-07-01,ANTI GRIPAL,4
10004,Centro de distribucion de Vacunas,2020-07-01,ANTI GRIPAL,39
10004,Centro de distribucion de Vacunas,2020-07-01,MENINGOCOC.,5
10004,Centro de distribucion de Vacunas,2020-07-01,VARICELA,17
10004,Centro de distribucion de Vacunas,2020-07-01,FIEBRE AMARILLA,5
76,Dr. Romilio Monzón,2020-07-01,HEPATITIS B,9
76,Dr. Romilio Monzón,2020-07-01,SALK,14
76,Dr. Romilio Monzón,2020-07-01,ROTAVIRUS,6
76,Dr. Romilio Monzón,2020-07-01,PENTAVALENTE,15
76,Dr. Romilio Monzón,2020-07-01,NEUMOCOCICA CONJUGADA,10
76,Dr. Romilio Monzón,2020-07-01,TRIPLE VIRAL,3
76,Dr. Romilio Monzón,2020-07-01,ANTI GRIPAL,18
76,Dr. Romilio Monzón,2020-07-01,HEPATITIS A,2
76,Dr. Romilio Monzón,2020-07-01,VARICELA,2
76,Dr. Romilio Monzón,2020-07-01,MENINGOCOC.,16
76,Dr. Romilio Monzón,2020-07-01,DPT,1
76,Dr. Romilio Monzón,2020-07-01,DPT (a),6
76,Dr. Romilio Monzón,2020-07-01,DOBLE BACTERIANA,10
76,Dr. Romilio Monzón,2020-07-01,HPV,6
76,Dr. Romilio Monzón,2020-07-01,NEUMOCOCICA NO CONJUGADA,2
10003,Guemes,2020-07-01,HEPATITIS B,15
10003,Guemes,2020-07-01,SALK,13
10003,Guemes,2020-07-01,ROTAVIRUS,4
10003,Guemes,2020-07-01,PENTAVALENTE,14
10003,Guemes,2020-07-01,NEUMOCOCICA CONJUGADA,6
10003,Guemes,2020-07-01,TRIPLE VIRAL,5
10003,Guemes,2020-07-01,ANTI GRIPAL,14
10003,Guemes,2020-07-01,HEPATITIS A,1
10003,Guemes,2020-07-01,VARICELA,4
10003,Guemes,2020-07-01,MENINGOCOC.,10
10003,Guemes,2020-07-01,FIEBRE AMARILLA,10
10003,Guemes,2020-07-01,DPT,2
10003,Guemes,2020-07-01,DPT (a),12
10003,Guemes,2020-07-01,HPV,10
10001,Dr. Korimblum,2020-07-01,ROTAVIRUS,5
10001,Dr. Korimblum,2020-07-01,SABIN ORAL,8
10001,Dr. Korimblum,2020-07-01,TRIPLE VIRAL,2
10001,Dr. Korimblum,2020-07-01,ANTI GRIPAL,7
10001,Dr. Korimblum,2020-07-01,HEPATITIS A,1
10001,Dr. Korimblum,2020-07-01,MENINGOCOC.,6
10001,Dr. Korimblum,2020-07-01,DPT,5
10001,Dr. Korimblum,2020-07-01,DOBLE BACTERIANA,4
10001,Dr. Korimblum,2020-07-01,HPV,4
51,Dr. Juan Chercoff,2020-07-01,SALK,3
51,Dr. Juan Chercoff,2020-07-01,PENTAVALENTE,2
51,Dr. Juan Chercoff,2020-07-01,NEUMOCOCICA CONJUGADA,5
51,Dr. Juan Chercoff,2020-07-01,TRIPLE VIRAL,4
51,Dr. Juan Chercoff,2020-07-01,HEPATITIS A,2
51,Dr. Juan Chercoff,2020-07-01,VARICELA,2
51,Dr. Juan Chercoff,2020-07-01,MENINGOCOC.,3
51,Dr. Juan Chercoff,2020-07-01,DPT,1
51,Dr. Juan Chercoff,2020-07-01,DPT (a),2
48,Dr. Jose de los Reyes Vidal,2020-07-01,HEPATITIS B,3
48,Dr. Jose de los Reyes Vidal,2020-07-01,SALK,6
48,Dr. Jose de los Reyes Vidal,2020-07-01,ROTAVIRUS,5
48,Dr. Jose de los Reyes Vidal,2020-07-01,PENTAVALENTE,5
48,Dr. Jose de los Reyes Vidal,2020-07-01,NEUMOCOCICA CONJUGADA,5
48,Dr. Jose de los Reyes Vidal,2020-07-01,TRIPLE VIRAL,3
48,Dr. Jose de los Reyes Vidal,2020-07-01,ANTI GRIPAL,15
48,Dr. Jose de los Reyes Vidal,2020-07-01,VARICELA,1
48,Dr. Jose de los Reyes Vidal,2020-07-01,MENINGOCOC.,5
48,Dr. Jose de los Reyes Vidal,2020-07-01,DPT (a),3
48,Dr. Jose de los Reyes Vidal,2020-07-01,DOBLE BACTERIANA,1
42,Dr. Santiago Lorenzo,2020-07-01,HEPATITIS B,7
42,Dr. Santiago Lorenzo,2020-07-01,SALK,13
42,Dr. Santiago Lorenzo,2020-07-01,ROTAVIRUS,6
42,Dr. Santiago Lorenzo,2020-07-01,PENTAVALENTE,18
42,Dr. Santiago Lorenzo,2020-07-01,NEUMOCOCICA CONJUGADA,17
42,Dr. Santiago Lorenzo,2020-07-01,TRIPLE VIRAL,8
42,Dr. Santiago Lorenzo,2020-07-01,ANTI GRIPAL,35
42,Dr. Santiago Lorenzo,2020-07-01,HEPATITIS A,8
42,Dr. Santiago Lorenzo,2020-07-01,VARICELA,2
42,Dr. Santiago Lorenzo,2020-07-01,MENINGOCOC.,19
42,Dr. Santiago Lorenzo,2020-07-01,DPT (a),8
42,Dr. Santiago Lorenzo,2020-07-01,DOBLE BACTERIANA,15
42,Dr. Santiago Lorenzo,2020-07-01,HPV,5
42,Dr. Santiago Lorenzo,2020-07-01,NEUMOCOCICA NO CONJUGADA,4
85,Santa Margarita,2020-07-01,HEPATITIS B,4
85,Santa Margarita,2020-07-01,SALK,8
85,Santa Margarita,2020-07-01,ROTAVIRUS,4
85,Santa Margarita,2020-07-01,PENTAVALENTE,8
85,Santa Margarita,2020-07-01,NEUMOCOCICA CONJUGADA,6
85,Santa Margarita,2020-07-01,TRIPLE VIRAL,3
85,Santa Margarita,2020-07-01,ANTI GRIPAL,12
85,Santa Margarita,2020-07-01,HEPATITIS A,2
85,Santa Margarita,2020-07-01,VARICELA,3
85,Santa Margarita,2020-07-01,MENINGOCOC.,8
85,Santa Margarita,2020-07-01,DPT,7
85,Santa Margarita,2020-07-01,DPT (a),1
46,Rio Parana,2020-07-01,HEPATITIS B,3
46,Rio Parana,2020-07-01,SALK,10
46,Rio Parana,2020-07-01,ROTAVIRUS,5
46,Rio Parana,2020-07-01,PENTAVALENTE,12
46,Rio Parana,2020-07-01,NEUMOCOCICA CONJUGADA,12
46,Rio Parana,2020-07-01,TRIPLE VIRAL,9
46,Rio Parana,2020-07-01,ANTI GRIPAL,33
46,Rio Parana,2020-07-01,HEPATITIS A,6
46,Rio Parana,2020-07-01,VARICELA,6
46,Rio Parana,2020-07-01,MENINGOCOC.,6
46,Rio Parana,2020-07-01,DPT,3
46,Rio Parana,2020-07-01,DPT (a),5
46,Rio Parana,2020-07-01,DOBLE BACTERIANA,6
46,Rio Parana,2020-07-01,HPV,4
79,Quinta Ferre,2020-07-01,HEPATITIS B,6
79,Quinta Ferre,2020-07-01,SALK,13
79,Quinta Ferre,2020-07-01,ROTAVIRUS,10
79,Quinta Ferre,2020-07-01,PENTAVALENTE,14
79,Quinta Ferre,2020-07-01,NEUMOCOCICA CONJUGADA,15
79,Quinta Ferre,2020-07-01,ANTI GRIPAL,6
79,Quinta Ferre,2020-07-01,HEPATITIS A,3
79,Quinta Ferre,2020-07-01,VARICELA,1
79,Quinta Ferre,2020-07-01,MENINGOCOC.,10
79,Quinta Ferre,2020-07-01,DPT (a),3
79,Quinta Ferre,2020-07-01,HPV,4
62,Pujol,2020-07-01,TRIPLE VIRAL,2
62,Pujol,2020-07-01,ANTI GRIPAL,3
62,Pujol,2020-07-01,HEPATITIS A,2
62,Pujol,2020-07-01,MENINGOCOC.,2
62,Pujol,2020-07-01,DPT (a),1
75,Dr. Mauricio Open,2020-07-01,HEPATITIS B,11
75,Dr. Mauricio Open,2020-07-01,SALK,9
75,Dr. Mauricio Open,2020-07-01,ROTAVIRUS,8
75,Dr. Mauricio Open,2020-07-01,PENTAVALENTE,10
75,Dr. Mauricio Open,2020-07-01,NEUMOCOCICA CONJUGADA,10
75,Dr. Mauricio Open,2020-07-01,SABIN ORAL,11
75,Dr. Mauricio Open,2020-07-01,ANTI GRIPAL,17
75,Dr. Mauricio Open,2020-07-01,HEPATITIS A,1
75,Dr. Mauricio Open,2020-07-01,VARICELA,3
75,Dr. Mauricio Open,2020-07-01,MENINGOCOC.,11
75,Dr. Mauricio Open,2020-07-01,DPT,10
75,Dr. Mauricio Open,2020-07-01,HPV,3
41,Dr. Manuel Gonzalez,2020-07-01,HEPATITIS B,1
41,Dr. Manuel Gonzalez,2020-07-01,SALK,7
41,Dr. Manuel Gonzalez,2020-07-01,ROTAVIRUS,4
41,Dr. Manuel Gonzalez,2020-07-01,PENTAVALENTE,8
41,Dr. Manuel Gonzalez,2020-07-01,NEUMOCOCICA CONJUGADA,7
41,Dr. Manuel Gonzalez,2020-07-01,TRIPLE VIRAL,2
41,Dr. Manuel Gonzalez,2020-07-01,ANTI GRIPAL,6
41,Dr. Manuel Gonzalez,2020-07-01,HEPATITIS A,2
41,Dr. Manuel Gonzalez,2020-07-01,VARICELA,7
41,Dr. Manuel Gonzalez,2020-07-01,MENINGOCOC.,4
41,Dr. Manuel Gonzalez,2020-07-01,DPT (a),4
41,Dr. Manuel Gonzalez,2020-07-01,HPV,4
32,Dr. Manuel Cassuso,2020-07-01,MENACTRA,6
32,Dr. Manuel Cassuso,2020-07-01,HEPATITIS B,6
32,Dr. Manuel Cassuso,2020-07-01,SALK,27
32,Dr. Manuel Cassuso,2020-07-01,ROTAVIRUS,11
32,Dr. Manuel Cassuso,2020-07-01,PENTAVALENTE,24
32,Dr. Manuel Cassuso,2020-07-01,NEUMOCOCICA CONJUGADA,15
32,Dr. Manuel Cassuso,2020-07-01,TRIPLE VIRAL,9
32,Dr. Manuel Cassuso,2020-07-01,ANTI GRIPAL,22
32,Dr. Manuel Cassuso,2020-07-01,HEPATITIS A,4
32,Dr. Manuel Cassuso,2020-07-01,VARICELA,6
32,Dr. Manuel Cassuso,2020-07-01,MENINGOCOC.,12
32,Dr. Manuel Cassuso,2020-07-01,DPT,5
32,Dr. Manuel Cassuso,2020-07-01,DPT (a),11
32,Dr. Manuel Cassuso,2020-07-01,DOBLE BACTERIANA,19
32,Dr. Manuel Cassuso,2020-07-01,HPV,11
32,Dr. Manuel Cassuso,2020-07-01,NEUMOCOCICA NO CONJUGADA,188
10004,Centro de distribucion de Vacunas,2020-07-01,DOBLE BACTERIANA,43
10004,Centro de distribucion de Vacunas,2020-07-01,ANTI GRIPAL,5
10004,Centro de distribucion de Vacunas,2020-07-01,MENINGOCOC.,17
10004,Centro de distribucion de Vacunas,2020-07-01,VARICELA,5
99,OPERATIVO TERRITORIALES,2020-07-01,HEPATITIS B,1
99,OPERATIVO TERRITORIALES,2020-07-01,SALK,10
99,OPERATIVO TERRITORIALES,2020-07-01,PENTAVALENTE,6
99,OPERATIVO TERRITORIALES,2020-07-01,NEUMOCOCICA CONJUGADA,4
99,OPERATIVO TERRITORIALES,2020-07-01,TRIPLE VIRAL,9
99,OPERATIVO TERRITORIALES,2020-07-01,ANTI GRIPAL,25
99,OPERATIVO TERRITORIALES,2020-07-01,HEPATITIS A,2
99,OPERATIVO TERRITORIALES,2020-07-01,VARICELA,4
99,OPERATIVO TERRITORIALES,2020-07-01,MENINGOCOC.,10
99,OPERATIVO TERRITORIALES,2020-07-01,FIEBRE AMARILLA,7
99,OPERATIVO TERRITORIALES,2020-07-01,DPT,8
99,OPERATIVO TERRITORIALES,2020-07-01,DPT (a),2
99,OPERATIVO TERRITORIALES,2020-07-01,HPV,2
88,Dr. Lifschitz,2020-07-01,SALK,7
88,Dr. Lifschitz,2020-07-01,PENTAVALENTE,7
88,Dr. Lifschitz,2020-07-01,NEUMOCOCICA CONJUGADA,7
88,Dr. Lifschitz,2020-07-01,TRIPLE VIRAL,13
88,Dr. Lifschitz,2020-07-01,ANTI GRIPAL,5
88,Dr. Lifschitz,2020-07-01,HEPATITIS A,30
88,Dr. Lifschitz,2020-07-01,VARICELA,3
88,Dr. Lifschitz,2020-07-01,HEPATITIS A,2
88,Dr. Lifschitz,2020-07-01,MENINGOCOC.,3
88,Dr. Lifschitz,2020-07-01,FIEBRE AMARILLA,10
88,Dr. Lifschitz,2020-07-01,DPT,3
88,Dr. Lifschitz,2020-07-01,DPT (a),10
88,Dr. Lifschitz,2020-07-01,DOBLE VIRAL,10
88,Dr. Lifschitz,2020-07-01,HPV,9
88,Dr. Lifschitz,2020-07-01,NEUMOCOCICA NO CONJUGADA,2
49,Dr. Benjamin Serrano,2020-08-01,HEPATITIS B,4
49,Dr. Benjamin Serrano,2020-08-01,SALK,11
49,Dr. Benjamin Serrano,2020-08-01,ROTAVIRUS,3
49,Dr. Benjamin Serrano,2020-08-01,PENTAVALENTE,8
49,Dr. Benjamin Serrano,2020-08-01,SABIN ORAL,7
49,Dr. Benjamin Serrano,2020-08-01,TRIPLE VIRAL,6
49,Dr. Benjamin Serrano,2020-08-01,ANTI GRIPAL,12
49,Dr. Benjamin Serrano,2020-08-01,HEPATITIS A,3
49,Dr. Benjamin Serrano,2020-08-01,VARICELA,2
49,Dr. Benjamin Serrano,2020-08-01,MENINGOCOC.,15
49,Dr. Benjamin Serrano,2020-08-01,DPT,3
49,Dr. Benjamin Serrano,2020-08-01,DPT (a),2
49,Dr. Benjamin Serrano,2020-08-01,DOBLE BACTERIANA,6
49,Dr. Benjamin Serrano,2020-08-01,HPV,4
91,Dr. Pedro Blugerman,2020-08-01,HEPATITIS B,1
91,Dr. Pedro Blugerman,2020-08-01,SALK,41
91,Dr. Pedro Blugerman,2020-08-01,ROTAVIRUS,18
91,Dr. Pedro Blugerman,2020-08-01,PENTAVALENTE,44
91,Dr. Pedro Blugerman,2020-08-01,NEUMOCOCICA CONJUGADA,12
91,Dr. Pedro Blugerman,2020-08-01,TRIPLE VIRAL,25
91,Dr. Pedro Blugerman,2020-08-01,ANTI GRIPAL,28
91,Dr. Pedro Blugerman,2020-08-01,HEPATITIS A,12
91,Dr. Pedro Blugerman,2020-08-01,VARICELA,14
91,Dr. Pedro Blugerman,2020-08-01,MENINGOCOC.,2
91,Dr. Pedro Blugerman,2020-08-01,FIEBRE AMARILLA,3
91,Dr. Pedro Blugerman,2020-08-01,DPT,18
91,Dr. Pedro Blugerman,2020-08-01,DPT (a),17
91,Dr. Pedro Blugerman,2020-08-01,HPV,13
91,Dr. Pedro Blugerman,2020-08-01,NEUMOCOCICA NO CONJUGADA,19
45,Dr. Saul Calmanash,2020-08-01,SALK,3
45,Dr. Saul Calmanash,2020-08-01,ROTAVIRUS,3
45,Dr. Saul Calmanash,2020-08-01,PENTAVALENTE,2
45,Dr. Saul Calmanash,2020-08-01,NEUMOCOCICA CONJUGADA,2
45,Dr. Saul Calmanash,2020-08-01,TRIPLE VIRAL,3
45,Dr. Saul Calmanash,2020-08-01,ANTI GRIPAL,4
45,Dr. Saul Calmanash,2020-08-01,HEPATITIS A,3
45,Dr. Saul Calmanash,2020-08-01,VARICELA,1
76,Dr. Romilio Monzón,2020-08-01,HEPATITIS B,10
76,Dr. Romilio Monzón,2020-08-01,SALK,11
76,Dr. Romilio Monzón,2020-08-01,ROTAVIRUS,5
76,Dr. Romilio Monzón,2020-08-01,PENTAVALENTE,15
76,Dr. Romilio Monzón,2020-08-01,NEUMOCOCICA CONJUGADA,10
76,Dr. Romilio Monzón,2020-08-01,TRIPLE VIRAL,3
76,Dr. Romilio Monzón,2020-08-01,ANTI GRIPAL,17
76,Dr. Romilio Monzón,2020-08-01,HEPATITIS A,3
76,Dr. Romilio Monzón,2020-08-01,VARICELA,2
76,Dr. Romilio Monzón,2020-08-01,MENINGOCOC.,12
76,Dr. Romilio Monzón,2020-08-01,DPT,2
76,Dr. Romilio Monzón,2020-08-01,DPT (a),14
76,Dr. Romilio Monzón,2020-08-01,DOBLE BACTERIANA,10
76,Dr. Romilio Monzón,2020-08-01,HPV,11
76,Dr. Romilio Monzón,2020-08-01,NEUMOCOCICA NO CONJUGADA,2
32,Dr. Manuel Cassuso,2020-08-01,HEPATITIS B,5
32,Dr. Manuel Cassuso,2020-08-01,SALK,18
32,Dr. Manuel Cassuso,2020-08-01,ROTAVIRUS,6
32,Dr. Manuel Cassuso,2020-08-01,PENTAVALENTE,19
32,Dr. Manuel Cassuso,2020-08-01,NEUMOCOCICA CONJUGADA,13
32,Dr. Manuel Cassuso,2020-08-01,TRIPLE VIRAL,6
32,Dr. Manuel Cassuso,2020-08-01,ANTI GRIPAL,19
32,Dr. Manuel Cassuso,2020-08-01,HEPATITIS A,4
32,Dr. Manuel Cassuso,2020-08-01,VARICELA,5
32,Dr. Manuel Cassuso,2020-08-01,MENINGOCOC.,15
32,Dr. Manuel Cassuso,2020-08-01,DPT,6
32,Dr. Manuel Cassuso,2020-08-01,DPT (a),9
32,Dr. Manuel Cassuso,2020-08-01,DOBLE BACTERIANA,16
32,Dr. Manuel Cassuso,2020-08-01,MENACTRA,2
32,Dr. Manuel Cassuso,2020-08-01,HPV,9
48,Dr. Jose de los Reyes Vidal,2020-08-01,HEPATITIS B,3
48,Dr. Jose de los Reyes Vidal,2020-08-01,SALK,6
48,Dr. Jose de los Reyes Vidal,2020-08-01,ROTAVIRUS,3
48,Dr. Jose de los Reyes Vidal,2020-08-01,PENTAVALENTE,7
48,Dr. Jose de los Reyes Vidal,2020-08-01,NEUMOCOCICA CONJUGADA,23
48,Dr. Jose de los Reyes Vidal,2020-08-01,TRIPLE VIRAL,2
48,Dr. Jose de los Reyes Vidal,2020-08-01,ANTI GRIPAL,20
48,Dr. Jose de los Reyes Vidal,2020-08-01,HEPATITIS A,2
48,Dr. Jose de los Reyes Vidal,2020-08-01,VARICELA,1
48,Dr. Jose de los Reyes Vidal,2020-08-01,MENINGOCOC.,14
48,Dr. Jose de los Reyes Vidal,2020-08-01,DPT,4
48,Dr. Jose de los Reyes Vidal,2020-08-01,DPT (a),2
48,Dr. Jose de los Reyes Vidal,2020-08-01,NEUMOCOCICA NO CONJUGADA,6
36,Esperanza,2020-08-01,HEPATITIS B,2
36,Esperanza,2020-08-01,SALK,17
36,Esperanza,2020-08-01,ROTAVIRUS,5
36,Esperanza,2020-08-01,PENTAVALENTE,17
36,Esperanza,2020-08-01,NEUMOCOCICA CONJUGADA,13
36,Esperanza,2020-08-01,TRIPLE VIRAL,13
36,Esperanza,2020-08-01,ANTI GRIPAL,24
36,Esperanza,2020-08-01,HEPATITIS A,6
36,Esperanza,2020-08-01,VARICELA,5
36,Esperanza,2020-08-01,MENINGOCOC.,225
36,Esperanza,2020-08-01,DPT,8
36,Esperanza,2020-08-01,DPT (a),4
36,Esperanza,2020-08-01,DOBLE BACTERIANA,2
36,Esperanza,2020-08-01,HPV,10
38,Dr. JC Benitez Suarez,2020-08-01,HEPATITIS B,4
38,Dr. JC Benitez Suarez,2020-08-01,SALK,17
38,Dr. JC Benitez Suarez,2020-08-01,ROTAVIRUS,5
38,Dr. JC Benitez Suarez,2020-08-01,PENTAVALENTE,13
38,Dr. JC Benitez Suarez,2020-08-01,NEUMOCOCICA CONJUGADA,12
38,Dr. JC Benitez Suarez,2020-08-01,TRIPLE VIRAL,17
38,Dr. JC Benitez Suarez,2020-08-01,HEPATITIS A,8
38,Dr. JC Benitez Suarez,2020-08-01,VARICELA,3
38,Dr. JC Benitez Suarez,2020-08-01,MENINGOCOC.,13
38,Dr. JC Benitez Suarez,2020-08-01,DPT,6
38,Dr. JC Benitez Suarez,2020-08-01,DPT (a),5
38,Dr. JC Benitez Suarez,2020-08-01,DOBLE BACTERIANA,10
38,Dr. JC Benitez Suarez,2020-08-01,HPV,5
38,Dr. JC Benitez Suarez,2020-08-01,NEUMOCOCICA NO CONJUGADA,5
10003,Guemes,2020-08-01,HEPATITIS B,11
10003,Guemes,2020-08-01,SALK,16
10003,Guemes,2020-08-01,ROTAVIRUS,9
10003,Guemes,2020-08-01,PENTAVALENTE,13
10003,Guemes,2020-08-01,NEUMOCOCICA CONJUGADA,12
10003,Guemes,2020-08-01,TRIPLE VIRAL,6
10003,Guemes,2020-08-01,ANTI GRIPAL,13
10003,Guemes,2020-08-01,HEPATITIS A,4
10003,Guemes,2020-08-01,VARICELA,4
10003,Guemes,2020-08-01,MENINGOCOC.,10
10003,Guemes,2020-08-01,FIEBRE AMARILLA,3
10003,Guemes,2020-08-01,DPT,12
10003,Guemes,2020-08-01,HPV,12
54,Itati,2020-08-01,HEPATITIS B,5
54,Itati,2020-08-01,SALK,14
54,Itati,2020-08-01,ROTAVIRUS,8
54,Itati,2020-08-01,PENTAVALENTE,20
54,Itati,2020-08-01,NEUMOCOCICA CONJUGADA,12
54,Itati,2020-08-01,TRIPLE VIRAL,7
54,Itati,2020-08-01,ANTI GRIPAL,15
54,Itati,2020-08-01,HEPATITIS A,4
54,Itati,2020-08-01,VARICELA,7
54,Itati,2020-08-01,MENINGOCOC.,24
54,Itati,2020-08-01,DPT,1
54,Itati,2020-08-01,DPT (a),11
54,Itati,2020-08-01,DOBLE VIRAL,5
54,Itati,2020-08-01,HPV,10
54,Itati,2020-08-01,NEUMOCOCICA NO CONJUGADA,1
10001,Dr. Korimblum,2020-08-01,ROTAVIRUS,5
10001,Dr. Korimblum,2020-08-01,PENTAVALENTE,12
10001,Dr. Korimblum,2020-08-01,NEUMOCOCICA CONJUGADA,7
10001,Dr. Korimblum,2020-08-01,SABIN ORAL,10
10001,Dr. Korimblum,2020-08-01,TRIPLE VIRAL,4
10001,Dr. Korimblum,2020-08-01,ANTI GRIPAL,6
10001,Dr. Korimblum,2020-08-01,HEPATITIS A,2
10001,Dr. Korimblum,2020-08-01,VARICELA,4
10001,Dr. Korimblum,2020-08-01,MENINGOCOC.,11
10001,Dr. Korimblum,2020-08-01,DPT,2
10001,Dr. Korimblum,2020-08-01,DPT (a),3
10001,Dr. Korimblum,2020-08-01,HPV,1
10000,Dr. Anibal Malvido,2020-08-01,HEPATITIS B,15
10000,Dr. Anibal Malvido,2020-08-01,SALK,30
10000,Dr. Anibal Malvido,2020-08-01,ROTAVIRUS,14
10000,Dr. Anibal Malvido,2020-08-01,PENTAVALENTE,44
10000,Dr. Anibal Malvido,2020-08-01,NEUMOCOCICA CONJUGADA,26
10000,Dr. Anibal Malvido,2020-08-01,TRIPLE VIRAL,17
10000,Dr. Anibal Malvido,2020-08-01,ANTI GRIPAL,44
10000,Dr. Anibal Malvido,2020-08-01,HEPATITIS A,13
10000,Dr. Anibal Malvido,2020-08-01,VARICELA,10
10000,Dr. Anibal Malvido,2020-08-01,MENINGOCOC.,41
10000,Dr. Anibal Malvido,2020-08-01,DPT,3
10000,Dr. Anibal Malvido,2020-08-01,DPT (a),21
10000,Dr. Anibal Malvido,2020-08-01,DOBLE BACTERIANA,23
10000,Dr. Anibal Malvido,2020-08-01,HPV,9
10000,Dr. Anibal Malvido,2020-08-01,NEUMOCOCICA NO CONJUGADA,2
34,Dr. Marcelino Vera,2020-08-01,HEPATITIS B,1
34,Dr. Marcelino Vera,2020-08-01,SALK,2
34,Dr. Marcelino Vera,2020-08-01,PENTAVALENTE,4
34,Dr. Marcelino Vera,2020-08-01,TRIPLE VIRAL,2
34,Dr. Marcelino Vera,2020-08-01,ANTI GRIPAL,14
34,Dr. Marcelino Vera,2020-08-01,HEPATITIS A,2
34,Dr. Marcelino Vera,2020-08-01,VARICELA,1
34,Dr. Marcelino Vera,2020-08-01,MENINGOCOC.,6
34,Dr. Marcelino Vera,2020-08-01,DPT,4
34,Dr. Marcelino Vera,2020-08-01,DPT (a),2
34,Dr. Marcelino Vera,2020-08-01,HPV,5
34,Dr. Marcelino Vera,2020-08-01,NEUMOCOCICA NO CONJUGADA,2
75,Dr. Mauricio Open,2020-08-01,HEPATITIS B,6
75,Dr. Mauricio Open,2020-08-01,SALK,9
75,Dr. Mauricio Open,2020-08-01,ROTAVIRUS,4
75,Dr. Mauricio Open,2020-08-01,PENTAVALENTE,9
75,Dr. Mauricio Open,2020-08-01,NEUMOCOCICA CONJUGADA,2
75,Dr. Mauricio Open,2020-08-01,TRIPLE VIRAL,3
75,Dr. Mauricio Open,2020-08-01,ANTI GRIPAL,15
75,Dr. Mauricio Open,2020-08-01,HEPATITIS A,4
75,Dr. Mauricio Open,2020-08-01,VARICELA,2
75,Dr. Mauricio Open,2020-08-01,MENINGOCOC.,8
75,Dr. Mauricio Open,2020-08-01,DOBLE BACTERIANA,12
75,Dr. Mauricio Open,2020-08-01,HPV,1
99,OPERATIVO TERRITORIALES,2020-08-01,SALK,12
99,OPERATIVO TERRITORIALES,2020-08-01,PENTAVALENTE,6
99,OPERATIVO TERRITORIALES,2020-08-01,NEUMOCOCICA CONJUGADA,4
99,OPERATIVO TERRITORIALES,2020-08-01,ANTI GRIPAL,5
99,OPERATIVO TERRITORIALES,2020-08-01,TRIPLE VIRAL,12
99,OPERATIVO TERRITORIALES,2020-08-01,ANTI GRIPAL,15
99,OPERATIVO TERRITORIALES,2020-08-01,HEPATITIS A,2
99,OPERATIVO TERRITORIALES,2020-08-01,VARICELA,4
99,OPERATIVO TERRITORIALES,2020-08-01,MENINGOCOC.,3
99,OPERATIVO TERRITORIALES,2020-08-01,FIEBRE AMARILLA,3
99,OPERATIVO TERRITORIALES,2020-08-01,DPT,9
99,OPERATIVO TERRITORIALES,2020-08-01,DPT (a),5
99,OPERATIVO TERRITORIALES,2020-08-01,HPV,8
99,OPERATIVO TERRITORIALES,2020-08-01,NEUMOCOCICA NO CONJUGADA,1
99,OPERATIVO TERRITORIALES,2020-08-01,HEPATITIS B,13
99,OPERATIVO TERRITORIALES,2020-08-01,SALK,4
99,OPERATIVO TERRITORIALES,2020-08-01,ROTAVIRUS,1
99,OPERATIVO TERRITORIALES,2020-08-01,ANTI GRIPAL,8
99,OPERATIVO TERRITORIALES,2020-08-01,TRIPLE VIRAL,4
99,OPERATIVO TERRITORIALES,2020-08-01,HEPATITIS A,1
99,OPERATIVO TERRITORIALES,2020-08-01,MENINGOCOC.,13
99,OPERATIVO TERRITORIALES,2020-08-01,FIEBRE AMARILLA,4
99,OPERATIVO TERRITORIALES,2020-08-01,DPT,2
99,OPERATIVO TERRITORIALES,2020-08-01,DPT (a),1
99,OPERATIVO TERRITORIALES,2020-08-01,DOBLE BACTERIANA,2
99,OPERATIVO TERRITORIALES,2020-08-01,HPV,2
69,Primera Junta,2020-08-01,HEPATITIS B,12
69,Primera Junta,2020-08-01,SALK,14
69,Primera Junta,2020-08-01,ROTAVIRUS,4
69,Primera Junta,2020-08-01,PENTAVALENTE,7
69,Primera Junta,2020-08-01,NEUMOCOCICA CONJUGADA,5
69,Primera Junta,2020-08-01,TRIPLE VIRAL,11
69,Primera Junta,2020-08-01,ANTI GRIPAL,12
69,Primera Junta,2020-08-01,HEPATITIS A,1
69,Primera Junta,2020-08-01,VARICELA,2
69,Primera Junta,2020-08-01,MENINGOCOC.,10
69,Primera Junta,2020-08-01,DPT,9
69,Primera Junta,2020-08-01,DPT (a),20
69,Primera Junta,2020-08-01,DOBLE VIRAL,4
69,Primera Junta,2020-08-01,HPV,4
62,Pujol,2020-08-01,SALK,2
62,Pujol,2020-08-01,PENTAVALENTE,3
62,Pujol,2020-08-01,ANTI GRIPAL,1
62,Pujol,2020-08-01,MENINGOCOC.,1
62,Pujol,2020-08-01,VARICELA,1
47,Dr. Guillermo Rawson,2020-08-01,HEPATITIS B,45
47,Dr. Guillermo Rawson,2020-08-01,ROTAVIRUS,14
47,Dr. Guillermo Rawson,2020-08-01,PENTAVALENTE,26
47,Dr. Guillermo Rawson,2020-08-01,NEUMOCOCICA CONJUGADA,25
47,Dr. Guillermo Rawson,2020-08-01,TRIPLE VIRAL,9
47,Dr. Guillermo Rawson,2020-08-01,ANTI GRIPAL,17
47,Dr. Guillermo Rawson,2020-08-01,HEPATITIS A,6
47,Dr. Guillermo Rawson,2020-08-01,VARICELA,5
47,Dr. Guillermo Rawson,2020-08-01,MENINGOCOC.,26
47,Dr. Guillermo Rawson,2020-08-01,DPT,3
47,Dr. Guillermo Rawson,2020-08-01,DPT (a),8
47,Dr. Guillermo Rawson,2020-08-01,DOBLE BACTERIANA,54
47,Dr. Guillermo Rawson,2020-08-01,HPV,2
46,Rio Parana,2020-08-01,SALK,11
46,Rio Parana,2020-08-01,ROTAVIRUS,7
46,Rio Parana,2020-08-01,PENTAVALENTE,14
46,Rio Parana,2020-08-01,NEUMOCOCICA CONJUGADA,16
46,Rio Parana,2020-08-01,TRIPLE VIRAL,9
46,Rio Parana,2020-08-01,ANTI GRIPAL,23
46,Rio Parana,2020-08-01,HEPATITIS A,7
46,Rio Parana,2020-08-01,VARICELA,4
46,Rio Parana,2020-08-01,MENINGOCOC.,6
46,Rio Parana,2020-08-01,DPT,2
46,Rio Parana,2020-08-01,DPT (a),3
46,Rio Parana,2020-08-01,DOBLE BACTERIANA,2
46,Rio Parana,2020-08-01,HPV,7
73,San Marcos,2020-08-01,HEPATITIS B,4
73,San Marcos,2020-08-01,SALK,8
73,San Marcos,2020-08-01,ROTAVIRUS,2
73,San Marcos,2020-08-01,PENTAVALENTE,9
73,San Marcos,2020-08-01,NEUMOCOCICA CONJUGADA,15
73,San Marcos,2020-08-01,TRIPLE VIRAL,2
73,San Marcos,2020-08-01,ANTI GRIPAL,9
73,San Marcos,2020-08-01,HEPATITIS A,2
73,San Marcos,2020-08-01,VARICELA,2
73,San Marcos,2020-08-01,MENINGOCOC.,16
73,San Marcos,2020-08-01,FIEBRE AMARILLA,10
73,San Marcos,2020-08-01,DPT (a),5
73,San Marcos,2020-08-01,HPV,2
127,Santa Catalina,2020-08-01,HEPATITIS B,7
127,Santa Catalina,2020-08-01,SALK,5
127,Santa Catalina,2020-08-01,ROTAVIRUS,3
127,Santa Catalina,2020-08-01,PENTAVALENTE,10
127,Santa Catalina,2020-08-01,NEUMOCOCICA CONJUGADA,10
127,Santa Catalina,2020-08-01,TRIPLE VIRAL,5
127,Santa Catalina,2020-08-01,ANTI GRIPAL,14
127,Santa Catalina,2020-08-01,HEPATITIS A,5
127,Santa Catalina,2020-08-01,VARICELA,4
127,Santa Catalina,2020-08-01,MENINGOCOC.,15
127,Santa Catalina,2020-08-01,FIEBRE AMARILLA,1
127,Santa Catalina,2020-08-01,DPT (a),9
127,Santa Catalina,2020-08-01,DOBLE BACTERIANA,10
127,Santa Catalina,2020-08-01,HPV,5
127,Santa Catalina,2020-08-01,NEUMOCOCICA NO CONJUGADA,1
89,Santa Marta,2020-08-01,HEPATITIS B,2
89,Santa Marta,2020-08-01,SALK,3
89,Santa Marta,2020-08-01,ROTAVIRUS,2
89,Santa Marta,2020-08-01,PENTAVALENTE,3
89,Santa Marta,2020-08-01,NEUMOCOCICA CONJUGADA,3
89,Santa Marta,2020-08-01,TRIPLE VIRAL,1
89,Santa Marta,2020-08-01,ANTI GRIPAL,4
89,Santa Marta,2020-08-01,MENINGOCOC.,1
90,Sapucay,2020-08-01,HEPATITIS B,4
90,Sapucay,2020-08-01,SALK,3
90,Sapucay,2020-08-01,ROTAVIRUS,2
90,Sapucay,2020-08-01,PENTAVALENTE,5
90,Sapucay,2020-08-01,NEUMOCOCICA CONJUGADA,5
90,Sapucay,2020-08-01,TRIPLE VIRAL,1
90,Sapucay,2020-08-01,ANTI GRIPAL,9
90,Sapucay,2020-08-01,HEPATITIS A,1
90,Sapucay,2020-08-01,VARICELA,3
90,Sapucay,2020-08-01,NEUMOCOCICA CONJUGADA,9
90,Sapucay,2020-08-01,DPT (a),1
90,Sapucay,2020-08-01,DOBLE BACTERIANA,3
90,Sapucay,2020-08-01,MENACTRA,1
90,Sapucay,2020-08-01,HPV,2
10002,Dr. Semper,2020-08-01,HEPATITIS B,8
10002,Dr. Semper,2020-08-01,SALK,14
10002,Dr. Semper,2020-08-01,ROTAVIRUS,3
10002,Dr. Semper,2020-08-01,PENTAVALENTE,8
10002,Dr. Semper,2020-08-01,NEUMOCOCICA CONJUGADA,3
10002,Dr. Semper,2020-08-01,TRIPLE VIRAL,8
10002,Dr. Semper,2020-08-01,ANTI GRIPAL,17
10002,Dr. Semper,2020-08-01,HEPATITIS A,2
10002,Dr. Semper,2020-08-01,MENINGOCOC.,11
10002,Dr. Semper,2020-08-01,FIEBRE AMARILLA,3
10002,Dr. Semper,2020-08-01,DPT,5
10002,Dr. Semper,2020-08-01,DPT (a),6
10002,Dr. Semper,2020-08-01,DOBLE BACTERIANA,14
10002,Dr. Semper,2020-08-01,HPV,9
10002,Dr. Semper,2020-08-01,NEUMOCOCICA NO CONJUGADA,5
85,Santa Margarita,2020-08-01,HEPATITIS B,2
85,Santa Margarita,2020-08-01,SALK,8
85,Santa Margarita,2020-08-01,ROTAVIRUS,2
85,Santa Margarita,2020-08-01,PENTAVALENTE,4
85,Santa Margarita,2020-08-01,NEUMOCOCICA CONJUGADA,5
85,Santa Margarita,2020-08-01,TRIPLE VIRAL,7
85,Santa Margarita,2020-08-01,ANTI GRIPAL,4
85,Santa Margarita,2020-08-01,HEPATITIS A,3
85,Santa Margarita,2020-08-01,MENINGOCOC.,7
85,Santa Margarita,2020-08-01,FIEBRE AMARILLA,9
85,Santa Margarita,2020-08-01,DPT,5
85,Santa Margarita,2020-08-01,DPT (a),1
85,Santa Margarita,2020-08-01,DOBLE VIRAL,1
37,Dr. Sussini,2020-08-01,HEPATITIS B,49
37,Dr. Sussini,2020-08-01,SALK,59
37,Dr. Sussini,2020-08-01,ROTAVIRUS,29
37,Dr. Sussini,2020-08-01,PENTAVALENTE,64
37,Dr. Sussini,2020-08-01,NEUMOCOCICA CONJUGADA,56
37,Dr. Sussini,2020-08-01,TRIPLE VIRAL,32
37,Dr. Sussini,2020-08-01,ANTI GRIPAL,134
37,Dr. Sussini,2020-08-01,HEPATITIS A,21
37,Dr. Sussini,2020-08-01,VARICELA,16
37,Dr. Sussini,2020-08-01,MENINGOCOC.,90
37,Dr. Sussini,2020-08-01,FIEBRE AMARILLA,16
37,Dr. Sussini,2020-08-01,DPT,8
37,Dr. Sussini,2020-08-01,DPT (a),37
37,Dr. Sussini,2020-08-01,DOBLE BACTERIANA,77
37,Dr. Sussini,2020-08-01,HPV,26
37,Dr. Sussini,2020-08-01,NEUMOCOCICA NO CONJUGADA,10
71,Villa Chiquita,2020-08-01,HEPATITIS B,2
71,Villa Chiquita,2020-08-01,SALK,5
71,Villa Chiquita,2020-08-01,ROTAVIRUS,2
71,Villa Chiquita,2020-08-01,PENTAVALENTE,10
71,Villa Chiquita,2020-08-01,NEUMOCOCICA CONJUGADA,2
71,Villa Chiquita,2020-08-01,TRIPLE VIRAL,2
71,Villa Chiquita,2020-08-01,ANTI GRIPAL,20
71,Villa Chiquita,2020-08-01,HEPATITIS A,1
71,Villa Chiquita,2020-08-01,VARICELA,6
71,Villa Chiquita,2020-08-01,MENINGOCOC.,7
71,Villa Chiquita,2020-08-01,DPT,8
71,Villa Chiquita,2020-08-01,DPT (a),5
71,Villa Chiquita,2020-08-01,HPV,6
70,Villa Garcia,2020-08-01,HEPATITIS B,2
70,Villa Garcia,2020-08-01,SALK,6
70,Villa Garcia,2020-08-01,ROTAVIRUS,6
70,Villa Garcia,2020-08-01,PENTAVALENTE,12
70,Villa Garcia,2020-08-01,NEUMOCOCICA CONJUGADA,10
70,Villa Garcia,2020-08-01,TRIPLE VIRAL,2
70,Villa Garcia,2020-08-01,ANTI GRIPAL,8
70,Villa Garcia,2020-08-01,HEPATITIS A,1
70,Villa Garcia,2020-08-01,VARICELA,3
70,Villa Garcia,2020-08-01,MENINGOCOC.,8
70,Villa Garcia,2020-08-01,DPT (a),1
70,Villa Garcia,2020-08-01,DOBLE BACTERIANA,2
70,Villa Garcia,2020-08-01,HPV,4
70,Villa Garcia,2020-08-01,NEUMOCOCICA NO CONJUGADA,1
51,Dr. Juan Chercoff,2020-08-01,HEPATITIS B,2
51,Dr. Juan Chercoff,2020-08-01,SALK,2
51,Dr. Juan Chercoff,2020-08-01,ROTAVIRUS,1
51,Dr. Juan Chercoff,2020-08-01,PENTAVALENTE,2
51,Dr. Juan Chercoff,2020-08-01,NEUMOCOCICA CONJUGADA,4
51,Dr. Juan Chercoff,2020-08-01,TRIPLE VIRAL,2
51,Dr. Juan Chercoff,2020-08-01,HEPATITIS A,1
51,Dr. Juan Chercoff,2020-08-01,MENINGOCOC.,2
51,Dr. Juan Chercoff,2020-08-01,DPT,1
82,Dr. Miguel Rossi Candia,2020-08-01,HEPATITIS B,49
82,Dr. Miguel Rossi Candia,2020-08-01,SALK,25
82,Dr. Miguel Rossi Candia,2020-08-01,ROTAVIRUS,15
82,Dr. Miguel Rossi Candia,2020-08-01,PENTAVALENTE,29
82,Dr. Miguel Rossi Candia,2020-08-01,NEUMOCOCICA CONJUGADA,19
82,Dr. Miguel Rossi Candia,2020-08-01,TRIPLE VIRAL,6
82,Dr. Miguel Rossi Candia,2020-08-01,ANTI GRIPAL,9
82,Dr. Miguel Rossi Candia,2020-08-01,HEPATITIS A,3
82,Dr. Miguel Rossi Candia,2020-08-01,VARICELA,6
82,Dr. Miguel Rossi Candia,2020-08-01,MENINGOCOC.,27
82,Dr. Miguel Rossi Candia,2020-08-01,FIEBRE AMARILLA,7
82,Dr. Miguel Rossi Candia,2020-08-01,DPT,4
82,Dr. Miguel Rossi Candia,2020-08-01,HPV,23
82,Dr. Miguel Rossi Candia,2020-08-01,NEUMOCOCICA NO CONJUGADA,25
82,Dr. Miguel Rossi Candia,2020-08-01,DOBLE VIRAL,7
82,Dr. Miguel Rossi Candia,2020-08-01,DOBLE BACTERIANA,3
82,Dr. Miguel Rossi Candia,2020-08-01,GRIPE ,29
58,Dr. Oscar Pirchi,2020-08-01,HEPATITIS B,11
58,Dr. Oscar Pirchi,2020-08-01,SALK,24
58,Dr. Oscar Pirchi,2020-08-01,ROTAVIRUS,13
58,Dr. Oscar Pirchi,2020-08-01,PENTAVALENTE,25
58,Dr. Oscar Pirchi,2020-08-01,NEUMOCOCICA CONJUGADA,26
58,Dr. Oscar Pirchi,2020-08-01,TRIPLE VIRAL,14
58,Dr. Oscar Pirchi,2020-08-01,ANTI GRIPAL,35
58,Dr. Oscar Pirchi,2020-08-01,HEPATITIS A,11
58,Dr. Oscar Pirchi,2020-08-01,VARICELA,4
58,Dr. Oscar Pirchi,2020-08-01,MENINGOCOC.,29
58,Dr. Oscar Pirchi,2020-08-01,FIEBRE AMARILLA,3
58,Dr. Oscar Pirchi,2020-08-01,DPT,3
58,Dr. Oscar Pirchi,2020-08-01,DPT (a),11
58,Dr. Oscar Pirchi,2020-08-01,DOBLE BACTERIANA,19
58,Dr. Oscar Pirchi,2020-08-01,HPV,10
58,Dr. Oscar Pirchi,2020-08-01,NEUMOCOCICA NO CONJUGADA,2
79,Quinta Ferre,2020-08-01,HEPATITIS B,3
79,Quinta Ferre,2020-08-01,SALK,16
79,Quinta Ferre,2020-08-01,ROTAVIRUS,8
79,Quinta Ferre,2020-08-01,PENTAVALENTE,14
79,Quinta Ferre,2020-08-01,NEUMOCOCICA CONJUGADA,13
79,Quinta Ferre,2020-08-01,ANTI GRIPAL,3
79,Quinta Ferre,2020-08-01,HEPATITIS A,5
79,Quinta Ferre,2020-08-01,VARICELA,5
79,Quinta Ferre,2020-08-01,MENINGOCOC.,9
79,Quinta Ferre,2020-08-01,DPT,2
79,Quinta Ferre,2020-08-01,DPT (a),1
79,Quinta Ferre,2020-08-01,HPV,1
41,Dr. Manuel Gonzalez,2020-08-01,HEPATITIS B,4
41,Dr. Manuel Gonzalez,2020-08-01,SALK,7
41,Dr. Manuel Gonzalez,2020-08-01,ROTAVIRUS,2
41,Dr. Manuel Gonzalez,2020-08-01,PENTAVALENTE,7
41,Dr. Manuel Gonzalez,2020-08-01,NEUMOCOCICA CONJUGADA,2
41,Dr. Manuel Gonzalez,2020-08-01,TRIPLE VIRAL,2
41,Dr. Manuel Gonzalez,2020-08-01,ANTI GRIPAL,8
41,Dr. Manuel Gonzalez,2020-08-01,HEPATITIS A,2
41,Dr. Manuel Gonzalez,2020-08-01,VARICELA,1
41,Dr. Manuel Gonzalez,2020-08-01,MENINGOCOC.,11
41,Dr. Manuel Gonzalez,2020-08-01,DPT,1
41,Dr. Manuel Gonzalez,2020-08-01,DPT (a),8
41,Dr. Manuel Gonzalez,2020-08-01,HPV,6
41,Dr. Manuel Gonzalez,2020-08-01,NEUMOCOCICA NO CONJUGADA,2
88,Dr. Lifschitz,2020-08-01,SALK,5
88,Dr. Lifschitz,2020-08-01,ROTAVIRUS,5
88,Dr. Lifschitz,2020-08-01,PENTAVALENTE,5
88,Dr. Lifschitz,2020-08-01,NEUMOCOCICA CONJUGADA,3
88,Dr. Lifschitz,2020-08-01,TRIPLE VIRAL,4
88,Dr. Lifschitz,2020-08-01,ANTI GRIPAL,34
88,Dr. Lifschitz,2020-08-01,VARICELA,3
88,Dr. Lifschitz,2020-08-01,MENINGOCOC.,3
88,Dr. Lifschitz,2020-08-01,FIEBRE AMARILLA,7
88,Dr. Lifschitz,2020-08-01,DPT,10
88,Dr. Lifschitz,2020-08-01,DPT (a),8
88,Dr. Lifschitz,2020-08-01,DOBLE VIRAL,3
88,Dr. Lifschitz,2020-08-01,HPV,10
88,Dr. Lifschitz,2020-08-01,NEUMOCOCICA NO CONJUGADA,5
88,Dr. Lifschitz,2020-08-01,HEPATITIS A,2
42,Dr. Santiago Lorenzo,2020-08-01,HEPATITIS B,3
42,Dr. Santiago Lorenzo,2020-08-01,SALK,11
42,Dr. Santiago Lorenzo,2020-08-01,ROTAVIRUS,5
42,Dr. Santiago Lorenzo,2020-08-01,PENTAVALENTE,16
42,Dr. Santiago Lorenzo,2020-08-01,NEUMOCOCICA CONJUGADA,15
42,Dr. Santiago Lorenzo,2020-08-01,TRIPLE VIRAL,7
42,Dr. Santiago Lorenzo,2020-08-01,ANTI GRIPAL,21
42,Dr. Santiago Lorenzo,2020-08-01,HEPATITIS A,7
42,Dr. Santiago Lorenzo,2020-08-01,VARICELA,3
42,Dr. Santiago Lorenzo,2020-08-01,MENINGOCOC.,15
42,Dr. Santiago Lorenzo,2020-08-01,DPT,1
42,Dr. Santiago Lorenzo,2020-08-01,DPT (a),7
42,Dr. Santiago Lorenzo,2020-08-01,DOBLE BACTERIANA,8
42,Dr. Santiago Lorenzo,2020-08-01,HPV,8
42,Dr. Santiago Lorenzo,2020-08-01,NEUMOCOCICA NO CONJUGADA,1
91,Dr. Pedro Blugerman,2020-09-01,HEPATITIS B,3
91,Dr. Pedro Blugerman,2020-09-01,SALK,26
91,Dr. Pedro Blugerman,2020-09-01,ROTAVIRUS,10
91,Dr. Pedro Blugerman,2020-09-01,PENTAVALENTE,31
91,Dr. Pedro Blugerman,2020-09-01,TRIPLE VIRAL,15
91,Dr. Pedro Blugerman,2020-09-01,ANTI GRIPAL,17
91,Dr. Pedro Blugerman,2020-09-01,HEPATITIS A,10
91,Dr. Pedro Blugerman,2020-09-01,VARICELA,9
91,Dr. Pedro Blugerman,2020-09-01,FIEBRE AMARILLA,10
91,Dr. Pedro Blugerman,2020-09-01,DPT,5
91,Dr. Pedro Blugerman,2020-09-01,DPT (a),12
91,Dr. Pedro Blugerman,2020-09-01,DOBLE VIRAL,9
91,Dr. Pedro Blugerman,2020-09-01,HPV,13
91,Dr. Pedro Blugerman,2020-09-01,NEUMOCOCICA NO CONJUGADA,34
37,Dr. Sussini,2020-09-01,HEPATITIS A,44
37,Dr. Sussini,2020-09-01,SALK,71
37,Dr. Sussini,2020-09-01,ROTAVIRUS,40
37,Dr. Sussini,2020-09-01,PENTAVALENTE,89
37,Dr. Sussini,2020-09-01,NEUMOCOCICA CONJUGADA,65
37,Dr. Sussini,2020-09-01,TRIPLE VIRAL,18
37,Dr. Sussini,2020-09-01,ANTI GRIPAL,83
37,Dr. Sussini,2020-09-01,HEPATITIS A,13
37,Dr. Sussini,2020-09-01,VARICELA,14
37,Dr. Sussini,2020-09-01,MENINGOCOC.,90
37,Dr. Sussini,2020-09-01,FIEBRE AMARILLA,9
37,Dr. Sussini,2020-09-01,DPT,6
37,Dr. Sussini,2020-09-01,DPT (a),41
37,Dr. Sussini,2020-09-01,DOBLE BACTERIANA,73
37,Dr. Sussini,2020-09-01,HPV,35
37,Dr. Sussini,2020-09-01,NEUMOCOCICA NO CONJUGADA,2
85,Santa Margarita,2020-09-01,HEPATITIS B,1
85,Santa Margarita,2020-09-01,SALK,8
85,Santa Margarita,2020-09-01,ROTAVIRUS,4
85,Santa Margarita,2020-09-01,PENTAVALENTE,8
85,Santa Margarita,2020-09-01,NEUMOCOCICA CONJUGADA,8
85,Santa Margarita,2020-09-01,MENACTRA,1
85,Santa Margarita,2020-09-01,TRIPLE VIRAL,2
85,Santa Margarita,2020-09-01,ANTI GRIPAL,8
85,Santa Margarita,2020-09-01,VARICELA,3
85,Santa Margarita,2020-09-01,MENINGOCOC.,4
85,Santa Margarita,2020-09-01,DPT,1
85,Santa Margarita,2020-09-01,DPT (a),3
85,Santa Margarita,2020-09-01,DOBLE BACTERIANA,2
85,Santa Margarita,2020-09-01,HPV,3
47,Dr. Guillermo Rawson,2020-09-01,HEPATITIS B,49
47,Dr. Guillermo Rawson,2020-09-01,SALK,13
47,Dr. Guillermo Rawson,2020-09-01,ROTAVIRUS,9
47,Dr. Guillermo Rawson,2020-09-01,PENTAVALENTE,17
47,Dr. Guillermo Rawson,2020-09-01,NEUMOCOCICA CONJUGADA,12
47,Dr. Guillermo Rawson,2020-09-01,TRIPLE VIRAL,7
47,Dr. Guillermo Rawson,2020-09-01,ANTI GRIPAL,5
47,Dr. Guillermo Rawson,2020-09-01,HEPATITIS A,6
47,Dr. Guillermo Rawson,2020-09-01,VARICELA,9
47,Dr. Guillermo Rawson,2020-09-01,FIEBRE AMARILLA,10
47,Dr. Guillermo Rawson,2020-09-01,DPT (a),9
47,Dr. Guillermo Rawson,2020-09-01,DOBLE VIRAL,56
47,Dr. Guillermo Rawson,2020-09-01,HPV,7
47,Dr. Guillermo Rawson,2020-09-01,NEUMOCOCICA NO CONJUGADA,4
82,Dr. Miguel Rossi Candia,2020-09-01,HEPATITIS B,30
82,Dr. Miguel Rossi Candia,2020-09-01,SALK,42
82,Dr. Miguel Rossi Candia,2020-09-01,ROTAVIRUS,15
82,Dr. Miguel Rossi Candia,2020-09-01,PENTAVALENTE,33
82,Dr. Miguel Rossi Candia,2020-09-01,NEUMOCOCICA CONJUGADA,27
82,Dr. Miguel Rossi Candia,2020-09-01,TRIPLE VIRAL,23
82,Dr. Miguel Rossi Candia,2020-09-01,ANTI GRIPAL,5
82,Dr. Miguel Rossi Candia,2020-09-01,HEPATITIS A,10
82,Dr. Miguel Rossi Candia,2020-09-01,VARICELA,6
82,Dr. Miguel Rossi Candia,2020-09-01,MENINGOCOC.,29
82,Dr. Miguel Rossi Candia,2020-09-01,FIEBRE AMARILLA,9
82,Dr. Miguel Rossi Candia,2020-09-01,DPT,8
82,Dr. Miguel Rossi Candia,2020-09-01,DPT (a),20
82,Dr. Miguel Rossi Candia,2020-09-01,DOBLE BACTERIANA,31
82,Dr. Miguel Rossi Candia,2020-09-01,HPV,11
82,Dr. Miguel Rossi Candia,2020-09-01,NEUMOCOCICA NO CONJUGADA,2
82,Dr. Miguel Rossi Candia,2020-09-01,GRIPE A ,15
34,Dr. Marcelino Vera,2020-09-01,HEPATITIS B,3
34,Dr. Marcelino Vera,2020-09-01,SALK,8
34,Dr. Marcelino Vera,2020-09-01,ROTAVIRUS,6
34,Dr. Marcelino Vera,2020-09-01,PENTAVALENTE,7
34,Dr. Marcelino Vera,2020-09-01,NEUMOCOCICA CONJUGADA,10
34,Dr. Marcelino Vera,2020-09-01,TRIPLE VIRAL,3
34,Dr. Marcelino Vera,2020-09-01,ANTI GRIPAL,2
34,Dr. Marcelino Vera,2020-09-01,HEPATITIS A,3
34,Dr. Marcelino Vera,2020-09-01,VARICELA,1
34,Dr. Marcelino Vera,2020-09-01,MENINGOCOC.,3
34,Dr. Marcelino Vera,2020-09-01,DPT,2
34,Dr. Marcelino Vera,2020-09-01,DPT (a),1
54,Itati,2020-09-01,SALK,19
54,Itati,2020-09-01,ROTAVIRUS,12
54,Itati,2020-09-01,PENTAVALENTE,24
54,Itati,2020-09-01,NEUMOCOCICA CONJUGADA,16
54,Itati,2020-09-01,TRIPLE VIRAL,5
54,Itati,2020-09-01,ANTI GRIPAL,12
54,Itati,2020-09-01,HEPATITIS A,3
54,Itati,2020-09-01,VARICELA,6
54,Itati,2020-09-01,MENINGOCOC.,23
54,Itati,2020-09-01,DPT,2
54,Itati,2020-09-01,DPT (a),5
54,Itati,2020-09-01,DOBLE BACTERIANA,6
54,Itati,2020-09-01,HPV,6
51,Dr. Juan Chercoff,2020-09-01,HEPATITIS B,2
51,Dr. Juan Chercoff,2020-09-01,SALK,5
51,Dr. Juan Chercoff,2020-09-01,PENTAVALENTE,3
51,Dr. Juan Chercoff,2020-09-01,NEUMOCOCICA CONJUGADA,1
51,Dr. Juan Chercoff,2020-09-01,TRIPLE VIRAL,4
51,Dr. Juan Chercoff,2020-09-01,ANTI GRIPAL,4
51,Dr. Juan Chercoff,2020-09-01,HEPATITIS A,1
51,Dr. Juan Chercoff,2020-09-01,MENINGOCOC.,6
51,Dr. Juan Chercoff,2020-09-01,DPT,3
51,Dr. Juan Chercoff,2020-09-01,HPV,1
70,Villa Garcia,2020-09-01,HEPATITIS B,5
70,Villa Garcia,2020-09-01,SALK,6
70,Villa Garcia,2020-09-01,ROTAVIRUS,2
70,Villa Garcia,2020-09-01,PENTAVALENTE,3
70,Villa Garcia,2020-09-01,NEUMOCOCICA CONJUGADA,3
70,Villa Garcia,2020-09-01,TRIPLE VIRAL,5
70,Villa Garcia,2020-09-01,ANTI GRIPAL,3
70,Villa Garcia,2020-09-01,HEPATITIS A,1
70,Villa Garcia,2020-09-01,VARICELA,1
70,Villa Garcia,2020-09-01,MENINGOCOC.,2
70,Villa Garcia,2020-09-01,DPT,4
70,Villa Garcia,2020-09-01,DPT (a),1
70,Villa Garcia,2020-09-01,DOBLE BACTERIANA,6
70,Villa Garcia,2020-09-01,HPV,1
10002,Dr. Semper,2020-09-01,BCG,3
10002,Dr. Semper,2020-09-01,HEPATITIS B,4
10002,Dr. Semper,2020-09-01,SALK,13
10002,Dr. Semper,2020-09-01,ROTAVIRUS,6
10002,Dr. Semper,2020-09-01,PENTAVALENTE,7
10002,Dr. Semper,2020-09-01,NEUMOCOCICA CONJUGADA,7
10002,Dr. Semper,2020-09-01,TRIPLE VIRAL,3
10002,Dr. Semper,2020-09-01,ANTI GRIPAL,11
10002,Dr. Semper,2020-09-01,HEPATITIS A,1
10002,Dr. Semper,2020-09-01,MENINGOCOC.,7
10002,Dr. Semper,2020-09-01,DPT,1
10002,Dr. Semper,2020-09-01,DPT (a),5
10002,Dr. Semper,2020-09-01,DOBLE VIRAL,17
10002,Dr. Semper,2020-09-01,HPV,4
10002,Dr. Semper,2020-09-01,NEUMOCOCICA NO CONJUGADA,3
42,Dr. Santiago Lorenzo,2020-09-01,HEPATITIS B,3
42,Dr. Santiago Lorenzo,2020-09-01,SALK,11
42,Dr. Santiago Lorenzo,2020-09-01,ROTAVIRUS,4
42,Dr. Santiago Lorenzo,2020-09-01,PENTAVALENTE,5
42,Dr. Santiago Lorenzo,2020-09-01,NEUMOCOCICA CONJUGADA,14
42,Dr. Santiago Lorenzo,2020-09-01,TRIPLE VIRAL,7
42,Dr. Santiago Lorenzo,2020-09-01,ANTI GRIPAL,20
42,Dr. Santiago Lorenzo,2020-09-01,HEPATITIS A,7
42,Dr. Santiago Lorenzo,2020-09-01,VARICELA,2
42,Dr. Santiago Lorenzo,2020-09-01,MENINGOCOC.,14
42,Dr. Santiago Lorenzo,2020-09-01,DPT,1
42,Dr. Santiago Lorenzo,2020-09-01,DPT (a),7
42,Dr. Santiago Lorenzo,2020-09-01,DOBLE BACTERIANA,8
42,Dr. Santiago Lorenzo,2020-09-01,HPV,8
42,Dr. Santiago Lorenzo,2020-09-01,NEUMOCOCICA NO CONJUGADA,1
90,Sapucay,2020-09-01,HEPATITIS B,1
90,Sapucay,2020-09-01,SALK,5
90,Sapucay,2020-09-01,ROTAVIRUS,4
90,Sapucay,2020-09-01,PENTAVALENTE,6
90,Sapucay,2020-09-01,NEUMOCOCICA CONJUGADA,7
90,Sapucay,2020-09-01,TRIPLE VIRAL,2
90,Sapucay,2020-09-01,ANTI GRIPAL,7
90,Sapucay,2020-09-01,HEPATITIS A,2
90,Sapucay,2020-09-01,VARICELA,4
90,Sapucay,2020-09-01,MENINGOCOC.,10
90,Sapucay,2020-09-01,FIEBRE AMARILLA,5
90,Sapucay,2020-09-01,DPT (a),2
90,Sapucay,2020-09-01,DOBLE BACTERIANA,1
90,Sapucay,2020-09-01,HPV,3
73,San Marcos,2020-09-01,HEPATITIS B,3
73,San Marcos,2020-09-01,SALK,4
73,San Marcos,2020-09-01,ROTAVIRUS,3
73,San Marcos,2020-09-01,PENTAVALENTE,3
73,San Marcos,2020-09-01,NEUMOCOCICA CONJUGADA,5
73,San Marcos,2020-09-01,TRIPLE VIRAL,1
73,San Marcos,2020-09-01,ANTI GRIPAL,8
73,San Marcos,2020-09-01,HEPATITIS A,1
73,San Marcos,2020-09-01,MENINGOCOC.,5
73,San Marcos,2020-09-01,DPT (a),3
73,San Marcos,2020-09-01,DOBLE BACTERIANA,5
73,San Marcos,2020-09-01,HPV,1
79,Quinta Ferre,2020-09-01,SALK,15
79,Quinta Ferre,2020-09-01,ROTAVIRUS,5
79,Quinta Ferre,2020-09-01,PENTAVALENTE,11
79,Quinta Ferre,2020-09-01,NEUMOCOCICA CONJUGADA,12
79,Quinta Ferre,2020-09-01,ANTI GRIPAL,14
79,Quinta Ferre,2020-09-01,HEPATITIS A,3
79,Quinta Ferre,2020-09-01,VARICELA,3
79,Quinta Ferre,2020-09-01,MENINGOCOC.,4
79,Quinta Ferre,2020-09-01,DPT,9
79,Quinta Ferre,2020-09-01,DPT (a),4
79,Quinta Ferre,2020-09-01,DOBLE BACTERIANA,3
79,Quinta Ferre,2020-09-01,HPV,2
79,Quinta Ferre,2020-09-01,HEPATITIS B,4
62,Pujol,2020-09-01,NEUMOCOCICA CONJUGADA,1
62,Pujol,2020-09-01,TRIPLE VIRAL,1
62,Pujol,2020-09-01,ANTI GRIPAL,1
62,Pujol,2020-09-01,HEPATITIS A,1
58,Dr. Oscar Pirchi,2020-09-01,HEPATITIS B,6
58,Dr. Oscar Pirchi,2020-09-01,SALK,24
58,Dr. Oscar Pirchi,2020-09-01,ROTAVIRUS,20
58,Dr. Oscar Pirchi,2020-09-01,PENTAVALENTE,26
58,Dr. Oscar Pirchi,2020-09-01,NEUMOCOCICA CONJUGADA,24
58,Dr. Oscar Pirchi,2020-09-01,TRIPLE VIRAL,9
58,Dr. Oscar Pirchi,2020-09-01,ANTI GRIPAL,7
58,Dr. Oscar Pirchi,2020-09-01,HEPATITIS A,4
58,Dr. Oscar Pirchi,2020-09-01,VARICELA,2
58,Dr. Oscar Pirchi,2020-09-01,MENINGOCOC.,27
58,Dr. Oscar Pirchi,2020-09-01,FIEBRE AMARILLA,3
58,Dr. Oscar Pirchi,2020-09-01,DPT,5
58,Dr. Oscar Pirchi,2020-09-01,DPT (a),7
58,Dr. Oscar Pirchi,2020-09-01,DOBLE BACTERIANA,13
58,Dr. Oscar Pirchi,2020-09-01,HPV,9
75,Dr. Mauricio Open,2020-09-01,HEPATITIS B,2
75,Dr. Mauricio Open,2020-09-01,SALK,7
75,Dr. Mauricio Open,2020-09-01,ROTAVIRUS,2
75,Dr. Mauricio Open,2020-09-01,PENTAVALENTE,6
75,Dr. Mauricio Open,2020-09-01,NEUMOCOCICA CONJUGADA,4
75,Dr. Mauricio Open,2020-09-01,ANTI GRIPAL,8
75,Dr. Mauricio Open,2020-09-01,VARICELA,2
75,Dr. Mauricio Open,2020-09-01,MENINGOCOC.,8
75,Dr. Mauricio Open,2020-09-01,DPT,2
75,Dr. Mauricio Open,2020-09-01,DOBLE BACTERIANA,2
10000,Dr. Anibal Malvido,2020-09-01,HEPATITIS B,11
10000,Dr. Anibal Malvido,2020-09-01,SALK,36
10000,Dr. Anibal Malvido,2020-09-01,ROTAVIRUS,14
10000,Dr. Anibal Malvido,2020-09-01,PENTAVALENTE,43
10000,Dr. Anibal Malvido,2020-09-01,NEUMOCOCICA CONJUGADA,29
10000,Dr. Anibal Malvido,2020-09-01,SABIN ORAL,36
10000,Dr. Anibal Malvido,2020-09-01,TRIPLE VIRAL,13
10000,Dr. Anibal Malvido,2020-09-01,ANTI GRIPAL,10
10000,Dr. Anibal Malvido,2020-09-01,HEPATITIS A,7
10000,Dr. Anibal Malvido,2020-09-01,VARICELA,10
10000,Dr. Anibal Malvido,2020-09-01,MENINGOCOC.,27
10000,Dr. Anibal Malvido,2020-09-01,DPT,5
10000,Dr. Anibal Malvido,2020-09-01,DPT (a),15
10000,Dr. Anibal Malvido,2020-09-01,DOBLE BACTERIANA,24
10000,Dr. Anibal Malvido,2020-09-01,HPV,8
10000,Dr. Anibal Malvido,2020-09-01,NEUMOCOCICA NO CONJUGADA,1
38,Dr. JC Benitez Suarez,2020-09-01,HEPATITIS B,5
38,Dr. JC Benitez Suarez,2020-09-01,SALK,12
38,Dr. JC Benitez Suarez,2020-09-01,ROTAVIRUS,6
38,Dr. JC Benitez Suarez,2020-09-01,PENTAVALENTE,11
38,Dr. JC Benitez Suarez,2020-09-01,NEUMOCOCICA CONJUGADA,9
38,Dr. JC Benitez Suarez,2020-09-01,TRIPLE VIRAL,7
38,Dr. JC Benitez Suarez,2020-09-01,HEPATITIS A,4
38,Dr. JC Benitez Suarez,2020-09-01,VARICELA,1
38,Dr. JC Benitez Suarez,2020-09-01,MENINGOCOC.,15
38,Dr. JC Benitez Suarez,2020-09-01,DPT,3
38,Dr. JC Benitez Suarez,2020-09-01,DPT (a),6
38,Dr. JC Benitez Suarez,2020-09-01,DOBLE BACTERIANA,23
38,Dr. JC Benitez Suarez,2020-09-01,HPV,2
38,Dr. JC Benitez Suarez,2020-09-01,NEUMOCOCICA NO CONJUGADA,4
32,Dr. Manuel Cassuso,2020-09-01,MENACTRA,1
32,Dr. Manuel Cassuso,2020-09-01,HEPATITIS B,5
32,Dr. Manuel Cassuso,2020-09-01,SALK,20
32,Dr. Manuel Cassuso,2020-09-01,ROTAVIRUS,10
32,Dr. Manuel Cassuso,2020-09-01,PENTAVALENTE,22
32,Dr. Manuel Cassuso,2020-09-01,NEUMOCOCICA CONJUGADA,13
32,Dr. Manuel Cassuso,2020-09-01,TRIPLE VIRAL,9
32,Dr. Manuel Cassuso,2020-09-01,ANTI GRIPAL,17
32,Dr. Manuel Cassuso,2020-09-01,HEPATITIS A,3
32,Dr. Manuel Cassuso,2020-09-01,VARICELA,4
32,Dr. Manuel Cassuso,2020-09-01,MENINGOCOC.,10
32,Dr. Manuel Cassuso,2020-09-01,FIEBRE AMARILLA,20
32,Dr. Manuel Cassuso,2020-09-01,DPT,4
32,Dr. Manuel Cassuso,2020-09-01,DPT (a),10
32,Dr. Manuel Cassuso,2020-09-01,DOBLE BACTERIANA,10
32,Dr. Manuel Cassuso,2020-09-01,HPV,7
76,Dr. Romilio Monzón,2020-09-01,HEPATITIS B,6
76,Dr. Romilio Monzón,2020-09-01,SALK,10
76,Dr. Romilio Monzón,2020-09-01,ROTAVIRUS,8
76,Dr. Romilio Monzón,2020-09-01,PENTAVALENTE,13
76,Dr. Romilio Monzón,2020-09-01,NEUMOCOCICA CONJUGADA,13
76,Dr. Romilio Monzón,2020-09-01,TRIPLE VIRAL,3
76,Dr. Romilio Monzón,2020-09-01,ANTI GRIPAL,5
76,Dr. Romilio Monzón,2020-09-01,HEPATITIS A,3
76,Dr. Romilio Monzón,2020-09-01,VARICELA,5
76,Dr. Romilio Monzón,2020-09-01,MENINGOCOC.,13
76,Dr. Romilio Monzón,2020-09-01,DPT,9
76,Dr. Romilio Monzón,2020-09-01,DPT (a),3
76,Dr. Romilio Monzón,2020-09-01,HPV,3
36,Esperanza,2020-09-01,HEPATITIS B,5
36,Esperanza,2020-09-01,SALK,29
36,Esperanza,2020-09-01,ROTAVIRUS,9
36,Esperanza,2020-09-01,PENTAVALENTE,25
36,Esperanza,2020-09-01,NEUMOCOCICA CONJUGADA,15
36,Esperanza,2020-09-01,TRIPLE VIRAL,12
36,Esperanza,2020-09-01,ANTI GRIPAL,17
36,Esperanza,2020-09-01,HEPATITIS A,4
36,Esperanza,2020-09-01,VARICELA,9
36,Esperanza,2020-09-01,NEUMOCOCICA CONJUGADA,32
36,Esperanza,2020-09-01,FIEBRE AMARILLA,14
36,Esperanza,2020-09-01,DPT,8
36,Esperanza,2020-09-01,DPT (a),5
36,Esperanza,2020-09-01,DOBLE BACTERIANA,7
36,Esperanza,2020-09-01,HPV,7
10003,Guemes,2020-09-01,HEPATITIS B,11
10003,Guemes,2020-09-01,SALK,12
10003,Guemes,2020-09-01,ROTAVIRUS,5
10003,Guemes,2020-09-01,PENTAVALENTE,16
10003,Guemes,2020-09-01,NEUMOCOCICA CONJUGADA,8
10003,Guemes,2020-09-01,TRIPLE VIRAL,5
10003,Guemes,2020-09-01,ANTI GRIPAL,3
10003,Guemes,2020-09-01,HEPATITIS A,3
10003,Guemes,2020-09-01,VARICELA,2
10003,Guemes,2020-09-01,MENINGOCOC.,7
10003,Guemes,2020-09-01,FIEBRE AMARILLA,20
10003,Guemes,2020-09-01,DPT,1
10003,Guemes,2020-09-01,DPT (a),4
10003,Guemes,2020-09-01,DOBLE BACTERIANA,15
10003,Guemes,2020-09-01,HPV,3
10001,Dr. Korimblum,2020-09-01,HEPATITIS B,3
10001,Dr. Korimblum,2020-09-01,SALK,1
10001,Dr. Korimblum,2020-09-01,PENTAVALENTE,1
10001,Dr. Korimblum,2020-09-01,NEUMOCOCICA CONJUGADA,1
10001,Dr. Korimblum,2020-09-01,ANTI GRIPAL,1
10001,Dr. Korimblum,2020-09-01,DPT (a),3
10001,Dr. Korimblum,2020-09-01,HPV,1
49,Dr. Benjamin Serrano,2020-09-01,HEPATITIS B,2
49,Dr. Benjamin Serrano,2020-09-01,SALK,10
49,Dr. Benjamin Serrano,2020-09-01,ROTAVIRUS,5
49,Dr. Benjamin Serrano,2020-09-01,PENTAVALENTE,11
49,Dr. Benjamin Serrano,2020-09-01,NEUMOCOCICA CONJUGADA,8
49,Dr. Benjamin Serrano,2020-09-01,TRIPLE VIRAL,2
49,Dr. Benjamin Serrano,2020-09-01,ANTI GRIPAL,10
49,Dr. Benjamin Serrano,2020-09-01,HEPATITIS A,1
49,Dr. Benjamin Serrano,2020-09-01,VARICELA,6
49,Dr. Benjamin Serrano,2020-09-01,MENINGOCOC.,8
49,Dr. Benjamin Serrano,2020-09-01,FIEBRE AMARILLA,7
49,Dr. Benjamin Serrano,2020-09-01,DPT,1
49,Dr. Benjamin Serrano,2020-09-01,DPT (a),3
49,Dr. Benjamin Serrano,2020-09-01,DOBLE BACTERIANA,7
49,Dr. Benjamin Serrano,2020-09-01,HPV,7
49,Dr. Benjamin Serrano,2020-09-01,NEUMOCOCICA NO CONJUGADA,1
69,Primera Junta,2020-09-01,HEPATITIS B,5
69,Primera Junta,2020-09-01,SALK,7
69,Primera Junta,2020-09-01,ROTAVIRUS,4
69,Primera Junta,2020-09-01,PENTAVALENTE,7
69,Primera Junta,2020-09-01,NEUMOCOCICA CONJUGADA,6
69,Primera Junta,2020-09-01,TRIPLE VIRAL,2
69,Primera Junta,2020-09-01,ANTI GRIPAL,8
69,Primera Junta,2020-09-01,HEPATITIS A,2
69,Primera Junta,2020-09-01,VARICELA,2
69,Primera Junta,2020-09-01,MENINGOCOC.,4
69,Primera Junta,2020-09-01,DOBLE BACTERIANA,4
69,Primera Junta,2020-09-01,HPV,2
127,Santa Catalina,2020-09-01,HEPATITIS B,3
127,Santa Catalina,2020-09-01,SALK,3
127,Santa Catalina,2020-09-01,ROTAVIRUS,2
127,Santa Catalina,2020-09-01,PENTAVALENTE,3
127,Santa Catalina,2020-09-01,NEUMOCOCICA CONJUGADA,3
127,Santa Catalina,2020-09-01,TRIPLE VIRAL,2
127,Santa Catalina,2020-09-01,ANTI GRIPAL,3
127,Santa Catalina,2020-09-01,HEPATITIS A,1
127,Santa Catalina,2020-09-01,VARICELA,1
127,Santa Catalina,2020-09-01,MENINGOCOC.,5
127,Santa Catalina,2020-09-01,DPT,1
127,Santa Catalina,2020-09-01,DPT (a),4
127,Santa Catalina,2020-09-01,HPV,3
127,Santa Catalina,2020-09-01,NEUMOCOCICA NO CONJUGADA,1
71,Villa Chiquita,2020-09-01,HEPATITIS B,2
71,Villa Chiquita,2020-09-01,SALK,9
71,Villa Chiquita,2020-09-01,PENTAVALENTE,14
71,Villa Chiquita,2020-09-01,NEUMOCOCICA CONJUGADA,9
71,Villa Chiquita,2020-09-01,TRIPLE VIRAL,4
71,Villa Chiquita,2020-09-01,ANTI GRIPAL,4
71,Villa Chiquita,2020-09-01,HEPATITIS A,3
71,Villa Chiquita,2020-09-01,VARICELA,5
71,Villa Chiquita,2020-09-01,MENINGOCOC.,7
71,Villa Chiquita,2020-09-01,DPT,1
71,Villa Chiquita,2020-09-01,DPT (a),5
71,Villa Chiquita,2020-09-01,HPV,4
41,Dr. Manuel Gonzalez,2020-09-01,HEPATITIS B,6
41,Dr. Manuel Gonzalez,2020-09-01,SALK,2
41,Dr. Manuel Gonzalez,2020-09-01,PENTAVALENTE,2
41,Dr. Manuel Gonzalez,2020-09-01,NEUMOCOCICA CONJUGADA,2
41,Dr. Manuel Gonzalez,2020-09-01,TRIPLE VIRAL,3
41,Dr. Manuel Gonzalez,2020-09-01,HEPATITIS A,2
41,Dr. Manuel Gonzalez,2020-09-01,MENINGOCOC.,2
41,Dr. Manuel Gonzalez,2020-09-01,DPT,1
41,Dr. Manuel Gonzalez,2020-09-01,DPT (a),1
41,Dr. Manuel Gonzalez,2020-09-01,DOBLE VIRAL,3
41,Dr. Manuel Gonzalez,2020-09-01,HPV,2
88,Dr. Lifschitz,2020-09-01,SALK,6
88,Dr. Lifschitz,2020-09-01,ROTAVIRUS,2
88,Dr. Lifschitz,2020-09-01,PENTAVALENTE,6
88,Dr. Lifschitz,2020-09-01,NEUMOCOCICA CONJUGADA,5
88,Dr. Lifschitz,2020-09-01,TRIPLE VIRAL,4
88,Dr. Lifschitz,2020-09-01,ANTI GRIPAL,65
88,Dr. Lifschitz,2020-09-01,HEPATITIS A,4
88,Dr. Lifschitz,2020-09-01,VARICELA,2
88,Dr. Lifschitz,2020-09-01,MENINGOCOC.,2
88,Dr. Lifschitz,2020-09-01,DPT (a),3
88,Dr. Lifschitz,2020-09-01,HPV,1
99,OPERATIVO TERRITORIALES,2020-08-01,SALK,5
99,OPERATIVO TERRITORIALES,2020-08-01,ROTAVIRUS,2
99,OPERATIVO TERRITORIALES,2020-08-01,PENTAVALENTE,5
99,OPERATIVO TERRITORIALES,2020-08-01,ANTI GRIPAL,4
99,OPERATIVO TERRITORIALES,2020-08-01,VARICELA,2
99,OPERATIVO TERRITORIALES,2020-08-01,FIEBRE AMARILLA,5
99,OPERATIVO TERRITORIALES,2020-08-01,DPT (a),3
99,OPERATIVO TERRITORIALES,2020-08-01,DOBLE BACTERIANA,1
99,OPERATIVO TERRITORIALES,2020-08-01,NEUMOCOCICA CONJUGADA,1
99,OPERATIVO TERRITORIALES,2020-08-01,ANTI GRIPAL,12
99,OPERATIVO TERRITORIALES,2020-08-01,VARICELA,3
99,OPERATIVO TERRITORIALES,2020-08-01,MENINGOCOC.,11
99,OPERATIVO TERRITORIALES,2020-08-01,FIEBRE AMARILLA,6
99,OPERATIVO TERRITORIALES,2020-08-01,DPT (a),4
99,OPERATIVO TERRITORIALES,2020-08-01,HPV,5
75,Dr. Mauricio Open,2020-10-01,HEPATITIS B,3
75,Dr. Mauricio Open,2020-10-01,SALK,5
75,Dr. Mauricio Open,2020-10-01,ROTAVIRUS,4
75,Dr. Mauricio Open,2020-10-01,PENTAVALENTE,7
75,Dr. Mauricio Open,2020-10-01,NEUMOCOCICA CONJUGADA,3
75,Dr. Mauricio Open,2020-10-01,SABIN ORAL,3
75,Dr. Mauricio Open,2020-10-01,ANTI GRIPAL,5
75,Dr. Mauricio Open,2020-10-01,MENINGOCOC.,1
10002,Dr. Semper,2020-10-01,SALK,16
10002,Dr. Semper,2020-10-01,ROTAVIRUS,4
10002,Dr. Semper,2020-10-01,PENTAVALENTE,10
10002,Dr. Semper,2020-10-01,NEUMOCOCICA CONJUGADA,5
10002,Dr. Semper,2020-10-01,TRIPLE VIRAL,7
10002,Dr. Semper,2020-10-01,TRIPLE VIRAL,2
10002,Dr. Semper,2020-10-01,ANTI GRIPAL,1
10002,Dr. Semper,2020-10-01,HEPATITIS A,2
10002,Dr. Semper,2020-10-01,VARICELA,9
10002,Dr. Semper,2020-10-01,MENINGOCOC.,6
10002,Dr. Semper,2020-10-01,DPT,8
10002,Dr. Semper,2020-10-01,DPT (a),9
10002,Dr. Semper,2020-10-01,DOBLE BACTERIANA,9
10002,Dr. Semper,2020-10-01,HPV,2
10002,Dr. Semper,2020-10-01,NEUMOCOCICA CONJUGADA,1
85,Santa Margarita,2020-10-01,SALK,4
85,Santa Margarita,2020-10-01,ROTAVIRUS,3
85,Santa Margarita,2020-10-01,PENTAVALENTE,6
85,Santa Margarita,2020-10-01,NEUMOCOCICA CONJUGADA,5
85,Santa Margarita,2020-10-01,TRIPLE VIRAL,3
85,Santa Margarita,2020-10-01,ANTI GRIPAL,6
85,Santa Margarita,2020-10-01,HEPATITIS A,3
85,Santa Margarita,2020-10-01,VARICELA,2
85,Santa Margarita,2020-10-01,MENINGOCOC.,8
85,Santa Margarita,2020-10-01,DPT,1
85,Santa Margarita,2020-10-01,DPT (a),4
85,Santa Margarita,2020-10-01,DOBLE BACTERIANA,2
85,Santa Margarita,2020-10-01,HPV,2
85,Santa Margarita,2020-10-01,MENACTRA,1
37,Dr. Sussini,2020-10-01,HEPATITIS A,30
37,Dr. Sussini,2020-10-01,SALK,41
37,Dr. Sussini,2020-10-01,ROTAVIRUS,18
37,Dr. Sussini,2020-10-01,PENTAVALENTE,51
37,Dr. Sussini,2020-10-01,NEUMOCOCICA CONJUGADA,40
37,Dr. Sussini,2020-10-01,TRIPLE VIRAL,29
37,Dr. Sussini,2020-10-01,ANTI GRIPAL,111
37,Dr. Sussini,2020-10-01,HEPATITIS A,17
37,Dr. Sussini,2020-10-01,VARICELA,11
37,Dr. Sussini,2020-10-01,MENINGOCOC.,55
37,Dr. Sussini,2020-10-01,FIEBRE AMARILLA,12
37,Dr. Sussini,2020-10-01,DPT,10
37,Dr. Sussini,2020-10-01,DPT (a),25
37,Dr. Sussini,2020-10-01,DOBLE BACTERIANA,51
37,Dr. Sussini,2020-10-01,HPV,23
49,Dr. Benjamin Serrano,2020-10-01,SALK,15
49,Dr. Benjamin Serrano,2020-10-01,ROTAVIRUS,6
49,Dr. Benjamin Serrano,2020-10-01,PENTAVALENTE,12
49,Dr. Benjamin Serrano,2020-10-01,NEUMOCOCICA CONJUGADA,8
49,Dr. Benjamin Serrano,2020-10-01,TRIPLE VIRAL,5
49,Dr. Benjamin Serrano,2020-10-01,ANTI GRIPAL,11
49,Dr. Benjamin Serrano,2020-10-01,HEPATITIS A,2
49,Dr. Benjamin Serrano,2020-10-01,VARICELA,1
49,Dr. Benjamin Serrano,2020-10-01,MENINGOCOC.,13
49,Dr. Benjamin Serrano,2020-10-01,FIEBRE AMARILLA,4
49,Dr. Benjamin Serrano,2020-10-01,DPT,3
49,Dr. Benjamin Serrano,2020-10-01,DOBLE BACTERIANA,4
49,Dr. Benjamin Serrano,2020-10-01,HPV,10
91,Dr. Pedro Blugerman,2020-10-01,HEPATITIS B,2
91,Dr. Pedro Blugerman,2020-10-01,SALK,37
91,Dr. Pedro Blugerman,2020-10-01,ROTAVIRUS,11
91,Dr. Pedro Blugerman,2020-10-01,PENTAVALENTE,41
91,Dr. Pedro Blugerman,2020-10-01,NEUMOCOCICA CONJUGADA,1
91,Dr. Pedro Blugerman,2020-10-01,TRIPLE VIRAL,17
91,Dr. Pedro Blugerman,2020-10-01,ANTI GRIPAL,25
91,Dr. Pedro Blugerman,2020-10-01,HEPATITIS A,8
91,Dr. Pedro Blugerman,2020-10-01,VARICELA,13
91,Dr. Pedro Blugerman,2020-10-01,MENINGOCOC.,40
91,Dr. Pedro Blugerman,2020-10-01,FIEBRE AMARILLA,12
91,Dr. Pedro Blugerman,2020-10-01,DPT,8
91,Dr. Pedro Blugerman,2020-10-01,DPT (a),33
91,Dr. Pedro Blugerman,2020-10-01,DOBLE BACTERIANA,24
91,Dr. Pedro Blugerman,2020-10-01,HPV,16
71,Villa Chiquita,2020-10-01,HEPATITIS B,6
71,Villa Chiquita,2020-10-01,SALK,8
71,Villa Chiquita,2020-10-01,ROTAVIRUS,4
71,Villa Chiquita,2020-10-01,PENTAVALENTE,7
71,Villa Chiquita,2020-10-01,NEUMOCOCICA CONJUGADA,7
71,Villa Chiquita,2020-10-01,TRIPLE VIRAL,7
71,Villa Chiquita,2020-10-01,ANTI GRIPAL,8
71,Villa Chiquita,2020-10-01,HEPATITIS A,3
71,Villa Chiquita,2020-10-01,VARICELA,2
71,Villa Chiquita,2020-10-01,MENINGOCOC.,12
71,Villa Chiquita,2020-10-01,FIEBRE AMARILLA,9
71,Villa Chiquita,2020-10-01,DPT,2
71,Villa Chiquita,2020-10-01,DPT (a),2
71,Villa Chiquita,2020-10-01,HPV,5
76,Dr. Romilio Monzón,2020-10-01,HEPATITIS B,6
76,Dr. Romilio Monzón,2020-10-01,SALK,10
76,Dr. Romilio Monzón,2020-10-01,ROTAVIRUS,4
76,Dr. Romilio Monzón,2020-10-01,ROTAVIRUS,12
76,Dr. Romilio Monzón,2020-10-01,NEUMOCOCICA CONJUGADA,14
76,Dr. Romilio Monzón,2020-10-01,TRIPLE VIRAL,6
76,Dr. Romilio Monzón,2020-10-01,ANTI GRIPAL,8
76,Dr. Romilio Monzón,2020-10-01,HEPATITIS A,4
76,Dr. Romilio Monzón,2020-10-01,VARICELA,3
76,Dr. Romilio Monzón,2020-10-01,DPT,2
76,Dr. Romilio Monzón,2020-10-01,DPT (a),19
76,Dr. Romilio Monzón,2020-10-01,DOBLE BACTERIANA,1
76,Dr. Romilio Monzón,2020-10-01,HPV,3
76,Dr. Romilio Monzón,2020-10-01,NEUMOCOCICA NO CONJUGADA,9
48,Dr. Jose de los Reyes Vidal,2020-10-01,HEPATITIS B,4
48,Dr. Jose de los Reyes Vidal,2020-10-01,SALK,16
48,Dr. Jose de los Reyes Vidal,2020-10-01,ROTAVIRUS,7
48,Dr. Jose de los Reyes Vidal,2020-10-01,PENTAVALENTE,12
48,Dr. Jose de los Reyes Vidal,2020-10-01,NEUMOCOCICA CONJUGADA,8
48,Dr. Jose de los Reyes Vidal,2020-10-01,TRIPLE VIRAL,6
48,Dr. Jose de los Reyes Vidal,2020-10-01,ANTI GRIPAL,4
48,Dr. Jose de los Reyes Vidal,2020-10-01,HEPATITIS A,2
48,Dr. Jose de los Reyes Vidal,2020-10-01,VARICELA,3
48,Dr. Jose de los Reyes Vidal,2020-10-01,MENINGOCOC.,10
48,Dr. Jose de los Reyes Vidal,2020-10-01,FIEBRE AMARILLA,8
48,Dr. Jose de los Reyes Vidal,2020-10-01,DPT,4
48,Dr. Jose de los Reyes Vidal,2020-10-01,DPT (a),3
48,Dr. Jose de los Reyes Vidal,2020-10-01,DOBLE VIRAL,3
48,Dr. Jose de los Reyes Vidal,2020-10-01,HPV,4
36,Esperanza,2020-10-01,HEPATITIS B,2
36,Esperanza,2020-10-01,SALK,16
36,Esperanza,2020-10-01,ROTAVIRUS,6
36,Esperanza,2020-10-01,PENTAVALENTE,23
36,Esperanza,2020-10-01,NEUMOCOCICA CONJUGADA,11
36,Esperanza,2020-10-01,TRIPLE VIRAL,8
36,Esperanza,2020-10-01,ANTI GRIPAL,17
36,Esperanza,2020-10-01,HEPATITIS A,4
36,Esperanza,2020-10-01,VARICELA,10
36,Esperanza,2020-10-01,MENINGOCOC.,28
36,Esperanza,2020-10-01,FIEBRE AMARILLA,14
36,Esperanza,2020-10-01,DPT,5
36,Esperanza,2020-10-01,DPT (a),9
36,Esperanza,2020-10-01,DOBLE BACTERIANA,3
36,Esperanza,2020-10-01,HPV,11
36,Esperanza,2020-10-01,NEUMOCOCICA NO CONJUGADA,1
10003,Guemes,2020-10-01,HEPATITIS A,13
10003,Guemes,2020-10-01,SALK,14
10003,Guemes,2020-10-01,ROTAVIRUS,8
10003,Guemes,2020-10-01,PENTAVALENTE,15
10003,Guemes,2020-10-01,NEUMOCOCICA CONJUGADA,14
10003,Guemes,2020-10-01,TRIPLE VIRAL,9
10003,Guemes,2020-10-01,ANTI GRIPAL,5
10003,Guemes,2020-10-01,HEPATITIS A,4
10003,Guemes,2020-10-01,VARICELA,4
10003,Guemes,2020-10-01,MENINGOCOC.,11
10003,Guemes,2020-10-01,DPT,5
10003,Guemes,2020-10-01,DPT (a),12
10003,Guemes,2020-10-01,DOBLE BACTERIANA,14
10003,Guemes,2020-10-01,HPV,9
54,Itati,2020-10-01,HEPATITIS B,5
54,Itati,2020-10-01,SALK,15
54,Itati,2020-10-01,ROTAVIRUS,8
54,Itati,2020-10-01,PENTAVALENTE,18
54,Itati,2020-10-01,NEUMOCOCICA CONJUGADA,14
54,Itati,2020-10-01,TRIPLE VIRAL,6
54,Itati,2020-10-01,ANTI GRIPAL,6
54,Itati,2020-10-01,HEPATITIS A,7
54,Itati,2020-10-01,VARICELA,3
54,Itati,2020-10-01,MENINGOCOC.,25
54,Itati,2020-10-01,DPT,4
54,Itati,2020-10-01,DPT (a),15
54,Itati,2020-10-01,DOBLE BACTERIANA,3
54,Itati,2020-10-01,HPV,15
10000,Dr. Anibal Malvido,2020-10-01,HEPATITIS B,7
10000,Dr. Anibal Malvido,2020-10-01,SALK,20
10000,Dr. Anibal Malvido,2020-10-01,ROTAVIRUS,7
10000,Dr. Anibal Malvido,2020-10-01,PENTAVALENTE,20
10000,Dr. Anibal Malvido,2020-10-01,NEUMOCOCICA CONJUGADA,13
10000,Dr. Anibal Malvido,2020-10-01,TRIPLE VIRAL,14
10000,Dr. Anibal Malvido,2020-10-01,ANTI GRIPAL,14
10000,Dr. Anibal Malvido,2020-10-01,HEPATITIS A,7
10000,Dr. Anibal Malvido,2020-10-01,VARICELA,11
10000,Dr. Anibal Malvido,2020-10-01,MENINGOCOC.,24
10000,Dr. Anibal Malvido,2020-10-01,FIEBRE AMARILLA,15
10000,Dr. Anibal Malvido,2020-10-01,DPT,6
10000,Dr. Anibal Malvido,2020-10-01,DPT (a),17
10000,Dr. Anibal Malvido,2020-10-01,DOBLE BACTERIANA,19
10000,Dr. Anibal Malvido,2020-10-01,DOBLE VIRAL,7
10000,Dr. Anibal Malvido,2020-10-01,HPV,19
34,Dr. Marcelino Vera,2020-10-01,SALK,4
34,Dr. Marcelino Vera,2020-10-01,ROTAVIRUS,4
34,Dr. Marcelino Vera,2020-10-01,PENTAVALENTE,4
34,Dr. Marcelino Vera,2020-10-01,NEUMOCOCICA CONJUGADA,6
34,Dr. Marcelino Vera,2020-10-01,TRIPLE VIRAL,2
34,Dr. Marcelino Vera,2020-10-01,HEPATITIS A,2
34,Dr. Marcelino Vera,2020-10-01,VARICELA,2
34,Dr. Marcelino Vera,2020-10-01,MENINGOCOC.,8
34,Dr. Marcelino Vera,2020-10-01,DPT,2
34,Dr. Marcelino Vera,2020-10-01,HPV,2
58,Dr. Oscar Pirchi,2020-10-01,HEPATITIS B,5
58,Dr. Oscar Pirchi,2020-10-01,SALK,29
58,Dr. Oscar Pirchi,2020-10-01,ROTAVIRUS,15
58,Dr. Oscar Pirchi,2020-10-01,PENTAVALENTE,36
58,Dr. Oscar Pirchi,2020-10-01,NEUMOCOCICA CONJUGADA,21
58,Dr. Oscar Pirchi,2020-10-01,TRIPLE VIRAL,9
58,Dr. Oscar Pirchi,2020-10-01,ANTI GRIPAL,2
58,Dr. Oscar Pirchi,2020-10-01,HEPATITIS A,5
58,Dr. Oscar Pirchi,2020-10-01,VARICELA,4
58,Dr. Oscar Pirchi,2020-10-01,MENINGOCOC.,23
58,Dr. Oscar Pirchi,2020-10-01,DPT,4
58,Dr. Oscar Pirchi,2020-10-01,DPT (a),19
58,Dr. Oscar Pirchi,2020-10-01,DOBLE BACTERIANA,8
58,Dr. Oscar Pirchi,2020-10-01,HPV,12
69,Primera Junta,2020-10-01,HEPATITIS B,10
69,Primera Junta,2020-10-01,SALK,3
69,Primera Junta,2020-10-01,ROTAVIRUS,2
69,Primera Junta,2020-10-01,PENTAVALENTE,5
69,Primera Junta,2020-10-01,NEUMOCOCICA CONJUGADA,3
69,Primera Junta,2020-10-01,TRIPLE VIRAL,2
69,Primera Junta,2020-10-01,ANTI GRIPAL,2
69,Primera Junta,2020-10-01,HEPATITIS A,2
69,Primera Junta,2020-10-01,VARICELA,3
69,Primera Junta,2020-10-01,MENINGOCOC.,12
69,Primera Junta,2020-10-01,FIEBRE AMARILLA,7
69,Primera Junta,2020-10-01,DPT (a),7
69,Primera Junta,2020-10-01,DOBLE BACTERIANA,8
69,Primera Junta,2020-10-01,HPV,2
62,Pujol,2020-10-01,NEUMOCOCICA CONJUGADA,1
62,Pujol,2020-10-01,TRIPLE VIRAL,1
62,Pujol,2020-10-01,MENINGOCOC.,1
62,Pujol,2020-10-01,HEPATITIS A,1
79,Quinta Ferre,2020-10-01,HEPATITIS B,4
79,Quinta Ferre,2020-10-01,SALK,4
79,Quinta Ferre,2020-10-01,ROTAVIRUS,3
79,Quinta Ferre,2020-10-01,PENTAVALENTE,5
79,Quinta Ferre,2020-10-01,NEUMOCOCICA CONJUGADA,5
79,Quinta Ferre,2020-10-01,ANTI GRIPAL,7
79,Quinta Ferre,2020-10-01,HEPATITIS A,2
79,Quinta Ferre,2020-10-01,VARICELA,3
79,Quinta Ferre,2020-10-01,MENINGOCOC.,3
79,Quinta Ferre,2020-10-01,DPT,4
79,Quinta Ferre,2020-10-01,DPT (a),2
79,Quinta Ferre,2020-10-01,HPV,1
82,Dr. Miguel Rossi Candia,2020-10-01,HEPATITIS A,52
82,Dr. Miguel Rossi Candia,2020-10-01,SALK,44
82,Dr. Miguel Rossi Candia,2020-10-01,ROTAVIRUS,19
82,Dr. Miguel Rossi Candia,2020-10-01,PENTAVALENTE,45
82,Dr. Miguel Rossi Candia,2020-10-01,NEUMOCOCICA CONJUGADA,33
82,Dr. Miguel Rossi Candia,2020-10-01,TRIPLE VIRAL,19
82,Dr. Miguel Rossi Candia,2020-10-01,ANTI GRIPAL,4
82,Dr. Miguel Rossi Candia,2020-10-01,HEPATITIS A,12
82,Dr. Miguel Rossi Candia,2020-10-01,VARICELA,8
82,Dr. Miguel Rossi Candia,2020-10-01,MENINGOCOC.,35
82,Dr. Miguel Rossi Candia,2020-10-01,DPT,6
82,Dr. Miguel Rossi Candia,2020-10-01,DPT (a),28
82,Dr. Miguel Rossi Candia,2020-10-01,DOBLE BACTERIANA,28
82,Dr. Miguel Rossi Candia,2020-10-01,HPV,18
82,Dr. Miguel Rossi Candia,2020-10-01,NEUMOCOCICA NO CONJUGADA,2
82,Dr. Miguel Rossi Candia,2020-10-01,GRIPE A ,27
73,San Marcos,2020-10-01,SALK,9
73,San Marcos,2020-10-01,ROTAVIRUS,3
73,San Marcos,2020-10-01,PENTAVALENTE,10
73,San Marcos,2020-10-01,NEUMOCOCICA CONJUGADA,8
73,San Marcos,2020-10-01,TRIPLE VIRAL,4
73,San Marcos,2020-10-01,TRIPLE VIRAL,9
73,San Marcos,2020-10-01,ANTI GRIPAL,4
73,San Marcos,2020-10-01,HEPATITIS A,6
73,San Marcos,2020-10-01,VARICELA,18
73,San Marcos,2020-10-01,MENINGOCOC.,6
73,San Marcos,2020-10-01,FIEBRE AMARILLA,8
73,San Marcos,2020-10-01,DPT (a),10
73,San Marcos,2020-10-01,HPV,10
90,Sapucay,2020-10-01,SALK,4
90,Sapucay,2020-10-01,ROTAVIRUS,2
90,Sapucay,2020-10-01,PENTAVALENTE,6
90,Sapucay,2020-10-01,NEUMOCOCICA CONJUGADA,4
90,Sapucay,2020-10-01,ANTI GRIPAL,1
90,Sapucay,2020-10-01,HEPATITIS A,3
90,Sapucay,2020-10-01,VARICELA,2
90,Sapucay,2020-10-01,NEUMOCOCICA CONJUGADA,1
90,Sapucay,2020-10-01,FIEBRE AMARILLA,8
90,Sapucay,2020-10-01,DPT (a),6
90,Sapucay,2020-10-01,DOBLE BACTERIANA,2
90,Sapucay,2020-10-01,HPV,3
42,Dr. Santiago Lorenzo,2020-10-01,SALK,12
42,Dr. Santiago Lorenzo,2020-10-01,ROTAVIRUS,5
42,Dr. Santiago Lorenzo,2020-10-01,PENTAVALENTE,11
42,Dr. Santiago Lorenzo,2020-10-01,NEUMOCOCICA CONJUGADA,8
42,Dr. Santiago Lorenzo,2020-10-01,TRIPLE VIRAL,6
42,Dr. Santiago Lorenzo,2020-10-01,ANTI GRIPAL,9
42,Dr. Santiago Lorenzo,2020-10-01,HEPATITIS A,2
42,Dr. Santiago Lorenzo,2020-10-01,VARICELA,3
42,Dr. Santiago Lorenzo,2020-10-01,MENINGOCOC.,10
42,Dr. Santiago Lorenzo,2020-10-01,DPT,4
42,Dr. Santiago Lorenzo,2020-10-01,DPT (a),4
42,Dr. Santiago Lorenzo,2020-10-01,DOBLE BACTERIANA,4
42,Dr. Santiago Lorenzo,2020-10-01,HPV,4
70,Villa Garcia,2020-10-01,HEPATITIS B,4
70,Villa Garcia,2020-10-01,SALK,15
70,Villa Garcia,2020-10-01,ROTAVIRUS,7
70,Villa Garcia,2020-10-01,PENTAVALENTE,10
70,Villa Garcia,2020-10-01,NEUMOCOCICA CONJUGADA,10
70,Villa Garcia,2020-10-01,SABIN ORAL,10
70,Villa Garcia,2020-10-01,TRIPLE VIRAL,5
70,Villa Garcia,2020-10-01,ANTI GRIPAL,5
70,Villa Garcia,2020-10-01,HEPATITIS A,4
70,Villa Garcia,2020-10-01,VARICELA,12
70,Villa Garcia,2020-10-01,MENINGOCOC.,7
70,Villa Garcia,2020-10-01,DPT,4
70,Villa Garcia,2020-10-01,DPT (a),5
70,Villa Garcia,2020-10-01,DOBLE BACTERIANA,1
70,Villa Garcia,2020-10-01,HPV,5
51,Dr. Juan Chercoff,2020-10-01,SALK,4
51,Dr. Juan Chercoff,2020-10-01,ROTAVIRUS,4
51,Dr. Juan Chercoff,2020-10-01,PENTAVALENTE,4
51,Dr. Juan Chercoff,2020-10-01,NEUMOCOCICA CONJUGADA,5
51,Dr. Juan Chercoff,2020-10-01,TRIPLE VIRAL,1
51,Dr. Juan Chercoff,2020-10-01,HEPATITIS A,1
51,Dr. Juan Chercoff,2020-10-01,FIEBRE AMARILLA,7
51,Dr. Juan Chercoff,2020-10-01,DPT (a),1
51,Dr. Juan Chercoff,2020-10-01,DOBLE BACTERIANA,1
51,Dr. Juan Chercoff,2020-10-01,HPV,2
88,Dr. Lifschitz,2020-10-01,BCG,9
88,Dr. Lifschitz,2020-10-01,SALK,10
88,Dr. Lifschitz,2020-10-01,ROTAVIRUS,10
88,Dr. Lifschitz,2020-10-01,PENTAVALENTE,10
88,Dr. Lifschitz,2020-10-01,NEUMOCOCICA CONJUGADA,10
88,Dr. Lifschitz,2020-10-01,TRIPLE VIRAL,104
88,Dr. Lifschitz,2020-10-01,ANTI GRIPAL,5
88,Dr. Lifschitz,2020-10-01,HEPATITIS A,5
88,Dr. Lifschitz,2020-10-01,VARICELA,11
88,Dr. Lifschitz,2020-10-01,MENINGOCOC.,6
88,Dr. Lifschitz,2020-10-01,FIEBRE AMARILLA,5
88,Dr. Lifschitz,2020-10-01,DPT (a),5
88,Dr. Lifschitz,2020-10-01,DOBLE VIRAL,5
88,Dr. Lifschitz,2020-10-01,HPV,5
32,Dr. Manuel Cassuso,2020-10-01,HEPATITIS B,5
32,Dr. Manuel Cassuso,2020-10-01,SALK,25
32,Dr. Manuel Cassuso,2020-10-01,ROTAVIRUS,12
32,Dr. Manuel Cassuso,2020-10-01,PENTAVALENTE,21
32,Dr. Manuel Cassuso,2020-10-01,NEUMOCOCICA CONJUGADA,15
32,Dr. Manuel Cassuso,2020-10-01,TRIPLE VIRAL,20
32,Dr. Manuel Cassuso,2020-10-01,ANTI GRIPAL,15
32,Dr. Manuel Cassuso,2020-10-01,HEPATITIS A,8
32,Dr. Manuel Cassuso,2020-10-01,VARICELA,3
32,Dr. Manuel Cassuso,2020-10-01,MENINGOCOC.,24
32,Dr. Manuel Cassuso,2020-10-01,FIEBRE AMARILLA,17
32,Dr. Manuel Cassuso,2020-10-01,DPT,12
32,Dr. Manuel Cassuso,2020-10-01,DPT (a),15
32,Dr. Manuel Cassuso,2020-10-01,DOBLE BACTERIANA,13
32,Dr. Manuel Cassuso,2020-10-01,HPV,24
99,OPERATIVO TERRITORIALES,2020-10-01,SALK,5
99,OPERATIVO TERRITORIALES,2020-10-01,PENTAVALENTE,41
99,OPERATIVO TERRITORIALES,2020-10-01,TRIPLE VIRAL,4
99,OPERATIVO TERRITORIALES,2020-10-01,ANTI GRIPAL,9
99,OPERATIVO TERRITORIALES,2020-10-01,HEPATITIS A,1
99,OPERATIVO TERRITORIALES,2020-10-01,VARICELA,3
99,OPERATIVO TERRITORIALES,2020-10-01,MENINGOCOC.,9
99,OPERATIVO TERRITORIALES,2020-10-01,FIEBRE AMARILLA,9
99,OPERATIVO TERRITORIALES,2020-10-01,DPT,4
99,OPERATIVO TERRITORIALES,2020-10-01,DPT (a),1
99,OPERATIVO TERRITORIALES,2020-10-01,DOBLE BACTERIANA,1
99,OPERATIVO TERRITORIALES,2020-10-01,HPV,3
99,OPERATIVO TERRITORIALES,2020-10-01,NEUMOCOCICA NO CONJUGADA,1
99,OPERATIVO TERRITORIALES,2020-10-01,SALK,2
99,OPERATIVO TERRITORIALES,2020-10-01,NEUMOCOCICA CONJUGADA,1
99,OPERATIVO TERRITORIALES,2020-10-01,TRIPLE VIRAL,3
99,OPERATIVO TERRITORIALES,2020-10-01,ANTI GRIPAL,1
99,OPERATIVO TERRITORIALES,2020-10-01,VARICELA,1
99,OPERATIVO TERRITORIALES,2020-10-01,MENINGOCOC.,8
99,OPERATIVO TERRITORIALES,2020-10-01,FIEBRE AMARILLA,4
99,OPERATIVO TERRITORIALES,2020-10-01,DPT,2
99,OPERATIVO TERRITORIALES,2020-10-01,DPT (a),4
99,OPERATIVO TERRITORIALES,2020-10-01,HPV,6
127,Santa Catalina,2020-10-01,SALK,8
127,Santa Catalina,2020-10-01,ROTAVIRUS,4
127,Santa Catalina,2020-10-01,PENTAVALENTE,10
127,Santa Catalina,2020-10-01,NEUMOCOCICA CONJUGADA,6
127,Santa Catalina,2020-10-01,TRIPLE VIRAL,6
127,Santa Catalina,2020-10-01,ANTI GRIPAL,4
127,Santa Catalina,2020-10-01,HEPATITIS A,2
127,Santa Catalina,2020-10-01,VARICELA,5
127,Santa Catalina,2020-10-01,MENINGOCOC.,12
127,Santa Catalina,2020-10-01,DPT,2
127,Santa Catalina,2020-10-01,DPT (a),4
127,Santa Catalina,2020-10-01,DOBLE BACTERIANA,2
127,Santa Catalina,2020-10-01,HPV,2
127,Santa Catalina,2020-10-01,NEUMOCOCICA NO CONJUGADA,23
41,Dr. Manuel Gonzalez,2020-10-01,SALK,6
41,Dr. Manuel Gonzalez,2020-10-01,ROTAVIRUS,3
41,Dr. Manuel Gonzalez,2020-10-01,PENTAVALENTE,7
41,Dr. Manuel Gonzalez,2020-10-01,NEUMOCOCICA CONJUGADA,9
41,Dr. Manuel Gonzalez,2020-10-01,TRIPLE VIRAL,7
41,Dr. Manuel Gonzalez,2020-10-01,HEPATITIS A,4
41,Dr. Manuel Gonzalez,2020-10-01,VARICELA,9
41,Dr. Manuel Gonzalez,2020-10-01,MENINGOCOC.,11
41,Dr. Manuel Gonzalez,2020-10-01,DPT,2
41,Dr. Manuel Gonzalez,2020-10-01,DPT (a),4
41,Dr. Manuel Gonzalez,2020-10-01,HPV,6
10001,Dr. Korimblum,2020-10-01,HEPATITIS B,2
10001,Dr. Korimblum,2020-10-01,SALK,4
10001,Dr. Korimblum,2020-10-01,ROTAVIRUS,2
10001,Dr. Korimblum,2020-10-01,PENTAVALENTE,5
10001,Dr. Korimblum,2020-10-01,NEUMOCOCICA CONJUGADA,3
10001,Dr. Korimblum,2020-10-01,ANTI GRIPAL,5
10001,Dr. Korimblum,2020-10-01,VARICELA,1
10001,Dr. Korimblum,2020-10-01,MENINGOCOC.,2
10001,Dr. Korimblum,2020-10-01,DOBLE VIRAL,2
10001,Dr. Korimblum,2020-10-01,HPV,3
38,Dr. JC Benitez Suarez,2020-10-01,HEPATITIS B,7
38,Dr. JC Benitez Suarez,2020-10-01,SALK,6
38,Dr. JC Benitez Suarez,2020-10-01,ROTAVIRUS,3
38,Dr. JC Benitez Suarez,2020-10-01,PENTAVALENTE,2
38,Dr. JC Benitez Suarez,2020-10-01,NEUMOCOCICA CONJUGADA,3
38,Dr. JC Benitez Suarez,2020-10-01,TRIPLE VIRAL,5
38,Dr. JC Benitez Suarez,2020-10-01,HEPATITIS A,1
38,Dr. JC Benitez Suarez,2020-10-01,VARICELA,2
38,Dr. JC Benitez Suarez,2020-10-01,MENINGOCOC.,4
38,Dr. JC Benitez Suarez,2020-10-01,FIEBRE AMARILLA,10
38,Dr. JC Benitez Suarez,2020-10-01,DPT,4
38,Dr. JC Benitez Suarez,2020-10-01,DPT (a),4
38,Dr. JC Benitez Suarez,2020-10-01,DOBLE VIRAL,15
38,Dr. JC Benitez Suarez,2020-10-01,HPV,3
38,Dr. JC Benitez Suarez,2020-10-01,NEUMOCOCICA NO CONJUGADA,1
99,OPERATIVO TERRITORIALES,2020-10-01,SALK,8
99,OPERATIVO TERRITORIALES,2020-10-01,ROTAVIRUS,1
99,OPERATIVO TERRITORIALES,2020-10-01,PENTAVALENTE,7
99,OPERATIVO TERRITORIALES,2020-10-01,NEUMOCOCICA CONJUGADA,4
99,OPERATIVO TERRITORIALES,2020-10-01,TRIPLE VIRAL,5
99,OPERATIVO TERRITORIALES,2020-10-01,FIEBRE AMARILLA,11
99,OPERATIVO TERRITORIALES,2020-10-01,DPT,5
99,OPERATIVO TERRITORIALES,2020-10-01,DPT (a),2
89,Santa Marta,2020-10-01,HEPATITIS B,1
89,Santa Marta,2020-10-01,SALK,10
89,Santa Marta,2020-10-01,ROTAVIRUS,3
89,Santa Marta,2020-10-01,PENTAVALENTE,5
89,Santa Marta,2020-10-01,NEUMOCOCICA CONJUGADA,6
89,Santa Marta,2020-10-01,TRIPLE VIRAL,8
89,Santa Marta,2020-10-01,ANTI GRIPAL,3
89,Santa Marta,2020-10-01,HEPATITIS A,5
89,Santa Marta,2020-10-01,VARICELA,3
89,Santa Marta,2020-10-01,MENINGOCOC.,6
89,Santa Marta,2020-10-01,DPT,3
89,Santa Marta,2020-10-01,HPV,9
49,Dr. Benjamin Serrano,2020-11-01,HEPATITIS B,1
49,Dr. Benjamin Serrano,2020-11-01,SALK,9
49,Dr. Benjamin Serrano,2020-11-01,ROTAVIRUS,1
49,Dr. Benjamin Serrano,2020-11-01,PENTAVALENTE,10
49,Dr. Benjamin Serrano,2020-11-01,NEUMOCOCICA CONJUGADA,5
49,Dr. Benjamin Serrano,2020-11-01,TRIPLE VIRAL,7
49,Dr. Benjamin Serrano,2020-11-01,ANTI GRIPAL,7
49,Dr. Benjamin Serrano,2020-11-01,HEPATITIS A,5
49,Dr. Benjamin Serrano,2020-11-01,VARICELA,2
49,Dr. Benjamin Serrano,2020-11-01,MENINGOCOC.,13
49,Dr. Benjamin Serrano,2020-11-01,FIEBRE AMARILLA,4
49,Dr. Benjamin Serrano,2020-11-01,DPT,3
49,Dr. Benjamin Serrano,2020-11-01,DPT (a),2
49,Dr. Benjamin Serrano,2020-11-01,HPV,6
32,Dr. Manuel Cassuso,2020-11-01,HEPATITIS B,5
32,Dr. Manuel Cassuso,2020-11-01,SALK,8
32,Dr. Manuel Cassuso,2020-11-01,ROTAVIRUS,5
32,Dr. Manuel Cassuso,2020-11-01,PENTAVALENTE,8
32,Dr. Manuel Cassuso,2020-11-01,NEUMOCOCICA CONJUGADA,6
32,Dr. Manuel Cassuso,2020-11-01,TRIPLE VIRAL,4
32,Dr. Manuel Cassuso,2020-11-01,ANTI GRIPAL,4
32,Dr. Manuel Cassuso,2020-11-01,HEPATITIS A,2
32,Dr. Manuel Cassuso,2020-11-01,VARICELA,2
32,Dr. Manuel Cassuso,2020-11-01,MENINGOCOC.,7
32,Dr. Manuel Cassuso,2020-11-01,DPT,3
32,Dr. Manuel Cassuso,2020-11-01,DPT (a),5
32,Dr. Manuel Cassuso,2020-11-01,DOBLE BACTERIANA,13
32,Dr. Manuel Cassuso,2020-11-01,HPV,4
32,Dr. Manuel Cassuso,2020-11-01,NEUMOCOCICA NO CONJUGADA,1
36,Esperanza,2020-11-01,HEPATITIS B,2
36,Esperanza,2020-11-01,SALK,14
36,Esperanza,2020-11-01,ROTAVIRUS,6
36,Esperanza,2020-11-01,PENTAVALENTE,10
36,Esperanza,2020-11-01,NEUMOCOCICA CONJUGADA,7
36,Esperanza,2020-11-01,TRIPLE VIRAL,7
36,Esperanza,2020-11-01,ANTI GRIPAL,8
36,Esperanza,2020-11-01,HEPATITIS A,1
36,Esperanza,2020-11-01,VARICELA,2
36,Esperanza,2020-11-01,MENINGOCOC.,14
36,Esperanza,2020-11-01,FIEBRE AMARILLA,4
36,Esperanza,2020-11-01,DPT,6
36,Esperanza,2020-11-01,DPT (a),7
36,Esperanza,2020-11-01,DOBLE BACTERIANA,2
36,Esperanza,2020-11-01,HPV,11
54,Itati,2020-11-01,SALK,4
54,Itati,2020-11-01,ROTAVIRUS,3
54,Itati,2020-11-01,PENTAVALENTE,4
54,Itati,2020-11-01,NEUMOCOCICA CONJUGADA,3
54,Itati,2020-11-01,MENINGOCOC.,2
54,Itati,2020-11-01,DPT (a),2
54,Itati,2020-11-01,HPV,1
10001,Dr. Korimblum,2020-11-01,HEPATITIS B,1
10001,Dr. Korimblum,2020-11-01,NEUMOCOCICA CONJUGADA,4
10001,Dr. Korimblum,2020-11-01,SABIN ORAL,6
10001,Dr. Korimblum,2020-11-01,TRIPLE VIRAL,4
10001,Dr. Korimblum,2020-11-01,HEPATITIS A,2
10001,Dr. Korimblum,2020-11-01,VARICELA,2
10001,Dr. Korimblum,2020-11-01,MENINGOCOC.,9
10001,Dr. Korimblum,2020-11-01,DPT,3
10001,Dr. Korimblum,2020-11-01,TRIPLE VIRAL,3
10001,Dr. Korimblum,2020-11-01,DOBLE ADULTO ,4
10001,Dr. Korimblum,2020-11-01,HPV,4
10001,Dr. Korimblum,2020-11-01,TRIPLE BACTERIANA ,3
38,Dr. JC Benitez Suarez,2020-11-01,HEPATITIS B,8
38,Dr. JC Benitez Suarez,2020-11-01,SALK,7
38,Dr. JC Benitez Suarez,2020-11-01,ROTAVIRUS,1
38,Dr. JC Benitez Suarez,2020-11-01,PENTAVALENTE,7
38,Dr. JC Benitez Suarez,2020-11-01,NEUMOCOCICA CONJUGADA,2
38,Dr. JC Benitez Suarez,2020-11-01,TRIPLE VIRAL,5
38,Dr. JC Benitez Suarez,2020-11-01,HEPATITIS A,1
38,Dr. JC Benitez Suarez,2020-11-01,VARICELA,4
38,Dr. JC Benitez Suarez,2020-11-01,MENINGOCOC.,12
38,Dr. JC Benitez Suarez,2020-11-01,DPT,3
38,Dr. JC Benitez Suarez,2020-11-01,DPT (a),4
38,Dr. JC Benitez Suarez,2020-11-01,DOBLE BACTERIANA,13
38,Dr. JC Benitez Suarez,2020-11-01,HPV,3
41,Dr. Manuel Gonzalez,2020-11-01,SALK,8
41,Dr. Manuel Gonzalez,2020-11-01,ROTAVIRUS,3
41,Dr. Manuel Gonzalez,2020-11-01,PENTAVALENTE,7
41,Dr. Manuel Gonzalez,2020-11-01,NEUMOCOCICA CONJUGADA,9
41,Dr. Manuel Gonzalez,2020-11-01,TRIPLE VIRAL,7
41,Dr. Manuel Gonzalez,2020-11-01,HEPATITIS A,4
41,Dr. Manuel Gonzalez,2020-11-01,VARICELA,9
41,Dr. Manuel Gonzalez,2020-11-01,MENINGOCOC.,11
41,Dr. Manuel Gonzalez,2020-11-01,DPT,2
41,Dr. Manuel Gonzalez,2020-11-01,DPT (a),4
41,Dr. Manuel Gonzalez,2020-11-01,HPV,6
69,Primera Junta,2020-11-01,HEPATITIS B,6
69,Primera Junta,2020-11-01,SALK,5
69,Primera Junta,2020-11-01,ROTAVIRUS,3
69,Primera Junta,2020-11-01,PENTAVALENTE,6
69,Primera Junta,2020-11-01,NEUMOCOCICA CONJUGADA,3
69,Primera Junta,2020-11-01,SABIN ORAL,2
69,Primera Junta,2020-11-01,TRIPLE VIRAL,3
69,Primera Junta,2020-11-01,ANTI GRIPAL,2
69,Primera Junta,2020-11-01,VARICELA,6
69,Primera Junta,2020-11-01,MENINGOCOC.,2
69,Primera Junta,2020-11-01,DPT,4
69,Primera Junta,2020-11-01,DPT (a),5
69,Primera Junta,2020-11-01,DOBLE BACTERIANA,3
69,Primera Junta,2020-11-01,HPV,1
47,Dr. Guillermo Rawson,2020-11-01,HEPATITIS B,16
47,Dr. Guillermo Rawson,2020-11-01,SALK,27
47,Dr. Guillermo Rawson,2020-11-01,ROTAVIRUS,14
47,Dr. Guillermo Rawson,2020-11-01,PENTAVALENTE,30
47,Dr. Guillermo Rawson,2020-11-01,NEUMOCOCICA CONJUGADA,23
47,Dr. Guillermo Rawson,2020-11-01,TRIPLE VIRAL,16
47,Dr. Guillermo Rawson,2020-11-01,ANTI GRIPAL,12
47,Dr. Guillermo Rawson,2020-11-01,HEPATITIS A,11
47,Dr. Guillermo Rawson,2020-11-01,VARICELA,6
47,Dr. Guillermo Rawson,2020-11-01,MENINGOCOC.,18
47,Dr. Guillermo Rawson,2020-11-01,FIEBRE AMARILLA,6
47,Dr. Guillermo Rawson,2020-11-01,DPT,7
47,Dr. Guillermo Rawson,2020-11-01,DPT (a),12
47,Dr. Guillermo Rawson,2020-11-01,DOBLE BACTERIANA,34
47,Dr. Guillermo Rawson,2020-11-01,HPV,5
47,Dr. Guillermo Rawson,2020-11-01,NEUMOCOCICA NO CONJUGADA,4
73,San Marcos,2020-11-01,HEPATITIS B,13
73,San Marcos,2020-11-01,SALK,7
73,San Marcos,2020-11-01,ROTAVIRUS,5
73,San Marcos,2020-11-01,PENTAVALENTE,11
73,San Marcos,2020-11-01,NEUMOCOCICA CONJUGADA,11
73,San Marcos,2020-11-01,TRIPLE VIRAL,5
73,San Marcos,2020-11-01,ANTI GRIPAL,7
73,San Marcos,2020-11-01,HEPATITIS A,5
73,San Marcos,2020-11-01,VARICELA,3
73,San Marcos,2020-11-01,MENINGOCOC.,7
73,San Marcos,2020-11-01,DPT (a),7
73,San Marcos,2020-11-01,HPV,3
127,Santa Catalina,2020-11-01,HEPATITIS B,6
127,Santa Catalina,2020-11-01,SALK,9
127,Santa Catalina,2020-11-01,ROTAVIRUS,3
127,Santa Catalina,2020-11-01,PENTAVALENTE,11
127,Santa Catalina,2020-11-01,NEUMOCOCICA CONJUGADA,3
127,Santa Catalina,2020-11-01,TRIPLE VIRAL,4
127,Santa Catalina,2020-11-01,ANTI GRIPAL,11
127,Santa Catalina,2020-11-01,HEPATITIS A,1
127,Santa Catalina,2020-11-01,VARICELA,4
127,Santa Catalina,2020-11-01,MENINGOCOC.,8
127,Santa Catalina,2020-11-01,DPT,3
127,Santa Catalina,2020-11-01,DPT (a),4
127,Santa Catalina,2020-11-01,DOBLE BACTERIANA,3
85,Santa Margarita,2020-11-01,HEPATITIS B,1
85,Santa Margarita,2020-11-01,SALK,7
85,Santa Margarita,2020-11-01,ROTAVIRUS,1
85,Santa Margarita,2020-11-01,PENTAVALENTE,3
85,Santa Margarita,2020-11-01,NEUMOCOCICA CONJUGADA,2
85,Santa Margarita,2020-11-01,TRIPLE VIRAL,5
85,Santa Margarita,2020-11-01,ANTI GRIPAL,4
85,Santa Margarita,2020-11-01,HEPATITIS A,1
85,Santa Margarita,2020-11-01,VARICELA,2
85,Santa Margarita,2020-11-01,MENINGOCOC.,5
85,Santa Margarita,2020-11-01,FIEBRE AMARILLA,2
85,Santa Margarita,2020-11-01,DPT,4
85,Santa Margarita,2020-11-01,DPT (a),2
85,Santa Margarita,2020-11-01,DOBLE BACTERIANA,4
85,Santa Margarita,2020-11-01,HPV,2
85,Santa Margarita,2020-11-01,MENACTRA,2
42,Dr. Santiago Lorenzo,2020-11-01,SALK,14
42,Dr. Santiago Lorenzo,2020-11-01,ROTAVIRUS,7
42,Dr. Santiago Lorenzo,2020-11-01,PENTAVALENTE,13
42,Dr. Santiago Lorenzo,2020-11-01,NEUMOCOCICA CONJUGADA,11
42,Dr. Santiago Lorenzo,2020-11-01,TRIPLE VIRAL,9
42,Dr. Santiago Lorenzo,2020-11-01,ANTI GRIPAL,8
42,Dr. Santiago Lorenzo,2020-11-01,HEPATITIS A,4
42,Dr. Santiago Lorenzo,2020-11-01,VARICELA,4
42,Dr. Santiago Lorenzo,2020-11-01,MENINGOCOC.,11
42,Dr. Santiago Lorenzo,2020-11-01,FIEBRE AMARILLA,8
42,Dr. Santiago Lorenzo,2020-11-01,DPT,5
42,Dr. Santiago Lorenzo,2020-11-01,DPT (a),9
42,Dr. Santiago Lorenzo,2020-11-01,DOBLE BACTERIANA,1
42,Dr. Santiago Lorenzo,2020-11-01,HPV,7
10002,Dr. Semper,2020-11-01,HEPATITIS B,5
10002,Dr. Semper,2020-11-01,SALK,6
10002,Dr. Semper,2020-11-01,ROTAVIRUS,3
10002,Dr. Semper,2020-11-01,PENTAVALENTE,5
10002,Dr. Semper,2020-11-01,NEUMOCOCICA CONJUGADA,3
10002,Dr. Semper,2020-11-01,TRIPLE VIRAL,2
10002,Dr. Semper,2020-11-01,VARICELA,2
10002,Dr. Semper,2020-11-01,MENINGOCOC.,6
10002,Dr. Semper,2020-11-01,DPT,4
10002,Dr. Semper,2020-11-01,DPT (a),4
10002,Dr. Semper,2020-11-01,DOBLE BACTERIANA,10
10002,Dr. Semper,2020-11-01,HPV,2
10002,Dr. Semper,2020-11-01,NEUMOCOCICA NO CONJUGADA,2
79,Quinta Ferre,2020-11-01,HEPATITIS B,1
79,Quinta Ferre,2020-11-01,SALK,3
79,Quinta Ferre,2020-11-01,ROTAVIRUS,3
79,Quinta Ferre,2020-11-01,PENTAVALENTE,3
79,Quinta Ferre,2020-11-01,NEUMOCOCICA CONJUGADA,5
79,Quinta Ferre,2020-11-01,TRIPLE VIRAL,3
79,Quinta Ferre,2020-11-01,HEPATITIS A,3
79,Quinta Ferre,2020-11-01,VARICELA,4
79,Quinta Ferre,2020-11-01,MENINGOCOC.,7
79,Quinta Ferre,2020-11-01,DPT,3
79,Quinta Ferre,2020-11-01,DPT (a),2
79,Quinta Ferre,2020-11-01,HPV,2
82,Dr. Miguel Rossi Candia,2020-11-01,HEPATITIS B,19
82,Dr. Miguel Rossi Candia,2020-11-01,SALK,11
82,Dr. Miguel Rossi Candia,2020-11-01,ROTAVIRUS,2
82,Dr. Miguel Rossi Candia,2020-11-01,PENTAVALENTE,9
82,Dr. Miguel Rossi Candia,2020-11-01,NEUMOCOCICA CONJUGADA,9
82,Dr. Miguel Rossi Candia,2020-11-01,TRIPLE VIRAL,8
82,Dr. Miguel Rossi Candia,2020-11-01,HEPATITIS A,4
82,Dr. Miguel Rossi Candia,2020-11-01,VARICELA,1
82,Dr. Miguel Rossi Candia,2020-11-01,MENINGOCOC.,14
82,Dr. Miguel Rossi Candia,2020-11-01,FIEBRE AMARILLA,12
82,Dr. Miguel Rossi Candia,2020-11-01,DPT,4
82,Dr. Miguel Rossi Candia,2020-11-01,DPT (a),10
82,Dr. Miguel Rossi Candia,2020-11-01,DOBLE BACTERIANA,8
82,Dr. Miguel Rossi Candia,2020-11-01,HPV,5
82,Dr. Miguel Rossi Candia,2020-11-01,GRIPE A ,8
37,Dr. Sussini,2020-11-01,HEPATITIS B,26
37,Dr. Sussini,2020-11-01,SALK,20
37,Dr. Sussini,2020-11-01,PENTAVALENTE,9
37,Dr. Sussini,2020-11-01,NEUMOCOCICA CONJUGADA,20
37,Dr. Sussini,2020-11-01,TRIPLE VIRAL,22
37,Dr. Sussini,2020-11-01,HEPATITIS A,15
37,Dr. Sussini,2020-11-01,VARICELA,33
37,Dr. Sussini,2020-11-01,MENINGOCOC.,11
37,Dr. Sussini,2020-11-01,DPT,3
37,Dr. Sussini,2020-11-01,DPT (a),37
37,Dr. Sussini,2020-11-01,DOBLE BACTERIANA,4
37,Dr. Sussini,2020-11-01,HPV,16
37,Dr. Sussini,2020-11-01,NEUMOCOCICA NO CONJUGADA,31
37,Dr. Sussini,2020-11-01,DOBLE VIRAL,15
37,Dr. Sussini,2020-11-01,FIEBRE AMARILLA,1
62,Pujol,2020-11-01,DPT,1
62,Pujol,2020-11-01,DPT (a),1
62,Pujol,2020-11-01,HPV,1
88,Dr. Lifschitz,2020-11-01,SALK,9
88,Dr. Lifschitz,2020-11-01,ROTAVIRUS,4
88,Dr. Lifschitz,2020-11-01,PENTAVALENTE,9
88,Dr. Lifschitz,2020-11-01,NEUMOCOCICA CONJUGADA,8
88,Dr. Lifschitz,2020-11-01,TRIPLE VIRAL,9
88,Dr. Lifschitz,2020-11-01,ANTI GRIPAL,12
88,Dr. Lifschitz,2020-11-01,HEPATITIS A,3
88,Dr. Lifschitz,2020-11-01,VARICELA,3
88,Dr. Lifschitz,2020-11-01,MENINGOCOC.,6
88,Dr. Lifschitz,2020-11-01,HPV,1
91,Dr. Pedro Blugerman,2020-11-01,HEPATITIS B,2
91,Dr. Pedro Blugerman,2020-11-01,SALK,17
91,Dr. Pedro Blugerman,2020-11-01,ROTAVIRUS,7
91,Dr. Pedro Blugerman,2020-11-01,PENTAVALENTE,19
91,Dr. Pedro Blugerman,2020-11-01,NEUMOCOCICA CONJUGADA,3
91,Dr. Pedro Blugerman,2020-11-01,TRIPLE VIRAL,5
91,Dr. Pedro Blugerman,2020-11-01,ANTI GRIPAL,8
91,Dr. Pedro Blugerman,2020-11-01,HEPATITIS A,2
91,Dr. Pedro Blugerman,2020-11-01,VARICELA,6
91,Dr. Pedro Blugerman,2020-11-01,FIEBRE AMARILLA,1
91,Dr. Pedro Blugerman,2020-11-01,DPT,5
91,Dr. Pedro Blugerman,2020-11-01,DPT (a),5
91,Dr. Pedro Blugerman,2020-11-01,DOBLE BACTERIANA,1
91,Dr. Pedro Blugerman,2020-11-01,HPV,5
91,Dr. Pedro Blugerman,2020-11-01,NEUMOCOCICA NO CONJUGADA,3
51,Dr. Juan Chercoff,2020-11-01,SALK,2
51,Dr. Juan Chercoff,2020-11-01,PENTAVALENTE,1
51,Dr. Juan Chercoff,2020-11-01,NEUMOCOCICA CONJUGADA,1
51,Dr. Juan Chercoff,2020-11-01,TRIPLE VIRAL,3
51,Dr. Juan Chercoff,2020-11-01,DOBLE BACTERIANA,3
51,Dr. Juan Chercoff,2020-11-01,ANTI GRIPAL,1
51,Dr. Juan Chercoff,2020-11-01,HEPATITIS A,1
51,Dr. Juan Chercoff,2020-11-01,VARICELA,5
51,Dr. Juan Chercoff,2020-11-01,MENINGOCOC.,2
51,Dr. Juan Chercoff,2020-11-01,DPT,2
51,Dr. Juan Chercoff,2020-11-01,DPT (a),3
51,Dr. Juan Chercoff,2020-11-01,HPV,1
10003,Guemes,2020-11-01,HEPATITIS B,6
10003,Guemes,2020-11-01,SALK,9
10003,Guemes,2020-11-01,ROTAVIRUS,2
10003,Guemes,2020-11-01,PENTAVALENTE,5
10003,Guemes,2020-11-01,TRIPLE VIRAL,6
10003,Guemes,2020-11-01,ANTI GRIPAL,10
10003,Guemes,2020-11-01,HEPATITIS A,11
10003,Guemes,2020-11-01,VARICELA,3
10003,Guemes,2020-11-01,MENINGOCOC.,4
10003,Guemes,2020-11-01,DPT,5
10003,Guemes,2020-11-01,DPT (a),6
10003,Guemes,2020-11-01,HPV,5
10003,Guemes,2020-11-01,NEUMOCOCICA CONJUGADA,6
70,Villa Garcia,2020-11-01,HEPATITIS B,3
70,Villa Garcia,2020-11-01,SALK,4
70,Villa Garcia,2020-11-01,PENTAVALENTE,2
70,Villa Garcia,2020-11-01,NEUMOCOCICA CONJUGADA,6
70,Villa Garcia,2020-11-01,TRIPLE VIRAL,1
70,Villa Garcia,2020-11-01,ANTI GRIPAL,6
70,Villa Garcia,2020-11-01,HEPATITIS A,2
70,Villa Garcia,2020-11-01,MENINGOCOC.,1
70,Villa Garcia,2020-11-01,DPT (a),2
70,Villa Garcia,2020-11-01,HPV,1
75,Dr. Mauricio Open,2020-11-01,SALK,5
75,Dr. Mauricio Open,2020-11-01,ROTAVIRUS,4
75,Dr. Mauricio Open,2020-11-01,PENTAVALENTE,5
75,Dr. Mauricio Open,2020-11-01,NEUMOCOCICA CONJUGADA,1
75,Dr. Mauricio Open,2020-11-01,SABIN ORAL,4
75,Dr. Mauricio Open,2020-11-01,TRIPLE VIRAL,1
75,Dr. Mauricio Open,2020-11-01,ANTI GRIPAL,2
75,Dr. Mauricio Open,2020-11-01,HEPATITIS A,1
75,Dr. Mauricio Open,2020-11-01,MENINGOCOC.,3
75,Dr. Mauricio Open,2020-11-01,DPT,1
75,Dr. Mauricio Open,2020-11-01,DOBLE BACTERIANA,2
75,Dr. Mauricio Open,2020-11-01,HPV,1
10000,Dr. Anibal Malvido,2020-11-01,HEPATITIS B,3
10000,Dr. Anibal Malvido,2020-11-01,SALK,16
10000,Dr. Anibal Malvido,2020-11-01,ROTAVIRUS,4
10000,Dr. Anibal Malvido,2020-11-01,PENTAVALENTE,13
10000,Dr. Anibal Malvido,2020-11-01,NEUMOCOCICA CONJUGADA,12
10000,Dr. Anibal Malvido,2020-11-01,TRIPLE VIRAL,13
10000,Dr. Anibal Malvido,2020-11-01,ANTI GRIPAL,7
10000,Dr. Anibal Malvido,2020-11-01,HEPATITIS A,7
10000,Dr. Anibal Malvido,2020-11-01,VARICELA,8
10000,Dr. Anibal Malvido,2020-11-01,MENINGOCOC.,21
10000,Dr. Anibal Malvido,2020-11-01,FIEBRE AMARILLA,18
10000,Dr. Anibal Malvido,2020-11-01,DPT,7
10000,Dr. Anibal Malvido,2020-11-01,DPT (a),15
10000,Dr. Anibal Malvido,2020-11-01,DOBLE BACTERIANA,12
10000,Dr. Anibal Malvido,2020-11-01,HPV,16
10000,Dr. Anibal Malvido,2020-11-01,NEUMOCOCICA NO CONJUGADA,1
49,Dr. Benjamin Serrano,2020-12-01,HEPATITIS B,3
49,Dr. Benjamin Serrano,2020-12-01,SALK,4
49,Dr. Benjamin Serrano,2020-12-01,ROTAVIRUS,3
49,Dr. Benjamin Serrano,2020-12-01,PENTAVALENTE,4
49,Dr. Benjamin Serrano,2020-12-01,NEUMOCOCICA CONJUGADA,5
49,Dr. Benjamin Serrano,2020-12-01,TRIPLE VIRAL,2
49,Dr. Benjamin Serrano,2020-12-01,ANTI GRIPAL,5
49,Dr. Benjamin Serrano,2020-12-01,HEPATITIS A,2
49,Dr. Benjamin Serrano,2020-12-01,VARICELA,2
49,Dr. Benjamin Serrano,2020-12-01,MENINGOCOC.,10
49,Dr. Benjamin Serrano,2020-12-01,DPT (a),4
49,Dr. Benjamin Serrano,2020-12-01,HPV,5
51,Dr. Juan Chercoff,2020-12-01,SALK,3
51,Dr. Juan Chercoff,2020-12-01,ROTAVIRUS,1
51,Dr. Juan Chercoff,2020-12-01,PENTAVALENTE,3
51,Dr. Juan Chercoff,2020-12-01,NEUMOCOCICA CONJUGADA,5
51,Dr. Juan Chercoff,2020-12-01,TRIPLE VIRAL,1
51,Dr. Juan Chercoff,2020-12-01,ANTI GRIPAL,1
51,Dr. Juan Chercoff,2020-12-01,HEPATITIS A,1
51,Dr. Juan Chercoff,2020-12-01,VARICELA,2
51,Dr. Juan Chercoff,2020-12-01,MENINGOCOC.,2
51,Dr. Juan Chercoff,2020-12-01,DPT (a),1
51,Dr. Juan Chercoff,2020-12-01,HPV,3
36,Esperanza,2020-12-01,SALK,4
36,Esperanza,2020-12-01,ROTAVIRUS,2
36,Esperanza,2020-12-01,PENTAVALENTE,5
36,Esperanza,2020-12-01,NEUMOCOCICA CONJUGADA,3
36,Esperanza,2020-12-01,TRIPLE VIRAL,5
36,Esperanza,2020-12-01,ANTI GRIPAL,4
36,Esperanza,2020-12-01,HEPATITIS A,3
36,Esperanza,2020-12-01,VARICELA,3
36,Esperanza,2020-12-01,MENINGOCOC.,8
36,Esperanza,2020-12-01,FIEBRE AMARILLA,4
36,Esperanza,2020-12-01,DPT,2
36,Esperanza,2020-12-01,DPT (a),3
36,Esperanza,2020-12-01,DOBLE BACTERIANA,2
36,Esperanza,2020-12-01,HPV,6
38,Dr. JC Benitez Suarez,2020-12-01,HEPATITIS B,3
38,Dr. JC Benitez Suarez,2020-12-01,SALK,12
38,Dr. JC Benitez Suarez,2020-12-01,ROTAVIRUS,7
38,Dr. JC Benitez Suarez,2020-12-01,PENTAVALENTE,14
38,Dr. JC Benitez Suarez,2020-12-01,NEUMOCOCICA CONJUGADA,8
38,Dr. JC Benitez Suarez,2020-12-01,TRIPLE VIRAL,3
38,Dr. JC Benitez Suarez,2020-12-01,HEPATITIS A,1
38,Dr. JC Benitez Suarez,2020-12-01,VARICELA,5
38,Dr. JC Benitez Suarez,2020-12-01,MENINGOCOC.,8
38,Dr. JC Benitez Suarez,2020-12-01,FIEBRE AMARILLA,16
38,Dr. JC Benitez Suarez,2020-12-01,DPT,2
38,Dr. JC Benitez Suarez,2020-12-01,DPT (a),5
38,Dr. JC Benitez Suarez,2020-12-01,DOBLE VIRAL,9
38,Dr. JC Benitez Suarez,2020-12-01,HPV,4
10003,Guemes,2020-12-01,BCG,8
10003,Guemes,2020-12-01,HEPATITIS B,6
10003,Guemes,2020-12-01,SALK,6
10003,Guemes,2020-12-01,ROTAVIRUS,2
10003,Guemes,2020-12-01,PENTAVALENTE,5
10003,Guemes,2020-12-01,NEUMOCOCICA CONJUGADA,5
10003,Guemes,2020-12-01,TRIPLE VIRAL,5
10003,Guemes,2020-12-01,ANTI GRIPAL,1
10003,Guemes,2020-12-01,HEPATITIS A,3
10003,Guemes,2020-12-01,MENINGOCOC.,9
10003,Guemes,2020-12-01,DPT (a),7
10003,Guemes,2020-12-01,HPV,8
54,Itati,2020-12-01,HEPATITIS B,2
54,Itati,2020-12-01,SALK,5
54,Itati,2020-12-01,ROTAVIRUS,1
54,Itati,2020-12-01,PENTAVALENTE,5
54,Itati,2020-12-01,NEUMOCOCICA CONJUGADA,1
54,Itati,2020-12-01,ANTI GRIPAL,2
54,Itati,2020-12-01,MENINGOCOC.,4
54,Itati,2020-12-01,DPT (a),3
54,Itati,2020-12-01,DOBLE BACTERIANA,1
54,Itati,2020-12-01,HPV,2
10001,Dr. Korimblum,2020-12-01,HEPATITIS B,1
10001,Dr. Korimblum,2020-12-01,SALK,1
10001,Dr. Korimblum,2020-12-01,PENTAVALENTE,3
10001,Dr. Korimblum,2020-12-01,TRIPLE VIRAL,1
10001,Dr. Korimblum,2020-12-01,ANTI GRIPAL,3
10001,Dr. Korimblum,2020-12-01,HEPATITIS A,1
10001,Dr. Korimblum,2020-12-01,VARICELA,1
10001,Dr. Korimblum,2020-12-01,MENINGOCOC.,5
10001,Dr. Korimblum,2020-12-01,DPT (a),5
10001,Dr. Korimblum,2020-12-01,DOBLE BACTERIANA,1
10001,Dr. Korimblum,2020-12-01,HPV,3
88,Dr. Lifschitz,2020-12-01,SALK,2
88,Dr. Lifschitz,2020-12-01,ROTAVIRUS,1
88,Dr. Lifschitz,2020-12-01,PENTAVALENTE,1
88,Dr. Lifschitz,2020-12-01,NEUMOCOCICA CONJUGADA,3
88,Dr. Lifschitz,2020-12-01,TRIPLE VIRAL,3
88,Dr. Lifschitz,2020-12-01,ANTI GRIPAL,6
88,Dr. Lifschitz,2020-12-01,HEPATITIS A,2
88,Dr. Lifschitz,2020-12-01,MENINGOCOC.,3
88,Dr. Lifschitz,2020-12-01,DPT,5
88,Dr. Lifschitz,2020-12-01,DPT (a),3
88,Dr. Lifschitz,2020-12-01,HPV,1
10000,Dr. Anibal Malvido,2020-12-01,HEPATITIS B,6
10000,Dr. Anibal Malvido,2020-12-01,SALK,11
10000,Dr. Anibal Malvido,2020-12-01,ROTAVIRUS,7
10000,Dr. Anibal Malvido,2020-12-01,PENTAVALENTE,14
10000,Dr. Anibal Malvido,2020-12-01,NEUMOCOCICA CONJUGADA,10
10000,Dr. Anibal Malvido,2020-12-01,TRIPLE VIRAL,2
10000,Dr. Anibal Malvido,2020-12-01,ANTI GRIPAL,5
10000,Dr. Anibal Malvido,2020-12-01,HEPATITIS A,2
10000,Dr. Anibal Malvido,2020-12-01,VARICELA,5
10000,Dr. Anibal Malvido,2020-12-01,MENINGOCOC.,5
10000,Dr. Anibal Malvido,2020-12-01,FIEBRE AMARILLA,3
10000,Dr. Anibal Malvido,2020-12-01,DPT,1
10000,Dr. Anibal Malvido,2020-12-01,DPT (a),5
10000,Dr. Anibal Malvido,2020-12-01,DOBLE BACTERIANA,13
41,Dr. Manuel Gonzalez,2020-12-01,SALK,2
41,Dr. Manuel Gonzalez,2020-12-01,ROTAVIRUS,1
41,Dr. Manuel Gonzalez,2020-12-01,PENTAVALENTE,1
41,Dr. Manuel Gonzalez,2020-12-01,NEUMOCOCICA CONJUGADA,2
41,Dr. Manuel Gonzalez,2020-12-01,TRIPLE VIRAL,2
41,Dr. Manuel Gonzalez,2020-12-01,HEPATITIS A,1
41,Dr. Manuel Gonzalez,2020-12-01,DPT,1
34,Dr. Marcelino Vera,2020-12-01,HEPATITIS B,3
34,Dr. Marcelino Vera,2020-12-01,SALK,4
34,Dr. Marcelino Vera,2020-12-01,ROTAVIRUS,2
34,Dr. Marcelino Vera,2020-12-01,PENTAVALENTE,5
34,Dr. Marcelino Vera,2020-12-01,NEUMOCOCICA CONJUGADA,2
34,Dr. Marcelino Vera,2020-12-01,VARICELA,1
34,Dr. Marcelino Vera,2020-12-01,MENINGOCOC.,7
34,Dr. Marcelino Vera,2020-12-01,DPT,2
34,Dr. Marcelino Vera,2020-12-01,DPT (a),3
34,Dr. Marcelino Vera,2020-12-01,HPV,4
75,Dr. Mauricio Open,2020-12-01,HEPATITIS B,7
75,Dr. Mauricio Open,2020-12-01,SALK,8
75,Dr. Mauricio Open,2020-12-01,ROTAVIRUS,1
75,Dr. Mauricio Open,2020-12-01,PENTAVALENTE,5
75,Dr. Mauricio Open,2020-12-01,NEUMOCOCICA CONJUGADA,1
75,Dr. Mauricio Open,2020-12-01,ANTI GRIPAL,3
75,Dr. Mauricio Open,2020-12-01,DOBLE BACTERIANA,6
69,Primera Junta,2020-12-01,HEPATITIS B,1
69,Primera Junta,2020-12-01,SALK,2
69,Primera Junta,2020-12-01,ROTAVIRUS,1
69,Primera Junta,2020-12-01,PENTAVALENTE,3
69,Primera Junta,2020-12-01,NEUMOCOCICA CONJUGADA,2
69,Primera Junta,2020-12-01,TRIPLE VIRAL,1
69,Primera Junta,2020-12-01,ANTI GRIPAL,1
69,Primera Junta,2020-12-01,HEPATITIS A,1
69,Primera Junta,2020-12-01,VARICELA,1
69,Primera Junta,2020-12-01,MENINGOCOC.,1
69,Primera Junta,2020-12-01,DPT (a),2
69,Primera Junta,2020-12-01,DOBLE BACTERIANA,3
62,Pujol,2020-12-01,SALK,2
62,Pujol,2020-12-01,PENTAVALENTE,1
62,Pujol,2020-12-01,NEUMOCOCICA CONJUGADA,3
62,Pujol,2020-12-01,ANTI GRIPAL,1
62,Pujol,2020-12-01,VARICELA,1
62,Pujol,2020-12-01,MENINGOCOC.,1
62,Pujol,2020-12-01,DPT (a),2
62,Pujol,2020-12-01,HPV,1
62,Pujol,2020-12-01,NEUMOCOCICA NO CONJUGADA,1
47,Dr. Guillermo Rawson,2020-12-01,HEPATITIS B,40
47,Dr. Guillermo Rawson,2020-12-01,SALK,17
47,Dr. Guillermo Rawson,2020-12-01,ROTAVIRUS,10
47,Dr. Guillermo Rawson,2020-12-01,PENTAVALENTE,18
47,Dr. Guillermo Rawson,2020-12-01,NEUMOCOCICA CONJUGADA,7
47,Dr. Guillermo Rawson,2020-12-01,TRIPLE VIRAL,8
47,Dr. Guillermo Rawson,2020-12-01,ANTI GRIPAL,9
47,Dr. Guillermo Rawson,2020-12-01,HEPATITIS A,4
47,Dr. Guillermo Rawson,2020-12-01,VARICELA,4
47,Dr. Guillermo Rawson,2020-12-01,MENINGOCOC.,4
47,Dr. Guillermo Rawson,2020-12-01,FIEBRE AMARILLA,14
47,Dr. Guillermo Rawson,2020-12-01,DPT,2
47,Dr. Guillermo Rawson,2020-12-01,DPT (a),44
47,Dr. Guillermo Rawson,2020-12-01,DOBLE BACTERIANA,13
47,Dr. Guillermo Rawson,2020-12-01,DOBLE VIRAL,3
47,Dr. Guillermo Rawson,2020-12-01,HPV,3
47,Dr. Guillermo Rawson,2020-12-01,NEUMOCOCICA CONJUGADA,5
48,Dr. Jose de los Reyes Vidal,2020-12-01,HEPATITIS B,8
48,Dr. Jose de los Reyes Vidal,2020-12-01,SALK,3
48,Dr. Jose de los Reyes Vidal,2020-12-01,ROTAVIRUS,8
48,Dr. Jose de los Reyes Vidal,2020-12-01,PENTAVALENTE,7
48,Dr. Jose de los Reyes Vidal,2020-12-01,NEUMOCOCICA CONJUGADA,5
48,Dr. Jose de los Reyes Vidal,2020-12-01,TRIPLE VIRAL,7
48,Dr. Jose de los Reyes Vidal,2020-12-01,ANTI GRIPAL,5
48,Dr. Jose de los Reyes Vidal,2020-12-01,HEPATITIS A,9
48,Dr. Jose de los Reyes Vidal,2020-12-01,VARICELA,4
48,Dr. Jose de los Reyes Vidal,2020-12-01,MENINGOCOC.,1
48,Dr. Jose de los Reyes Vidal,2020-12-01,FIEBRE AMARILLA,5
48,Dr. Jose de los Reyes Vidal,2020-12-01,DPT,7
48,Dr. Jose de los Reyes Vidal,2020-12-01,DPT (a),6
48,Dr. Jose de los Reyes Vidal,2020-12-01,DOBLE BACTERIANA,9
48,Dr. Jose de los Reyes Vidal,2020-12-01,DOBLE VIRAL,10
48,Dr. Jose de los Reyes Vidal,2020-12-01,HPV,5
48,Dr. Jose de los Reyes Vidal,2020-12-01,NEUMOCOCICA CONJUGADA,4
73,San Marcos,2020-12-01,HEPATITIS B,1
73,San Marcos,2020-12-01,SALK,9
73,San Marcos,2020-12-01,ROTAVIRUS,6
73,San Marcos,2020-12-01,PENTAVALENTE,9
73,San Marcos,2020-12-01,NEUMOCOCICA CONJUGADA,7
73,San Marcos,2020-12-01,TRIPLE VIRAL,4
73,San Marcos,2020-12-01,ANTI GRIPAL,2
73,San Marcos,2020-12-01,HEPATITIS A,1
73,San Marcos,2020-12-01,VARICELA,7
73,San Marcos,2020-12-01,MENINGOCOC.,6
73,San Marcos,2020-12-01,FIEBRE AMARILLA,3
73,San Marcos,2020-12-01,DPT,3
73,San Marcos,2020-12-01,DPT (a),3
73,San Marcos,2020-12-01,DOBLE BACTERIANA,4
73,San Marcos,2020-12-01,HPV,4
127,Santa Catalina,2020-12-01,HEPATITIS B,2
127,Santa Catalina,2020-12-01,SALK,11
127,Santa Catalina,2020-12-01,ROTAVIRUS,5
127,Santa Catalina,2020-12-01,PENTAVALENTE,12
127,Santa Catalina,2020-12-01,NEUMOCOCICA CONJUGADA,7
127,Santa Catalina,2020-12-01,TRIPLE VIRAL,4
127,Santa Catalina,2020-12-01,ANTI GRIPAL,7
127,Santa Catalina,2020-12-01,HEPATITIS A,3
127,Santa Catalina,2020-12-01,VARICELA,3
127,Santa Catalina,2020-12-01,MENINGOCOC.,8
127,Santa Catalina,2020-12-01,FIEBRE AMARILLA,2
127,Santa Catalina,2020-12-01,DPT,3
127,Santa Catalina,2020-12-01,DPT (a),2
127,Santa Catalina,2020-12-01,DOBLE BACTERIANA,2
127,Santa Catalina,2020-12-01,HPV,3
85,Santa Margarita,2020-12-01,SALK,1
85,Santa Margarita,2020-12-01,TRIPLE VIRAL,1
85,Santa Margarita,2020-12-01,MENINGOCOC.,3
85,Santa Margarita,2020-12-01,DPT,1
85,Santa Margarita,2020-12-01,DPT (a),2
85,Santa Margarita,2020-12-01,HPV,3
89,Santa Marta,2020-12-01,HEPATITIS B,1
89,Santa Marta,2020-12-01,SALK,1
89,Santa Marta,2020-12-01,NEUMOCOCICA CONJUGADA,3
89,Santa Marta,2020-12-01,TRIPLE VIRAL,4
89,Santa Marta,2020-12-01,HEPATITIS A,3
89,Santa Marta,2020-12-01,DPT,1
89,Santa Marta,2020-12-01,DPT (a),1
42,Dr. Santiago Lorenzo,2020-12-01,SALK,10
42,Dr. Santiago Lorenzo,2020-12-01,ROTAVIRUS,10
42,Dr. Santiago Lorenzo,2020-12-01,PENTAVALENTE,10
42,Dr. Santiago Lorenzo,2020-12-01,NEUMOCOCICA CONJUGADA,10
42,Dr. Santiago Lorenzo,2020-12-01,TRIPLE VIRAL,7
42,Dr. Santiago Lorenzo,2020-12-01,ANTI GRIPAL,7
42,Dr. Santiago Lorenzo,2020-12-01,HEPATITIS A,2
42,Dr. Santiago Lorenzo,2020-12-01,VARICELA,2
42,Dr. Santiago Lorenzo,2020-12-01,MENINGOCOC.,6
42,Dr. Santiago Lorenzo,2020-12-01,DPT,3
42,Dr. Santiago Lorenzo,2020-12-01,DPT (a),4
42,Dr. Santiago Lorenzo,2020-12-01,HPV,4
90,Sapucay,2020-12-01,SALK,6
90,Sapucay,2020-12-01,HEPATITIS B,3
90,Sapucay,2020-12-01,PENTAVALENTE,8
90,Sapucay,2020-12-01,NEUMOCOCICA CONJUGADA,4
90,Sapucay,2020-12-01,TRIPLE VIRAL,2
90,Sapucay,2020-12-01,ANTI GRIPAL,5
90,Sapucay,2020-12-01,HEPATITIS A,1
90,Sapucay,2020-12-01,VARICELA,1
90,Sapucay,2020-12-01,MENINGOCOC.,7
90,Sapucay,2020-12-01,FIEBRE AMARILLA,7
90,Sapucay,2020-12-01,DPT (a),1
90,Sapucay,2020-12-01,NEUMOCOCICA NO CONJUGADA,1
10002,Dr. Semper,2020-12-01,HEPATITIS B,2
10002,Dr. Semper,2020-12-01,SALK,2
10002,Dr. Semper,2020-12-01,ROTAVIRUS,2
10002,Dr. Semper,2020-12-01,PENTAVALENTE,5
10002,Dr. Semper,2020-12-01,NEUMOCOCICA CONJUGADA,5
10002,Dr. Semper,2020-12-01,SABIN ORAL,2
10002,Dr. Semper,2020-12-01,TRIPLE VIRAL,2
10002,Dr. Semper,2020-12-01,ANTI GRIPAL,6
10002,Dr. Semper,2020-12-01,HEPATITIS A,2
10002,Dr. Semper,2020-12-01,VARICELA,2
10002,Dr. Semper,2020-12-01,MENINGOCOC.,2
10002,Dr. Semper,2020-12-01,DPT (a),4
10002,Dr. Semper,2020-12-01,DOBLE BACTERIANA,9
10002,Dr. Semper,2020-12-01,HPV,5
37,Dr. Sussini,2020-12-01,HEPATITIS B,20
37,Dr. Sussini,2020-12-01,SALK,32
37,Dr. Sussini,2020-12-01,ROTAVIRUS,17
37,Dr. Sussini,2020-12-01,PENTAVALENTE,38
37,Dr. Sussini,2020-12-01,NEUMOCOCICA CONJUGADA,25
37,Dr. Sussini,2020-12-01,TRIPLE VIRAL,11
37,Dr. Sussini,2020-12-01,ANTI GRIPAL,25
37,Dr. Sussini,2020-12-01,HEPATITIS A,7
37,Dr. Sussini,2020-12-01,VARICELA,6
37,Dr. Sussini,2020-12-01,MENINGOCOC.,51
37,Dr. Sussini,2020-12-01,DPT,4
37,Dr. Sussini,2020-12-01,DPT (a),33
37,Dr. Sussini,2020-12-01,DOBLE BACTERIANA,28
37,Dr. Sussini,2020-12-01,HPV,17
46,Rio Parana,2020-12-01,HEPATITIS B,7
46,Rio Parana,2020-12-01,SALK,11
46,Rio Parana,2020-12-01,ROTAVIRUS,8
46,Rio Parana,2020-12-01,PENTAVALENTE,15
46,Rio Parana,2020-12-01,NEUMOCOCICA CONJUGADA,12
46,Rio Parana,2020-12-01,TRIPLE VIRAL,3
46,Rio Parana,2020-12-01,ANTI GRIPAL,5
46,Rio Parana,2020-12-01,HEPATITIS A,3
46,Rio Parana,2020-12-01,VARICELA,1
46,Rio Parana,2020-12-01,MENINGOCOC.,9
46,Rio Parana,2020-12-01,DPT (a),9
46,Rio Parana,2020-12-01,DOBLE BACTERIANA,12
46,Rio Parana,2020-12-01,HPV,7
70,Villa Garcia,2020-12-01,HEPATITIS B,2
70,Villa Garcia,2020-12-01,SALK,2
70,Villa Garcia,2020-12-01,ROTAVIRUS,2
70,Villa Garcia,2020-12-01,PENTAVALENTE,3
70,Villa Garcia,2020-12-01,NEUMOCOCICA CONJUGADA,7
70,Villa Garcia,2020-12-01,TRIPLE VIRAL,1
70,Villa Garcia,2020-12-01,HEPATITIS A,1
70,Villa Garcia,2020-12-01,VARICELA,1
70,Villa Garcia,2020-12-01,MENINGOCOC.,4
70,Villa Garcia,2020-12-01,DPT (a),1
70,Villa Garcia,2020-12-01,DOBLE BACTERIANA,3
70,Villa Garcia,2020-12-01,HPV,1
49,Dr. Benjamin Serrano,2021-01-01,HEPATITIS B,1
49,Dr. Benjamin Serrano,2021-01-01,SALK,15
49,Dr. Benjamin Serrano,2021-01-01,ROTAVIRUS,10
49,Dr. Benjamin Serrano,2021-01-01,PENTAVALENTE,13
49,Dr. Benjamin Serrano,2021-01-01,NEUMOCOCICA CONJUGADA,10
49,Dr. Benjamin Serrano,2021-01-01,TRIPLE VIRAL,2
49,Dr. Benjamin Serrano,2021-01-01,ANTI GRIPAL,2
49,Dr. Benjamin Serrano,2021-01-01,HEPATITIS A,1
49,Dr. Benjamin Serrano,2021-01-01,VARICELA,1
49,Dr. Benjamin Serrano,2021-01-01,MENINGOCOC.,5
49,Dr. Benjamin Serrano,2021-01-01,DPT (a),5
49,Dr. Benjamin Serrano,2021-01-01,DOBLE BACTERIANA,1
49,Dr. Benjamin Serrano,2021-01-01,HPV,5
34,Dr. Marcelino Vera,2021-01-01,SALK,3
34,Dr. Marcelino Vera,2021-01-01,PENTAVALENTE,3
34,Dr. Marcelino Vera,2021-01-01,TRIPLE VIRAL,1
34,Dr. Marcelino Vera,2021-01-01,MENINGOCOC.,5
34,Dr. Marcelino Vera,2021-01-01,DPT,1
34,Dr. Marcelino Vera,2021-01-01,DPT (a),3
34,Dr. Marcelino Vera,2021-01-01,HPV,2
79,Quinta Ferre,2020-12-01,HEPATITIS B,4
79,Quinta Ferre,2020-12-01,SALK,10
79,Quinta Ferre,2020-12-01,ROTAVIRUS,3
79,Quinta Ferre,2020-12-01,PENTAVALENTE,15
79,Quinta Ferre,2020-12-01,NEUMOCOCICA CONJUGADA,13
79,Quinta Ferre,2020-12-01,TRIPLE VIRAL,5
79,Quinta Ferre,2020-12-01,ANTI GRIPAL,4
79,Quinta Ferre,2020-12-01,HEPATITIS A,4
79,Quinta Ferre,2020-12-01,VARICELA,5
79,Quinta Ferre,2020-12-01,MENINGOCOC.,17
79,Quinta Ferre,2020-12-01,DPT,3
79,Quinta Ferre,2020-12-01,DPT (a),7
79,Quinta Ferre,2020-12-01,DOBLE BACTERIANA,1
79,Quinta Ferre,2020-12-01,HPV,3
91,Dr. Pedro Blugerman,2020-12-01,HEPATITIS B,1
91,Dr. Pedro Blugerman,2020-12-01,SALK,14
91,Dr. Pedro Blugerman,2020-12-01,ROTAVIRUS,5
91,Dr. Pedro Blugerman,2020-12-01,PENTAVALENTE,16
91,Dr. Pedro Blugerman,2020-12-01,TRIPLE VIRAL,1
91,Dr. Pedro Blugerman,2020-12-01,ANTI GRIPAL,5
91,Dr. Pedro Blugerman,2020-12-01,HEPATITIS A,2
91,Dr. Pedro Blugerman,2020-12-01,VARICELA,3
91,Dr. Pedro Blugerman,2020-12-01,MENINGOCOC.,26
91,Dr. Pedro Blugerman,2020-12-01,FIEBRE AMARILLA,4
91,Dr. Pedro Blugerman,2020-12-01,DPT,3
91,Dr. Pedro Blugerman,2020-12-01,DPT (a),2
91,Dr. Pedro Blugerman,2020-12-01,HPV,4
49,Dr. Benjamin Serrano,2020-12-01,HEPATITIS B,1
49,Dr. Benjamin Serrano,2020-12-01,SALK,15
49,Dr. Benjamin Serrano,2020-12-01,ROTAVIRUS,10
49,Dr. Benjamin Serrano,2020-12-01,PENTAVALENTE,13
49,Dr. Benjamin Serrano,2020-12-01,NEUMOCOCICA CONJUGADA,10
49,Dr. Benjamin Serrano,2020-12-01,ANTI GRIPAL,2
49,Dr. Benjamin Serrano,2020-12-01,HEPATITIS A,1
49,Dr. Benjamin Serrano,2020-12-01,VARICELA,1
49,Dr. Benjamin Serrano,2020-12-01,MENINGOCOC.,5
49,Dr. Benjamin Serrano,2020-12-01,DPT (a),5
49,Dr. Benjamin Serrano,2020-12-01,DOBLE BACTERIANA,1
91,Dr. Pedro Blugerman,1900-01-01,HEPATITIS B,1
91,Dr. Pedro Blugerman,1900-01-01,SALK,23
91,Dr. Pedro Blugerman,1900-01-01,ROTAVIRUS,9
91,Dr. Pedro Blugerman,1900-01-01,PENTAVALENTE,24
91,Dr. Pedro Blugerman,1900-01-01,TRIPLE VIRAL,9
91,Dr. Pedro Blugerman,1900-01-01,ANTI GRIPAL,1
91,Dr. Pedro Blugerman,1900-01-01,HEPATITIS A,5
91,Dr. Pedro Blugerman,1900-01-01,VARICELA,5
91,Dr. Pedro Blugerman,1900-01-01,DPT,4
91,Dr. Pedro Blugerman,1900-01-01,DPT (a),7
91,Dr. Pedro Blugerman,1900-01-01,DOBLE BACTERIANA,13
91,Dr. Pedro Blugerman,1900-01-01,DOBLE VIRAL,3
91,Dr. Pedro Blugerman,1900-01-01,HPV,8
91,Dr. Pedro Blugerman,1900-01-01,NEUMOCOCICA NO CONJUGADA,16
45,Dr. Saul Calmanash,1900-01-01,HEPATITIS B,2
45,Dr. Saul Calmanash,1900-01-01,SALK,2
45,Dr. Saul Calmanash,1900-01-01,ROTAVIRUS,1
45,Dr. Saul Calmanash,1900-01-01,PENTAVALENTE,1
45,Dr. Saul Calmanash,1900-01-01,NEUMOCOCICA CONJUGADA,3
45,Dr. Saul Calmanash,1900-01-01,TRIPLE VIRAL,2
45,Dr. Saul Calmanash,1900-01-01,ANTI GRIPAL,8
45,Dr. Saul Calmanash,1900-01-01,HEPATITIS A,1
45,Dr. Saul Calmanash,1900-01-01,VARICELA,1
45,Dr. Saul Calmanash,1900-01-01,MENINGOCOC.,9
45,Dr. Saul Calmanash,1900-01-01,DPT,1
45,Dr. Saul Calmanash,1900-01-01,DPT (a),8
45,Dr. Saul Calmanash,1900-01-01,HPV,5
36,Esperanza,1900-01-01,HEPATITIS B,1
36,Esperanza,1900-01-01,SALK,10
36,Esperanza,1900-01-01,ROTAVIRUS,4
36,Esperanza,1900-01-01,PENTAVALENTE,15
36,Esperanza,1900-01-01,NEUMOCOCICA CONJUGADA,13
36,Esperanza,1900-01-01,TRIPLE VIRAL,6
36,Esperanza,1900-01-01,ANTI GRIPAL,7
36,Esperanza,1900-01-01,HEPATITIS A,5
36,Esperanza,1900-01-01,VARICELA,4
36,Esperanza,1900-01-01,MENINGOCOC.,19
36,Esperanza,1900-01-01,FIEBRE AMARILLA,1
36,Esperanza,1900-01-01,DPT,1
36,Esperanza,1900-01-01,DPT (a),6
36,Esperanza,1900-01-01,DOBLE BACTERIANA,5
36,Esperanza,1900-01-01,HPV,9
10003,Guemes,1900-01-01,HEPATITIS B,1
10003,Guemes,1900-01-01,SALK,4
10003,Guemes,1900-01-01,ROTAVIRUS,3
10003,Guemes,1900-01-01,PENTAVALENTE,5
10003,Guemes,1900-01-01,NEUMOCOCICA CONJUGADA,6
10003,Guemes,1900-01-01,TRIPLE VIRAL,2
10003,Guemes,1900-01-01,ANTI GRIPAL,1
10003,Guemes,1900-01-01,HEPATITIS A,2
10003,Guemes,1900-01-01,MENINGOCOC.,3
10003,Guemes,1900-01-01,DPT (a),2
10003,Guemes,1900-01-01,DOBLE BACTERIANA,3
10003,Guemes,1900-01-01,HPV,2
70,Villa Garcia,1900-01-01,HEPATITIS B,3
70,Villa Garcia,1900-01-01,SALK,5
70,Villa Garcia,1900-01-01,ROTAVIRUS,1
70,Villa Garcia,1900-01-01,PENTAVALENTE,7
70,Villa Garcia,1900-01-01,NEUMOCOCICA CONJUGADA,3
70,Villa Garcia,1900-01-01,SABIN ORAL,4
70,Villa Garcia,1900-01-01,TRIPLE VIRAL,2
70,Villa Garcia,1900-01-01,ANTI GRIPAL,2
70,Villa Garcia,1900-01-01,HEPATITIS A,4
70,Villa Garcia,1900-01-01,VARICELA,1
70,Villa Garcia,1900-01-01,DPT,2
70,Villa Garcia,1900-01-01,DPT (a),3
70,Villa Garcia,1900-01-01,HPV,1
89,Santa Marta,1900-01-01,HEPATITIS B,1
89,Santa Marta,1900-01-01,SALK,10
89,Santa Marta,1900-01-01,ROTAVIRUS,3
89,Santa Marta,1900-01-01,PENTAVALENTE,5
89,Santa Marta,1900-01-01,NEUMOCOCICA CONJUGADA,6
89,Santa Marta,1900-01-01,TRIPLE VIRAL,8
89,Santa Marta,1900-01-01,ANTI GRIPAL,3
89,Santa Marta,1900-01-01,HEPATITIS A,5
89,Santa Marta,1900-01-01,VARICELA,3
89,Santa Marta,1900-01-01,MENINGOCOC.,6
89,Santa Marta,1900-01-01,DPT,3
89,Santa Marta,1900-01-01,DPT (a),6
89,Santa Marta,1900-01-01,HPV,3
82,Dr. Miguel Rossi Candia,1900-01-01,HEPATITIS B,10
82,Dr. Miguel Rossi Candia,1900-01-01,SALK,10
82,Dr. Miguel Rossi Candia,1900-01-01,ROTAVIRUS,2
82,Dr. Miguel Rossi Candia,1900-01-01,PENTAVALENTE,9
82,Dr. Miguel Rossi Candia,1900-01-01,NEUMOCOCICA CONJUGADA,10
82,Dr. Miguel Rossi Candia,1900-01-01,TRIPLE VIRAL,8
82,Dr. Miguel Rossi Candia,1900-01-01,HEPATITIS A,69
82,Dr. Miguel Rossi Candia,1900-01-01,VARICELA,1
82,Dr. Miguel Rossi Candia,1900-01-01,MENINGOCOC.,10
82,Dr. Miguel Rossi Candia,1900-01-01,DPT,2
82,Dr. Miguel Rossi Candia,1900-01-01,DPT (a),8
82,Dr. Miguel Rossi Candia,1900-01-01,DTA,4
82,Dr. Miguel Rossi Candia,1900-01-01,HPV,5
82,Dr. Miguel Rossi Candia,1900-01-01,NEUMOCOCICA NO CONJUGADA,9
82,Dr. Miguel Rossi Candia,1900-01-01,GRIPE A ,23
51,Dr. Juan Chercoff,1900-01-01,SALK,1
51,Dr. Juan Chercoff,1900-01-01,PENTAVALENTE,1
51,Dr. Juan Chercoff,1900-01-01,NEUMOCOCICA CONJUGADA,1
51,Dr. Juan Chercoff,1900-01-01,TRIPLE VIRAL,1
51,Dr. Juan Chercoff,1900-01-01,HEPATITIS A,1
51,Dr. Juan Chercoff,1900-01-01,MENINGOCOC.,1
99,OPERATIVO TERRITORIALES,2021-02-01,HEPATITIS B,1
99,OPERATIVO TERRITORIALES,2021-02-01,SALK,9
99,OPERATIVO TERRITORIALES,2021-02-01,ROTAVIRUS,1
99,OPERATIVO TERRITORIALES,2021-02-01,PENTAVALENTE,7
99,OPERATIVO TERRITORIALES,2021-02-01,TRIPLE VIRAL,6
99,OPERATIVO TERRITORIALES,2021-02-01,HEPATITIS A,1
99,OPERATIVO TERRITORIALES,2021-02-01,VARICELA,2
99,OPERATIVO TERRITORIALES,2021-02-01,MENINGOCOC.,12
99,OPERATIVO TERRITORIALES,2021-02-01,DPT,5
99,OPERATIVO TERRITORIALES,2021-02-01,DPT (a),4
99,OPERATIVO TERRITORIALES,2021-02-01,HPV,8
99,OPERATIVO TERRITORIALES,2021-02-01,NEUMOCOCICA NO CONJUGADA,3
99,OPERATIVO TERRITORIALES,2021-02-01,HEPATITIS B,2
99,OPERATIVO TERRITORIALES,2021-02-01,SALK,6
99,OPERATIVO TERRITORIALES,2021-02-01,NEUMOCOCICA CONJUGADA,1
99,OPERATIVO TERRITORIALES,2021-02-01,TRIPLE VIRAL,7
99,OPERATIVO TERRITORIALES,2021-02-01,ANTI GRIPAL,2
99,OPERATIVO TERRITORIALES,2021-02-01,MENINGOCOC.,9
99,OPERATIVO TERRITORIALES,2021-02-01,FIEBRE AMARILLA,6
99,OPERATIVO TERRITORIALES,2021-02-01,DPT,6
99,OPERATIVO TERRITORIALES,2021-02-01,DPT (a),5
99,OPERATIVO TERRITORIALES,2021-02-01,DOBLE BACTERIANA,1
99,OPERATIVO TERRITORIALES,2021-02-01,HPV,6
47,Dr. Guillermo Rawson,2021-02-01,HEPATITIS B,30
47,Dr. Guillermo Rawson,2021-02-01,SALK,17
47,Dr. Guillermo Rawson,2021-02-01,ROTAVIRUS,5
47,Dr. Guillermo Rawson,2021-02-01,PENTAVALENTE,19
47,Dr. Guillermo Rawson,2021-02-01,NEUMOCOCICA CONJUGADA,13
47,Dr. Guillermo Rawson,2021-02-01,TRIPLE VIRAL,4
47,Dr. Guillermo Rawson,2021-02-01,ANTI GRIPAL,4
47,Dr. Guillermo Rawson,2021-02-01,HEPATITIS A,3
47,Dr. Guillermo Rawson,2021-02-01,VARICELA,5
47,Dr. Guillermo Rawson,2021-02-01,MENINGOCOC.,14
47,Dr. Guillermo Rawson,2021-02-01,DPT,2
47,Dr. Guillermo Rawson,2021-02-01,DPT (a),11
47,Dr. Guillermo Rawson,2021-02-01,DOBLE BACTERIANA,36
47,Dr. Guillermo Rawson,2021-02-01,DOBLE VIRAL,2
47,Dr. Guillermo Rawson,2021-02-01,HPV,4
47,Dr. Guillermo Rawson,2021-02-01,NEUMOCOCICA NO CONJUGADA,1
38,Dr. JC Benitez Suarez,2021-01-01,HEPATITIS B,2
38,Dr. JC Benitez Suarez,2021-01-01,ROTAVIRUS,2
38,Dr. JC Benitez Suarez,2021-01-01,PENTAVALENTE,6
38,Dr. JC Benitez Suarez,2021-01-01,SABIN ORAL,4
38,Dr. JC Benitez Suarez,2021-01-01,TRIPLE VIRAL,1
38,Dr. JC Benitez Suarez,2021-01-01,HEPATITIS A,1
38,Dr. JC Benitez Suarez,2021-01-01,VARICELA,2
38,Dr. JC Benitez Suarez,2021-01-01,MENINGOCOC.,6
38,Dr. JC Benitez Suarez,2021-01-01,FIEBRE AMARILLA,5
38,Dr. JC Benitez Suarez,2021-01-01,DPT (a),4
38,Dr. JC Benitez Suarez,2021-01-01,DOBLE BACTERIANA,9
38,Dr. JC Benitez Suarez,2021-01-01,HPV,5
38,Dr. JC Benitez Suarez,2021-01-01,NEUMOCOCICA NO CONJUGADA,3
41,Dr. Manuel Gonzalez,2021-01-01,HEPATITIS B,1
41,Dr. Manuel Gonzalez,2021-01-01,SALK,5
41,Dr. Manuel Gonzalez,2021-01-01,ROTAVIRUS,1
41,Dr. Manuel Gonzalez,2021-01-01,PENTAVALENTE,4
41,Dr. Manuel Gonzalez,2021-01-01,NEUMOCOCICA CONJUGADA,5
41,Dr. Manuel Gonzalez,2021-01-01,TRIPLE VIRAL,2
41,Dr. Manuel Gonzalez,2021-01-01,ANTI GRIPAL,1
41,Dr. Manuel Gonzalez,2021-01-01,HEPATITIS A,1
41,Dr. Manuel Gonzalez,2021-01-01,VARICELA,1
41,Dr. Manuel Gonzalez,2021-01-01,MENINGOCOC.,3
41,Dr. Manuel Gonzalez,2021-01-01,DPT,2
41,Dr. Manuel Gonzalez,2021-01-01,DPT (a),1
41,Dr. Manuel Gonzalez,2021-01-01,NEUMOCOCICA NO CONJUGADA,1
54,Itati,2021-01-01,HEPATITIS B,5
54,Itati,2021-01-01,SALK,11
54,Itati,2021-01-01,ROTAVIRUS,7
54,Itati,2021-01-01,PENTAVALENTE,12
54,Itati,2021-01-01,NEUMOCOCICA CONJUGADA,7
54,Itati,2021-01-01,TRIPLE VIRAL,2
54,Itati,2021-01-01,ANTI GRIPAL,5
54,Itati,2021-01-01,HEPATITIS A,2
54,Itati,2021-01-01,VARICELA,1
54,Itati,2021-01-01,MENINGOCOC.,14
54,Itati,2021-01-01,FIEBRE AMARILLA,9
54,Itati,2021-01-01,DPT (a),11
54,Itati,2021-01-01,DOBLE BACTERIANA,9
54,Itati,2021-01-01,HPV,7
10000,Dr. Anibal Malvido,2021-01-01,HEPATITIS B,1
10000,Dr. Anibal Malvido,2021-01-01,SALK,5
10000,Dr. Anibal Malvido,2021-01-01,ROTAVIRUS,3
10000,Dr. Anibal Malvido,2021-01-01,PENTAVALENTE,14
10000,Dr. Anibal Malvido,2021-01-01,NEUMOCOCICA CONJUGADA,12
10000,Dr. Anibal Malvido,2021-01-01,TRIPLE VIRAL,5
10000,Dr. Anibal Malvido,2021-01-01,ANTI GRIPAL,1
10000,Dr. Anibal Malvido,2021-01-01,HEPATITIS A,4
10000,Dr. Anibal Malvido,2021-01-01,VARICELA,1
10000,Dr. Anibal Malvido,2021-01-01,MENINGOCOC.,6
10000,Dr. Anibal Malvido,2021-01-01,DPT,1
10000,Dr. Anibal Malvido,2021-01-01,DPT (a),6
10000,Dr. Anibal Malvido,2021-01-01,HPV,1
10000,Dr. Anibal Malvido,2021-01-01,NEUMOCOCICA NO CONJUGADA,2
75,Dr. Mauricio Open,2021-01-01,HEPATITIS B,1
75,Dr. Mauricio Open,2021-01-01,SALK,6
75,Dr. Mauricio Open,2021-01-01,ROTAVIRUS,3
75,Dr. Mauricio Open,2021-01-01,PENTAVALENTE,6
75,Dr. Mauricio Open,2021-01-01,NEUMOCOCICA CONJUGADA,5
75,Dr. Mauricio Open,2021-01-01,TRIPLE VIRAL,4
75,Dr. Mauricio Open,2021-01-01,ANTI GRIPAL,2
75,Dr. Mauricio Open,2021-01-01,HEPATITIS A,2
75,Dr. Mauricio Open,2021-01-01,VARICELA,1
75,Dr. Mauricio Open,2021-01-01,MENINGOCOC.,6
75,Dr. Mauricio Open,2021-01-01,DPT,2
75,Dr. Mauricio Open,2021-01-01,DPT (a),3
75,Dr. Mauricio Open,2021-01-01,DOBLE BACTERIANA,5
75,Dr. Mauricio Open,2021-01-01,HPV,1
62,Pujol,2021-01-01,MENINGOCOC.,2
62,Pujol,2021-01-01,DPT (a),1
69,Primera Junta,2021-01-01,HEPATITIS B,4
69,Primera Junta,2021-01-01,SALK,2
69,Primera Junta,2021-01-01,ROTAVIRUS,2
69,Primera Junta,2021-01-01,PENTAVALENTE,3
69,Primera Junta,2021-01-01,NEUMOCOCICA CONJUGADA,2
69,Primera Junta,2021-01-01,SABIN ORAL,2
69,Primera Junta,2021-01-01,TRIPLE VIRAL,1
69,Primera Junta,2021-01-01,ANTI GRIPAL,1
69,Primera Junta,2021-01-01,HEPATITIS A,1
69,Primera Junta,2021-01-01,VARICELA,4
69,Primera Junta,2021-01-01,MENINGOCOC.,1
69,Primera Junta,2021-01-01,DPT (a),2
69,Primera Junta,2021-01-01,DOBLE BACTERIANA,2
69,Primera Junta,2021-01-01,DOBLE VIRAL,1
69,Primera Junta,2021-01-01,HPV,2
69,Primera Junta,2021-01-01,NEUMOCOCICA NO CONJUGADA,1
46,Rio Parana,2021-01-01,HEPATITIS B,4
46,Rio Parana,2021-01-01,SALK,13
46,Rio Parana,2021-01-01,ROTAVIRUS,6
46,Rio Parana,2021-01-01,PENTAVALENTE,21
46,Rio Parana,2021-01-01,NEUMOCOCICA CONJUGADA,11
46,Rio Parana,2021-01-01,TRIPLE VIRAL,7
46,Rio Parana,2021-01-01,ANTI GRIPAL,8
46,Rio Parana,2021-01-01,HEPATITIS A,4
46,Rio Parana,2021-01-01,VARICELA,10
46,Rio Parana,2021-01-01,MENINGOCOC.,10
46,Rio Parana,2021-01-01,DPT,3
46,Rio Parana,2021-01-01,DPT (a),8
46,Rio Parana,2021-01-01,DOBLE BACTERIANA,7
46,Rio Parana,2021-01-01,HPV,6
90,Sapucay,2021-01-01,HEPATITIS B,1
90,Sapucay,2021-01-01,SALK,6
90,Sapucay,2021-01-01,ROTAVIRUS,2
90,Sapucay,2021-01-01,PENTAVALENTE,4
90,Sapucay,2021-01-01,NEUMOCOCICA CONJUGADA,3
90,Sapucay,2021-01-01,TRIPLE VIRAL,2
90,Sapucay,2021-01-01,HEPATITIS A,1
90,Sapucay,2021-01-01,VARICELA,2
90,Sapucay,2021-01-01,MENINGOCOC.,4
90,Sapucay,2021-01-01,DOBLE BACTERIANA,1
73,San Marcos,2021-01-01,HEPATITIS B,1
73,San Marcos,2021-01-01,SALK,3
73,San Marcos,2021-01-01,ROTAVIRUS,15
73,San Marcos,2021-01-01,PENTAVALENTE,3
73,San Marcos,2021-01-01,NEUMOCOCICA CONJUGADA,11
73,San Marcos,2021-01-01,TRIPLE VIRAL,11
73,San Marcos,2021-01-01,ANTI GRIPAL,11
73,San Marcos,2021-01-01,HEPATITIS A,18
73,San Marcos,2021-01-01,VARICELA,8
73,San Marcos,2021-01-01,MENINGOCOC.,2
73,San Marcos,2021-01-01,FIEBRE AMARILLA,20
73,San Marcos,2021-01-01,DPT,14
73,San Marcos,2021-01-01,DPT (a),4
73,San Marcos,2021-01-01,DOBLE BACTERIANA,9
73,San Marcos,2021-01-01,HPV,8
73,San Marcos,2021-01-01,NEUMOCOCICA NO CONJUGADA,9
127,Santa Catalina,2021-01-01,SALK,6
127,Santa Catalina,2021-01-01,ROTAVIRUS,7
127,Santa Catalina,2021-01-01,PENTAVALENTE,9
127,Santa Catalina,2021-01-01,NEUMOCOCICA CONJUGADA,7
127,Santa Catalina,2021-01-01,TRIPLE VIRAL,5
127,Santa Catalina,2021-01-01,ANTI GRIPAL,3
127,Santa Catalina,2021-01-01,HEPATITIS A,2
127,Santa Catalina,2021-01-01,VARICELA,3
127,Santa Catalina,2021-01-01,MENINGOCOC.,9
127,Santa Catalina,2021-01-01,DPT,7
127,Santa Catalina,2021-01-01,DPT (a),4
127,Santa Catalina,2021-01-01,DOBLE BACTERIANA,4
127,Santa Catalina,2021-01-01,HPV,5
42,Dr. Santiago Lorenzo,2021-01-01,SALK,11
42,Dr. Santiago Lorenzo,2021-01-01,ROTAVIRUS,5
42,Dr. Santiago Lorenzo,2021-01-01,PENTAVALENTE,8
42,Dr. Santiago Lorenzo,2021-01-01,NEUMOCOCICA CONJUGADA,13
42,Dr. Santiago Lorenzo,2021-01-01,TRIPLE VIRAL,10
42,Dr. Santiago Lorenzo,2021-01-01,ANTI GRIPAL,5
42,Dr. Santiago Lorenzo,2021-01-01,HEPATITIS A,7
42,Dr. Santiago Lorenzo,2021-01-01,VARICELA,4
42,Dr. Santiago Lorenzo,2021-01-01,MENINGOCOC.,10
42,Dr. Santiago Lorenzo,2021-01-01,DPT,3
42,Dr. Santiago Lorenzo,2021-01-01,DPT (a),6
42,Dr. Santiago Lorenzo,2021-01-01,DOBLE BACTERIANA,2
42,Dr. Santiago Lorenzo,2021-01-01,HPV,3
10002,Dr. Semper,2021-01-01,HEPATITIS B,3
10002,Dr. Semper,2021-01-01,SALK,3
10002,Dr. Semper,2021-01-01,ROTAVIRUS,3
10002,Dr. Semper,2021-01-01,PENTAVALENTE,6
10002,Dr. Semper,2021-01-01,NEUMOCOCICA CONJUGADA,3
10002,Dr. Semper,2021-01-01,TRIPLE VIRAL,3
10002,Dr. Semper,2021-01-01,ANTI GRIPAL,4
10002,Dr. Semper,2021-01-01,HEPATITIS A,2
10002,Dr. Semper,2021-01-01,VARICELA,3
10002,Dr. Semper,2021-01-01,MENINGOCOC.,2
10002,Dr. Semper,2021-01-01,DPT (a),3
10002,Dr. Semper,2021-01-01,DOBLE BACTERIANA,8
10002,Dr. Semper,2021-01-01,HPV,5
85,Santa Margarita,2021-01-01,SALK,4
85,Santa Margarita,2021-01-01,PENTAVALENTE,5
85,Santa Margarita,2021-01-01,TRIPLE VIRAL,2
85,Santa Margarita,2021-01-01,ANTI GRIPAL,4
85,Santa Margarita,2021-01-01,MENINGOCOC.,3
85,Santa Margarita,2021-01-01,DPT,2
85,Santa Margarita,2021-01-01,DPT (a),2
37,Dr. Sussini,2021-01-01,HEPATITIS B,26
37,Dr. Sussini,2021-01-01,SALK,37
37,Dr. Sussini,2021-01-01,ROTAVIRUS,13
37,Dr. Sussini,2021-01-01,PENTAVALENTE,34
37,Dr. Sussini,2021-01-01,NEUMOCOCICA CONJUGADA,28
37,Dr. Sussini,2021-01-01,TRIPLE VIRAL,21
37,Dr. Sussini,2021-01-01,ANTI GRIPAL,22
37,Dr. Sussini,2021-01-01,HEPATITIS A,17
37,Dr. Sussini,2021-01-01,VARICELA,9
37,Dr. Sussini,2021-01-01,MENINGOCOC.,34
37,Dr. Sussini,2021-01-01,FIEBRE AMARILLA,3
37,Dr. Sussini,2021-01-01,DPT,4
37,Dr. Sussini,2021-01-01,DPT (a),30
37,Dr. Sussini,2021-01-01,DOBLE BACTERIANA,51
37,Dr. Sussini,2021-01-01,HPV,13
88,Dr. Lifschitz,2021-01-01,SALK,5
88,Dr. Lifschitz,2021-01-01,ROTAVIRUS,4
88,Dr. Lifschitz,2021-01-01,PENTAVALENTE,4
88,Dr. Lifschitz,2021-01-01,NEUMOCOCICA CONJUGADA,4
88,Dr. Lifschitz,2021-01-01,TRIPLE VIRAL,3
88,Dr. Lifschitz,2021-01-01,HEPATITIS A,2
88,Dr. Lifschitz,2021-01-01,MENINGOCOC.,4
88,Dr. Lifschitz,2021-01-01,DPT,1
88,Dr. Lifschitz,2021-01-01,DPT (a),5
88,Dr. Lifschitz,2021-01-01,HPV,2
58,Dr. Oscar Pirchi,2021-01-01,HEPATITIS B,1
58,Dr. Oscar Pirchi,2021-01-01,SALK,8
58,Dr. Oscar Pirchi,2021-01-01,ROTAVIRUS,2
58,Dr. Oscar Pirchi,2021-01-01,PENTAVALENTE,6
58,Dr. Oscar Pirchi,2021-01-01,NEUMOCOCICA CONJUGADA,4
58,Dr. Oscar Pirchi,2021-01-01,TRIPLE VIRAL,3
58,Dr. Oscar Pirchi,2021-01-01,HEPATITIS A,1
58,Dr. Oscar Pirchi,2021-01-01,MENINGOCOC.,4
58,Dr. Oscar Pirchi,2021-01-01,DPT,3
58,Dr. Oscar Pirchi,2021-01-01,DPT (a),2
58,Dr. Oscar Pirchi,2021-01-01,DOBLE BACTERIANA,2
48,Dr. Jose de los Reyes Vidal,2021-01-01,SALK,6
48,Dr. Jose de los Reyes Vidal,2021-01-01,ROTAVIRUS,3
48,Dr. Jose de los Reyes Vidal,2021-01-01,PENTAVALENTE,7
48,Dr. Jose de los Reyes Vidal,2021-01-01,NEUMOCOCICA CONJUGADA,4
48,Dr. Jose de los Reyes Vidal,2021-01-01,TRIPLE VIRAL,2
48,Dr. Jose de los Reyes Vidal,2021-01-01,HEPATITIS A,3
48,Dr. Jose de los Reyes Vidal,2021-01-01,VARICELA,3
48,Dr. Jose de los Reyes Vidal,2021-01-01,MENINGOCOC.,5
48,Dr. Jose de los Reyes Vidal,2021-01-01,DOBLE BACTERIANA,1
91,Dr. Pedro Blugerman,2021-02-01,HEPATITIS B,1
91,Dr. Pedro Blugerman,2021-02-01,SALK,19
91,Dr. Pedro Blugerman,2021-02-01,ROTAVIRUS,5
91,Dr. Pedro Blugerman,2021-02-01,PENTAVALENTE,20
91,Dr. Pedro Blugerman,2021-02-01,NEUMOCOCICA CONJUGADA,22
91,Dr. Pedro Blugerman,2021-02-01,TRIPLE VIRAL,15
91,Dr. Pedro Blugerman,2021-02-01,ANTI GRIPAL,6
91,Dr. Pedro Blugerman,2021-02-01,HEPATITIS A,5
91,Dr. Pedro Blugerman,2021-02-01,VARICELA,7
91,Dr. Pedro Blugerman,2021-02-01,DPT,17
91,Dr. Pedro Blugerman,2021-02-01,DPT (a),9
91,Dr. Pedro Blugerman,2021-02-01,DOBLE VIRAL,9
32,Dr. Manuel Cassuso,2020-01-01,SALK,15
32,Dr. Manuel Cassuso,2020-01-01,ROTAVIRUS,5
32,Dr. Manuel Cassuso,2020-01-01,PENTAVALENTE,14
32,Dr. Manuel Cassuso,2020-01-01,NEUMOCOCICA CONJUGADA,7
32,Dr. Manuel Cassuso,2020-01-01,TRIPLE VIRAL,5
32,Dr. Manuel Cassuso,2020-01-01,ANTI GRIPAL,8
32,Dr. Manuel Cassuso,2020-01-01,HEPATITIS A,3
32,Dr. Manuel Cassuso,2020-01-01,VARICELA,4
32,Dr. Manuel Cassuso,2020-01-01,MENINGOCOC.,9
32,Dr. Manuel Cassuso,2020-01-01,DPT,3
32,Dr. Manuel Cassuso,2020-01-01,DPT (a),13
32,Dr. Manuel Cassuso,2020-01-01,DOBLE BACTERIANA,4
32,Dr. Manuel Cassuso,2020-01-01,HPV,5
45,Dr. Saul Calmanash,2021-02-01,HEPATITIS B,1
45,Dr. Saul Calmanash,2021-02-01,SALK,3
45,Dr. Saul Calmanash,2021-02-01,ROTAVIRUS,2
45,Dr. Saul Calmanash,2021-02-01,PENTAVALENTE,3
45,Dr. Saul Calmanash,2021-02-01,NEUMOCOCICA CONJUGADA,3
45,Dr. Saul Calmanash,2021-02-01,TRIPLE VIRAL,3
45,Dr. Saul Calmanash,2021-02-01,ANTI GRIPAL,4
45,Dr. Saul Calmanash,2021-02-01,MENINGOCOC.,4
45,Dr. Saul Calmanash,2021-02-01,DPT,1
45,Dr. Saul Calmanash,2021-02-01,DPT (a),6
45,Dr. Saul Calmanash,2021-02-01,DOBLE VIRAL,7
45,Dr. Saul Calmanash,2021-02-01,HPV,5
32,Dr. Manuel Cassuso,2021-02-01,HEPATITIS B,4
32,Dr. Manuel Cassuso,2021-02-01,SALK,15
32,Dr. Manuel Cassuso,2021-02-01,PENTAVALENTE,7
32,Dr. Manuel Cassuso,2021-02-01,NEUMOCOCICA CONJUGADA,7
32,Dr. Manuel Cassuso,2021-02-01,TRIPLE VIRAL,7
32,Dr. Manuel Cassuso,2021-02-01,ANTI GRIPAL,6
32,Dr. Manuel Cassuso,2021-02-01,HEPATITIS A,5
32,Dr. Manuel Cassuso,2021-02-01,VARICELA,3
32,Dr. Manuel Cassuso,2021-02-01,MENINGOCOC.,6
32,Dr. Manuel Cassuso,2021-02-01,FIEBRE AMARILLA,2
32,Dr. Manuel Cassuso,2021-02-01,DPT,8
32,Dr. Manuel Cassuso,2021-02-01,DPT (a),8
32,Dr. Manuel Cassuso,2021-02-01,FIEBRE AMARILLA,7
32,Dr. Manuel Cassuso,2021-02-01,DPT (a),13
32,Dr. Manuel Cassuso,2021-02-01,DOBLE BACTERIANA,7
32,Dr. Manuel Cassuso,2021-02-01,HPV,15
36,Esperanza,2021-02-01,HEPATITIS B,1
36,Esperanza,2021-02-01,SALK,10
36,Esperanza,2021-02-01,ROTAVIRUS,4
36,Esperanza,2021-02-01,PENTAVALENTE,16
36,Esperanza,2021-02-01,NEUMOCOCICA CONJUGADA,14
36,Esperanza,2021-02-01,TRIPLE VIRAL,7
36,Esperanza,2021-02-01,ANTI GRIPAL,8
36,Esperanza,2021-02-01,HEPATITIS A,6
36,Esperanza,2021-02-01,VARICELA,4
36,Esperanza,2021-02-01,MENINGOCOC.,20
36,Esperanza,2021-02-01,FIEBRE AMARILLA,1
36,Esperanza,2021-02-01,DPT,1
36,Esperanza,2021-02-01,DPT (a),5
36,Esperanza,2021-02-01,HPV,8
10003,Guemes,2021-02-01,HEPATITIS B,7
10003,Guemes,2021-02-01,SALK,13
10003,Guemes,2021-02-01,ROTAVIRUS,4
10003,Guemes,2021-02-01,PENTAVALENTE,7
10003,Guemes,2021-02-01,NEUMOCOCICA CONJUGADA,7
10003,Guemes,2021-02-01,TRIPLE VIRAL,9
10003,Guemes,2021-02-01,HEPATITIS A,2
10003,Guemes,2021-02-01,VARICELA,3
10003,Guemes,2021-02-01,MENINGOCOC.,13
10003,Guemes,2021-02-01,DPT (a),3
10003,Guemes,2021-02-01,DOBLE BACTERIANA,7
10003,Guemes,2021-02-01,HPV,7
54,Itati,2021-02-01,SALK,12
54,Itati,2021-02-01,ROTAVIRUS,5
54,Itati,2021-02-01,PENTAVALENTE,123
54,Itati,2021-02-01,NEUMOCOCICA CONJUGADA,7
54,Itati,2021-02-01,TRIPLE VIRAL,4
54,Itati,2021-02-01,ANTI GRIPAL,1
54,Itati,2021-02-01,HEPATITIS A,2
54,Itati,2021-02-01,VARICELA,3
54,Itati,2021-02-01,MENINGOCOC.,8
54,Itati,2021-02-01,FIEBRE AMARILLA,7
54,Itati,2021-02-01,DPT,1
54,Itati,2021-02-01,DPT (a),6
54,Itati,2021-02-01,DOBLE BACTERIANA,5
54,Itati,2021-02-01,HPV,2
10001,Dr. Korimblum,2021-02-01,HEPATITIS B,1
10001,Dr. Korimblum,2021-02-01,SALK,3
10001,Dr. Korimblum,2021-02-01,ROTAVIRUS,2
10001,Dr. Korimblum,2021-02-01,PENTAVALENTE,3
10001,Dr. Korimblum,2021-02-01,TRIPLE VIRAL,2
10001,Dr. Korimblum,2021-02-01,ANTI GRIPAL,4
10001,Dr. Korimblum,2021-02-01,HEPATITIS A,1
10001,Dr. Korimblum,2021-02-01,VARICELA,1
10001,Dr. Korimblum,2021-02-01,MENINGOCOC.,4
10001,Dr. Korimblum,2021-02-01,DPT,3
10001,Dr. Korimblum,2021-02-01,DOBLE BACTERIANA,1
10001,Dr. Korimblum,2021-02-01,DOBLE VIRAL,2
10001,Dr. Korimblum,2021-02-01,HPV,7
38,Dr. JC Benitez Suarez,2021-02-01,HEPATITIS B,9
38,Dr. JC Benitez Suarez,2021-02-01,SALK,18
38,Dr. JC Benitez Suarez,2021-02-01,ROTAVIRUS,7
38,Dr. JC Benitez Suarez,2021-02-01,PENTAVALENTE,16
38,Dr. JC Benitez Suarez,2021-02-01,NEUMOCOCICA CONJUGADA,4
38,Dr. JC Benitez Suarez,2021-02-01,TRIPLE VIRAL,11
38,Dr. JC Benitez Suarez,2021-02-01,VARICELA,3
38,Dr. JC Benitez Suarez,2021-02-01,MENINGOCOC.,16
38,Dr. JC Benitez Suarez,2021-02-01,FIEBRE AMARILLA,5
38,Dr. JC Benitez Suarez,2021-02-01,DPT,6
38,Dr. JC Benitez Suarez,2021-02-01,DPT (a),11
38,Dr. JC Benitez Suarez,2021-02-01,DOBLE BACTERIANA,14
38,Dr. JC Benitez Suarez,2021-02-01,HPV,12
38,Dr. JC Benitez Suarez,2021-02-01,NEUMOCOCICA NO CONJUGADA,9
10000,Dr. Anibal Malvido,2021-02-01,HEPATITIS B,5
10000,Dr. Anibal Malvido,2021-02-01,SALK,19
10000,Dr. Anibal Malvido,2021-02-01,ROTAVIRUS,10
10000,Dr. Anibal Malvido,2021-02-01,PENTAVALENTE,23
10000,Dr. Anibal Malvido,2021-02-01,NEUMOCOCICA CONJUGADA,18
10000,Dr. Anibal Malvido,2021-02-01,TRIPLE VIRAL,15
10000,Dr. Anibal Malvido,2021-02-01,ANTI GRIPAL,5
10000,Dr. Anibal Malvido,2021-02-01,HEPATITIS A,9
10000,Dr. Anibal Malvido,2021-02-01,VARICELA,8
10000,Dr. Anibal Malvido,2021-02-01,MENINGOCOC.,26
10000,Dr. Anibal Malvido,2021-02-01,FIEBRE AMARILLA,20
10000,Dr. Anibal Malvido,2021-02-01,DPT,6
10000,Dr. Anibal Malvido,2021-02-01,DPT (a),16
10000,Dr. Anibal Malvido,2021-02-01,DOBLE BACTERIANA,8
10000,Dr. Anibal Malvido,2021-02-01,HPV,15
10000,Dr. Anibal Malvido,2021-02-01,NEUMOCOCICA NO CONJUGADA,8
41,Dr. Manuel Gonzalez,2021-02-01,SALK,3
41,Dr. Manuel Gonzalez,2021-02-01,ROTAVIRUS,1
41,Dr. Manuel Gonzalez,2021-02-01,PENTAVALENTE,8
41,Dr. Manuel Gonzalez,2021-02-01,NEUMOCOCICA CONJUGADA,4
41,Dr. Manuel Gonzalez,2021-02-01,TRIPLE VIRAL,8
41,Dr. Manuel Gonzalez,2021-02-01,ANTI GRIPAL,2
41,Dr. Manuel Gonzalez,2021-02-01,HEPATITIS A,2
41,Dr. Manuel Gonzalez,2021-02-01,VARICELA,2
41,Dr. Manuel Gonzalez,2021-02-01,MENINGOCOC.,46
41,Dr. Manuel Gonzalez,2021-02-01,DPT,4
41,Dr. Manuel Gonzalez,2021-02-01,DPT (a),6
41,Dr. Manuel Gonzalez,2021-02-01,HPV,56
41,Dr. Manuel Gonzalez,2021-02-01,NEUMOCOCICA NO CONJUGADA,23
34,Dr. Marcelino Vera,2021-02-01,HEPATITIS B,1
34,Dr. Marcelino Vera,2021-02-01,SALK,3
34,Dr. Marcelino Vera,2021-02-01,ROTAVIRUS,1
34,Dr. Marcelino Vera,2021-02-01,PENTAVALENTE,2
34,Dr. Marcelino Vera,2021-02-01,TRIPLE VIRAL,1
34,Dr. Marcelino Vera,2021-02-01,MENINGOCOC.,1
34,Dr. Marcelino Vera,2021-02-01,DPT,3
34,Dr. Marcelino Vera,2021-02-01,DPT (a),1
34,Dr. Marcelino Vera,2021-02-01,DOBLE BACTERIANA,1
10002,Dr. Semper,2021-02-01,HEPATITIS B,3
10002,Dr. Semper,2021-02-01,SALK,17
10002,Dr. Semper,2021-02-01,PENTAVALENTE,5
10002,Dr. Semper,2021-02-01,NEUMOCOCICA CONJUGADA,7
10002,Dr. Semper,2021-02-01,TRIPLE VIRAL,16
10002,Dr. Semper,2021-02-01,HEPATITIS A,5
10002,Dr. Semper,2021-02-01,VARICELA,1
10002,Dr. Semper,2021-02-01,MENINGOCOC.,7
10002,Dr. Semper,2021-02-01,DPT,12
10002,Dr. Semper,2021-02-01,DPT (a),5
10002,Dr. Semper,2021-02-01,DOBLE BACTERIANA,11
10002,Dr. Semper,2021-02-01,HPV,5
10002,Dr. Semper,2021-02-01,NEUMOCOCICA NO CONJUGADA,94
47,Dr. Guillermo Rawson,2021-02-01,HEPATITIS B,32
47,Dr. Guillermo Rawson,2021-02-01,SALK,27
47,Dr. Guillermo Rawson,2021-02-01,ROTAVIRUS,12
47,Dr. Guillermo Rawson,2021-02-01,PENTAVALENTE,24
47,Dr. Guillermo Rawson,2021-02-01,NEUMOCOCICA CONJUGADA,14
47,Dr. Guillermo Rawson,2021-02-01,TRIPLE VIRAL,14
47,Dr. Guillermo Rawson,2021-02-01,ANTI GRIPAL,12
47,Dr. Guillermo Rawson,2021-02-01,VARICELA,7
47,Dr. Guillermo Rawson,2021-02-01,MENINGOCOC.,21
47,Dr. Guillermo Rawson,2021-02-01,FIEBRE AMARILLA,8
47,Dr. Guillermo Rawson,2021-02-01,DPT,9
47,Dr. Guillermo Rawson,2021-02-01,DPT (a),7
47,Dr. Guillermo Rawson,2021-02-01,DOBLE BACTERIANA,28
47,Dr. Guillermo Rawson,2021-02-01,HPV,10
42,Dr. Santiago Lorenzo,2021-02-01,HEPATITIS B,2
42,Dr. Santiago Lorenzo,2021-02-01,SALK,25
42,Dr. Santiago Lorenzo,2021-02-01,ROTAVIRUS,7
42,Dr. Santiago Lorenzo,2021-02-01,PENTAVALENTE,24
42,Dr. Santiago Lorenzo,2021-02-01,NEUMOCOCICA CONJUGADA,16
42,Dr. Santiago Lorenzo,2021-02-01,TRIPLE VIRAL,20
42,Dr. Santiago Lorenzo,2021-02-01,ANTI GRIPAL,15
42,Dr. Santiago Lorenzo,2021-02-01,HEPATITIS A,8
42,Dr. Santiago Lorenzo,2021-02-01,MENINGOCOC.,8
42,Dr. Santiago Lorenzo,2021-02-01,FIEBRE AMARILLA,24
42,Dr. Santiago Lorenzo,2021-02-01,DPT,10
42,Dr. Santiago Lorenzo,2021-02-01,DPT (a),13
42,Dr. Santiago Lorenzo,2021-02-01,DOBLE BACTERIANA,13
42,Dr. Santiago Lorenzo,2021-02-01,HPV,11
42,Dr. Santiago Lorenzo,2021-02-01,NEUMOCOCICA NO CONJUGADA,1
58,Dr. Oscar Pirchi,2021-02-01,HEPATITIS B,3
58,Dr. Oscar Pirchi,2021-02-01,SALK,15
58,Dr. Oscar Pirchi,2021-02-01,ROTAVIRUS,4
58,Dr. Oscar Pirchi,2021-02-01,PENTAVALENTE,9
58,Dr. Oscar Pirchi,2021-02-01,NEUMOCOCICA CONJUGADA,10
58,Dr. Oscar Pirchi,2021-02-01,TRIPLE VIRAL,13
58,Dr. Oscar Pirchi,2021-02-01,ANTI GRIPAL,12
58,Dr. Oscar Pirchi,2021-02-01,HEPATITIS A,5
58,Dr. Oscar Pirchi,2021-02-01,VARICELA,4
58,Dr. Oscar Pirchi,2021-02-01,MENINGOCOC.,11
58,Dr. Oscar Pirchi,2021-02-01,DPT,7
58,Dr. Oscar Pirchi,2021-02-01,DPT (a),9
58,Dr. Oscar Pirchi,2021-02-01,DOBLE BACTERIANA,9
58,Dr. Oscar Pirchi,2021-02-01,HPV,7
46,Rio Parana,2021-02-01,HEPATITIS B,6
46,Rio Parana,2021-02-01,SALK,32
46,Rio Parana,2021-02-01,ROTAVIRUS,13
46,Rio Parana,2021-02-01,PENTAVALENTE,30
46,Rio Parana,2021-02-01,NEUMOCOCICA CONJUGADA,21
46,Rio Parana,2021-02-01,TRIPLE VIRAL,17
46,Rio Parana,2021-02-01,ANTI GRIPAL,3
46,Rio Parana,2021-02-01,HEPATITIS A,6
46,Rio Parana,2021-02-01,VARICELA,4
46,Rio Parana,2021-02-01,MENINGOCOC.,11
46,Rio Parana,2021-02-01,FIEBRE AMARILLA,7
46,Rio Parana,2021-02-01,DPT,9
46,Rio Parana,2021-02-01,DPT (a),9
46,Rio Parana,2021-02-01,DOBLE BACTERIANA,10
46,Rio Parana,2021-02-01,HPV,6
37,Dr. Sussini,2021-02-01,HEPATITIS B,52
37,Dr. Sussini,2021-02-01,SALK,32
37,Dr. Sussini,2021-02-01,ROTAVIRUS,9
37,Dr. Sussini,2021-02-01,PENTAVALENTE,29
37,Dr. Sussini,2021-02-01,NEUMOCOCICA CONJUGADA,27
37,Dr. Sussini,2021-02-01,TRIPLE VIRAL,33
37,Dr. Sussini,2021-02-01,ANTI GRIPAL,24
37,Dr. Sussini,2021-02-01,HEPATITIS A,13
37,Dr. Sussini,2021-02-01,VARICELA,6
37,Dr. Sussini,2021-02-01,MENINGOCOC.,37
37,Dr. Sussini,2021-02-01,FIEBRE AMARILLA,16
37,Dr. Sussini,2021-02-01,DPT,19
37,Dr. Sussini,2021-02-01,DPT (a),25
37,Dr. Sussini,2021-02-01,DOBLE BACTERIANA,51
37,Dr. Sussini,2021-02-01,DOBLE VIRAL,1
37,Dr. Sussini,2021-02-01,HPV,26
82,Dr. Miguel Rossi Candia,2021-02-01,HEPATITIS B,18
82,Dr. Miguel Rossi Candia,2021-02-01,SALK,18
82,Dr. Miguel Rossi Candia,2021-02-01,ROTAVIRUS,7
82,Dr. Miguel Rossi Candia,2021-02-01,PENTAVALENTE,14
82,Dr. Miguel Rossi Candia,2021-02-01,NEUMOCOCICA CONJUGADA,12
82,Dr. Miguel Rossi Candia,2021-02-01,TRIPLE VIRAL,12
82,Dr. Miguel Rossi Candia,2021-02-01,HEPATITIS A,4
82,Dr. Miguel Rossi Candia,2021-02-01,VARICELA,6
82,Dr. Miguel Rossi Candia,2021-02-01,MENINGOCOC.,17
82,Dr. Miguel Rossi Candia,2021-02-01,FIEBRE AMARILLA,8
82,Dr. Miguel Rossi Candia,2021-02-01,DPT,8
82,Dr. Miguel Rossi Candia,2021-02-01,DPT (a),9
82,Dr. Miguel Rossi Candia,2021-02-01,DOBLE BACTERIANA,11
82,Dr. Miguel Rossi Candia,2021-02-01,HPV,12
82,Dr. Miguel Rossi Candia,2021-02-01,GRIPR A ,11
51,Dr. Juan Chercoff,2021-02-01,SALK,1
51,Dr. Juan Chercoff,2021-02-01,PENTAVALENTE,4
51,Dr. Juan Chercoff,2021-02-01,NEUMOCOCICA CONJUGADA,1
51,Dr. Juan Chercoff,2021-02-01,TRIPLE VIRAL,1
51,Dr. Juan Chercoff,2021-02-01,HEPATITIS A,1
51,Dr. Juan Chercoff,2021-02-01,VARICELA,3
51,Dr. Juan Chercoff,2021-02-01,MENINGOCOC.,5
51,Dr. Juan Chercoff,2021-02-01,DPT (a),2
51,Dr. Juan Chercoff,2021-02-01,HPV,2
71,Villa Chiquita,2021-02-01,HEPATITIS B,1
71,Villa Chiquita,2021-02-01,SALK,7
71,Villa Chiquita,2021-02-01,ROTAVIRUS,1
71,Villa Chiquita,2021-02-01,PENTAVALENTE,9
71,Villa Chiquita,2021-02-01,NEUMOCOCICA CONJUGADA,6
71,Villa Chiquita,2021-02-01,TRIPLE VIRAL,8
71,Villa Chiquita,2021-02-01,HEPATITIS A,5
71,Villa Chiquita,2021-02-01,MENINGOCOC.,11
71,Villa Chiquita,2021-02-01,FIEBRE AMARILLA,8
71,Villa Chiquita,2021-02-01,DPT,3
71,Villa Chiquita,2021-02-01,DPT (a),5
71,Villa Chiquita,2021-02-01,HPV,10
90,Sapucay,2021-02-01,SALK,7
90,Sapucay,2021-02-01,ROTAVIRUS,3
90,Sapucay,2021-02-01,PENTAVALENTE,5
90,Sapucay,2021-02-01,NEUMOCOCICA CONJUGADA,8
90,Sapucay,2021-02-01,TRIPLE VIRAL,3
90,Sapucay,2021-02-01,HEPATITIS A,2
90,Sapucay,2021-02-01,VARICELA,3
90,Sapucay,2021-02-01,MENINGOCOC.,7
90,Sapucay,2021-02-01,FIEBRE AMARILLA,3
90,Sapucay,2021-02-01,DPT,4
90,Sapucay,2021-02-01,DPT (a),6
90,Sapucay,2021-02-01,DOBLE BACTERIANA,8
90,Sapucay,2021-02-01,HPV,2
90,Sapucay,2021-02-01,NEUMOCOCICA CONJUGADA,6
85,Santa Margarita,2021-02-01,SALK,5
85,Santa Margarita,2021-02-01,ROTAVIRUS,1
85,Santa Margarita,2021-02-01,PENTAVALENTE,5
85,Santa Margarita,2021-02-01,NEUMOCOCICA CONJUGADA,3
85,Santa Margarita,2021-02-01,TRIPLE VIRAL,3
85,Santa Margarita,2021-02-01,ANTI GRIPAL,3
85,Santa Margarita,2021-02-01,HEPATITIS A,2
85,Santa Margarita,2021-02-01,VARICELA,1
85,Santa Margarita,2021-02-01,MENINGOCOC.,3
85,Santa Margarita,2021-02-01,DPT,1
85,Santa Margarita,2021-02-01,DPT (a),3
85,Santa Margarita,2021-02-01,HPV,1
73,San Marcos,2021-02-01,HEPATITIS B,2
73,San Marcos,2021-02-01,SALK,20
73,San Marcos,2021-02-01,ROTAVIRUS,13
73,San Marcos,2021-02-01,PENTAVALENTE,13
73,San Marcos,2021-02-01,NEUMOCOCICA CONJUGADA,8
73,San Marcos,2021-02-01,TRIPLE VIRAL,15
73,San Marcos,2021-02-01,ANTI GRIPAL,5
73,San Marcos,2021-02-01,HEPATITIS A,4
73,San Marcos,2021-02-01,VARICELA,6
73,San Marcos,2021-02-01,MENINGOCOC.,14
73,San Marcos,2021-02-01,FIEBRE AMARILLA,11
73,San Marcos,2021-02-01,DPT,10
73,San Marcos,2021-02-01,DPT (a),4
73,San Marcos,2021-02-01,DOBLE BACTERIANA,3
73,San Marcos,2021-02-01,HPV,5
89,Santa Marta,2021-02-01,SALK,14
89,Santa Marta,2021-02-01,ROTAVIRUS,4
89,Santa Marta,2021-02-01,PENTAVALENTE,6
89,Santa Marta,2021-02-01,NEUMOCOCICA CONJUGADA,8
89,Santa Marta,2021-02-01,TRIPLE VIRAL,9
89,Santa Marta,2021-02-01,ANTI GRIPAL,3
89,Santa Marta,2021-02-01,HEPATITIS A,3
89,Santa Marta,2021-02-01,MENINGOCOC.,7
89,Santa Marta,2021-02-01,DPT,5
89,Santa Marta,2021-02-01,DPT (a),7
89,Santa Marta,2021-02-01,HPV,2
127,Santa Catalina,2021-02-01,HEPATITIS B,1
127,Santa Catalina,2021-02-01,SALK,10
127,Santa Catalina,2021-02-01,ROTAVIRUS,3
127,Santa Catalina,2021-02-01,PENTAVALENTE,4
127,Santa Catalina,2021-02-01,NEUMOCOCICA CONJUGADA,5
127,Santa Catalina,2021-02-01,TRIPLE VIRAL,8
127,Santa Catalina,2021-02-01,ANTI GRIPAL,1
127,Santa Catalina,2021-02-01,HEPATITIS A,2
127,Santa Catalina,2021-02-01,VARICELA,1
127,Santa Catalina,2021-02-01,MENINGOCOC.,9
127,Santa Catalina,2021-02-01,FIEBRE AMARILLA,5
127,Santa Catalina,2021-02-01,DPT,6
127,Santa Catalina,2021-02-01,DPT (a),5
127,Santa Catalina,2021-02-01,DOBLE BACTERIANA,1
127,Santa Catalina,2021-02-01,HPV,4
70,Villa Garcia,2021-02-01,HEPATITIS B,4
70,Villa Garcia,2021-02-01,SALK,3
70,Villa Garcia,2021-02-01,PENTAVALENTE,2
70,Villa Garcia,2021-02-01,TRIPLE VIRAL,2
70,Villa Garcia,2021-02-01,ANTI GRIPAL,1
70,Villa Garcia,2021-02-01,VARICELA,1
70,Villa Garcia,2021-02-01,MENINGOCOC.,2
70,Villa Garcia,2021-02-01,DPT,2
70,Villa Garcia,2021-02-01,DPT (a),3
70,Villa Garcia,2021-02-01,DOBLE BACTERIANA,2
70,Villa Garcia,2021-02-01,HPV,5
69,Primera Junta,2021-02-01,HEPATITIS B,3
69,Primera Junta,2021-02-01,SALK,3
69,Primera Junta,2021-02-01,PENTAVALENTE,2
69,Primera Junta,2021-02-01,TRIPLE VIRAL,2
69,Primera Junta,2021-02-01,ANTI GRIPAL,3
69,Primera Junta,2021-02-01,VARICELA,4
69,Primera Junta,2021-02-01,MENINGOCOC.,7
69,Primera Junta,2021-02-01,DPT,6
69,Primera Junta,2021-02-01,DPT (a),2
69,Primera Junta,2021-02-01,DOBLE BACTERIANA,2
69,Primera Junta,2021-02-01,DOBLE VIRAL,5
69,Primera Junta,2021-02-01,HPV,6
79,Quinta Ferre,2021-02-01,HEPATITIS B,8
79,Quinta Ferre,2021-02-01,SALK,10
79,Quinta Ferre,2021-02-01,ROTAVIRUS,5
79,Quinta Ferre,2021-02-01,PENTAVALENTE,10
79,Quinta Ferre,2021-02-01,NEUMOCOCICA CONJUGADA,8
79,Quinta Ferre,2021-02-01,TRIPLE VIRAL,7
79,Quinta Ferre,2021-02-01,ANTI GRIPAL,11
79,Quinta Ferre,2021-02-01,HEPATITIS A,8
79,Quinta Ferre,2021-02-01,VARICELA,2
79,Quinta Ferre,2021-02-01,MENINGOCOC.,12
79,Quinta Ferre,2021-02-01,DPT (a),8
79,Quinta Ferre,2021-02-01,DOBLE BACTERIANA,7
79,Quinta Ferre,2021-02-01,HPV,7
48,Dr. Jose de los Reyes Vidal,2021-02-01,PENTAVALENTE,2
48,Dr. Jose de los Reyes Vidal,2021-02-01,NEUMOCOCICA CONJUGADA,1
48,Dr. Jose de los Reyes Vidal,2021-02-01,TRIPLE VIRAL,1
48,Dr. Jose de los Reyes Vidal,2021-02-01,HEPATITIS A,1
48,Dr. Jose de los Reyes Vidal,2021-02-01,VARICELA,2
48,Dr. Jose de los Reyes Vidal,2021-02-01,MENINGOCOC.,5
48,Dr. Jose de los Reyes Vidal,2021-02-01,DPT (a),1
48,Dr. Jose de los Reyes Vidal,2021-02-01,HPV,1
49,Dr. Benjamin Serrano,2021-03-01,HEPATITIS B,10
49,Dr. Benjamin Serrano,2021-03-01,SALK,13
49,Dr. Benjamin Serrano,2021-03-01,ROTAVIRUS,4
49,Dr. Benjamin Serrano,2021-03-01,PENTAVALENTE,12
49,Dr. Benjamin Serrano,2021-03-01,NEUMOCOCICA CONJUGADA,9
49,Dr. Benjamin Serrano,2021-03-01,TRIPLE VIRAL,11
49,Dr. Benjamin Serrano,2021-03-01,ANTI GRIPAL,4
49,Dr. Benjamin Serrano,2021-03-01,HEPATITIS A,6
49,Dr. Benjamin Serrano,2021-03-01,VARICELA,7
49,Dr. Benjamin Serrano,2021-03-01,MENINGOCOC.,17
49,Dr. Benjamin Serrano,2021-03-01,DPT,5
49,Dr. Benjamin Serrano,2021-03-01,DPT (a),13
49,Dr. Benjamin Serrano,2021-03-01,DOBLE BACTERIANA,7
49,Dr. Benjamin Serrano,2021-03-01,HPV,7
91,Dr. Pedro Blugerman,2021-03-01,HEPATITIS B,4
91,Dr. Pedro Blugerman,2021-03-01,SALK,27
91,Dr. Pedro Blugerman,2021-03-01,ROTAVIRUS,15
91,Dr. Pedro Blugerman,2021-03-01,PENTAVALENTE,24
91,Dr. Pedro Blugerman,2021-03-01,NEUMOCOCICA CONJUGADA,19
91,Dr. Pedro Blugerman,2021-03-01,TRIPLE VIRAL,11
91,Dr. Pedro Blugerman,2021-03-01,ANTI GRIPAL,7
91,Dr. Pedro Blugerman,2021-03-01,HEPATITIS A,4
91,Dr. Pedro Blugerman,2021-03-01,VARICELA,5
91,Dr. Pedro Blugerman,2021-03-01,NEUMOCOCICA CONJUGADA,5
91,Dr. Pedro Blugerman,2021-03-01,FIEBRE AMARILLA,10
91,Dr. Pedro Blugerman,2021-03-01,DPT,7
91,Dr. Pedro Blugerman,2021-03-01,DPT (a),5
91,Dr. Pedro Blugerman,2021-03-01,DOBLE BACTERIANA,13
91,Dr. Pedro Blugerman,2021-03-01,DOBLE VIRAL,4
91,Dr. Pedro Blugerman,2021-03-01,HPV,9
91,Dr. Pedro Blugerman,2021-03-01,NEUMOCOCICA CONJUGADA,7
99,OPERATIVO TERRITORIALES,2021-03-01,SALK,1
99,OPERATIVO TERRITORIALES,2021-03-01,PENTAVALENTE,1
99,OPERATIVO TERRITORIALES,2021-03-01,TRIPLE VIRAL,1
99,OPERATIVO TERRITORIALES,2021-03-01,VARICELA,1
99,OPERATIVO TERRITORIALES,2021-03-01,MENINGOCOC.,2
99,OPERATIVO TERRITORIALES,2021-03-01,FIEBRE AMARILLA,5
99,OPERATIVO TERRITORIALES,2021-03-01,DPT,2
99,OPERATIVO TERRITORIALES,2021-03-01,DPT (a),1
99,OPERATIVO TERRITORIALES,2021-03-01,DOBLE VIRAL,1
99,OPERATIVO TERRITORIALES,2021-03-01,HPV,1
99,OPERATIVO TERRITORIALES,2021-03-01,HEPATITIS B,1
99,OPERATIVO TERRITORIALES,2021-03-01,TRIPLE VIRAL,3
99,OPERATIVO TERRITORIALES,2021-03-01,HEPATITIS A,1
99,OPERATIVO TERRITORIALES,2021-03-01,FIEBRE AMARILLA,6
99,OPERATIVO TERRITORIALES,2021-03-01,DPT,1
99,OPERATIVO TERRITORIALES,2021-03-01,DOBLE BACTERIANA,1
99,OPERATIVO TERRITORIALES,2021-03-01,HPV,2
99,OPERATIVO TERRITORIALES,2021-03-01,PENTAVALENTE,5
99,OPERATIVO TERRITORIALES,2021-03-01,VARICELA,4
99,OPERATIVO TERRITORIALES,2021-03-01,MENINGOCOC.,5
99,OPERATIVO TERRITORIALES,2021-03-01,DPT (a),3
99,OPERATIVO TERRITORIALES,2021-03-01,HPV,4
99,OPERATIVO TERRITORIALES,2021-03-01,HEPATITIS B,3
99,OPERATIVO TERRITORIALES,2021-03-01,VARICELA,6
99,OPERATIVO TERRITORIALES,2021-03-01,MENINGOCOC.,4
99,OPERATIVO TERRITORIALES,2021-03-01,FIEBRE AMARILLA,3
99,OPERATIVO TERRITORIALES,2021-03-01,DPT (a),2
99,OPERATIVO TERRITORIALES,2021-03-01,HPV,5
99,OPERATIVO TERRITORIALES,2021-03-01,SALK,5
99,OPERATIVO TERRITORIALES,2021-03-01,ROTAVIRUS,1
99,OPERATIVO TERRITORIALES,2021-03-01,PENTAVALENTE,4
99,OPERATIVO TERRITORIALES,2021-03-01,NEUMOCOCICA CONJUGADA,2
99,OPERATIVO TERRITORIALES,2021-03-01,TRIPLE VIRAL,5
99,OPERATIVO TERRITORIALES,2021-03-01,DPT,5
99,OPERATIVO TERRITORIALES,2021-03-01,HEPATITIS B,7
99,OPERATIVO TERRITORIALES,2021-03-01,SALK,3
99,OPERATIVO TERRITORIALES,2021-03-01,PENTAVALENTE,3
99,OPERATIVO TERRITORIALES,2021-03-01,TRIPLE VIRAL,4
99,OPERATIVO TERRITORIALES,2021-03-01,HEPATITIS A,3
99,OPERATIVO TERRITORIALES,2021-03-01,VARICELA,2
99,OPERATIVO TERRITORIALES,2021-03-01,MENINGOCOC.,11
99,OPERATIVO TERRITORIALES,2021-03-01,FIEBRE AMARILLA,10
99,OPERATIVO TERRITORIALES,2021-03-01,DPT,3
99,OPERATIVO TERRITORIALES,2021-03-01,DPT (a),5
99,OPERATIVO TERRITORIALES,2021-03-01,DOBLE BACTERIANA,5
99,OPERATIVO TERRITORIALES,2021-03-01,NEUMOCOCICA NO CONJUGADA,6
45,Dr. Saul Calmanash,2021-03-01,SALK,4
45,Dr. Saul Calmanash,2021-03-01,PENTAVALENTE,2
45,Dr. Saul Calmanash,2021-03-01,NEUMOCOCICA CONJUGADA,4
45,Dr. Saul Calmanash,2021-03-01,TRIPLE VIRAL,4
45,Dr. Saul Calmanash,2021-03-01,HEPATITIS A,2
45,Dr. Saul Calmanash,2021-03-01,VARICELA,1
45,Dr. Saul Calmanash,2021-03-01,MENINGOCOC.,9
45,Dr. Saul Calmanash,2021-03-01,DPT,2
45,Dr. Saul Calmanash,2021-03-01,DPT (a),13
45,Dr. Saul Calmanash,2021-03-01,DT,10
45,Dr. Saul Calmanash,2021-03-01,HPV,5
32,Dr. Manuel Cassuso,2021-03-01,HEPATITIS B,6
32,Dr. Manuel Cassuso,2021-03-01,SALK,17
32,Dr. Manuel Cassuso,2021-03-01,ROTAVIRUS,9
32,Dr. Manuel Cassuso,2021-03-01,PENTAVALENTE,9
32,Dr. Manuel Cassuso,2021-03-01,NEUMOCOCICA CONJUGADA,8
32,Dr. Manuel Cassuso,2021-03-01,TRIPLE VIRAL,9
32,Dr. Manuel Cassuso,2021-03-01,ANTI GRIPAL,14
32,Dr. Manuel Cassuso,2021-03-01,HEPATITIS A,5
32,Dr. Manuel Cassuso,2021-03-01,VARICELA,6
32,Dr. Manuel Cassuso,2021-03-01,MENINGOCOC.,8
32,Dr. Manuel Cassuso,2021-03-01,FIEBRE AMARILLA,2
32,Dr. Manuel Cassuso,2021-03-01,DPT,10
32,Dr. Manuel Cassuso,2021-03-01,DPT (a),14
32,Dr. Manuel Cassuso,2021-03-01,DOBLE BACTERIANA,11
32,Dr. Manuel Cassuso,2021-03-01,HPV,25
36,Esperanza,2021-03-01,HEPATITIS B,1
36,Esperanza,2021-03-01,SALK,11
36,Esperanza,2021-03-01,ROTAVIRUS,5
36,Esperanza,2021-03-01,PENTAVALENTE,12
36,Esperanza,2021-03-01,NEUMOCOCICA CONJUGADA,14
36,Esperanza,2021-03-01,SABIN ORAL,10
36,Esperanza,2021-03-01,TRIPLE VIRAL,7
36,Esperanza,2021-03-01,HEPATITIS A,6
36,Esperanza,2021-03-01,VARICELA,30
36,Esperanza,2021-03-01,MENINGOCOC.,25
36,Esperanza,2021-03-01,DPT,4
36,Esperanza,2021-03-01,DPT (a),13
36,Esperanza,2021-03-01,HPV,15
36,Esperanza,2021-03-01,NEUMOCOCICA NO CONJUGADA,1
10003,Guemes,2021-03-01,HEPATITIS B,6
10003,Guemes,2021-03-01,SALK,14
10003,Guemes,2021-03-01,ROTAVIRUS,2
10003,Guemes,2021-03-01,PENTAVALENTE,13
10003,Guemes,2021-03-01,NEUMOCOCICA CONJUGADA,5
10003,Guemes,2021-03-01,TRIPLE VIRAL,10
10003,Guemes,2021-03-01,HEPATITIS A,4
10003,Guemes,2021-03-01,VARICELA,6
10003,Guemes,2021-03-01,MENINGOCOC.,7
10003,Guemes,2021-03-01,DPT,7
10003,Guemes,2021-03-01,DPT (a),4
10003,Guemes,2021-03-01,DOBLE BACTERIANA,12
10003,Guemes,2021-03-01,HPV,1
54,Itati,2021-03-01,HEPATITIS B,10
54,Itati,2021-03-01,SALK,19
54,Itati,2021-03-01,ROTAVIRUS,6
54,Itati,2021-03-01,PENTAVALENTE,14
54,Itati,2021-03-01,NEUMOCOCICA CONJUGADA,10
54,Itati,2021-03-01,TRIPLE VIRAL,10
54,Itati,2021-03-01,ANTI GRIPAL,4
54,Itati,2021-03-01,HEPATITIS A,5
54,Itati,2021-03-01,VARICELA,3
54,Itati,2021-03-01,MENINGOCOC.,11
54,Itati,2021-03-01,FIEBRE AMARILLA,1
54,Itati,2021-03-01,DPT,6
54,Itati,2021-03-01,DPT (a),2
54,Itati,2021-03-01,DOBLE BACTERIANA,5
54,Itati,2021-03-01,HPV,5
10001,Dr. Korimblum,2021-03-01,HEPATITIS B,4
10001,Dr. Korimblum,2021-03-01,PENTAVALENTE,6
10001,Dr. Korimblum,2021-03-01,NEUMOCOCICA CONJUGADA,6
10001,Dr. Korimblum,2021-03-01,SABIN ORAL,4
10001,Dr. Korimblum,2021-03-01,HEPATITIS A,6
10001,Dr. Korimblum,2021-03-01,VARICELA,3
10001,Dr. Korimblum,2021-03-01,MENINGOCOC.,6
10001,Dr. Korimblum,2021-03-01,DPT,5
10001,Dr. Korimblum,2021-03-01,DPT (a),2
10001,Dr. Korimblum,2021-03-01,HPV,11
88,Dr. Lifschitz,2021-03-01,HEPATITIS B,4
88,Dr. Lifschitz,2021-03-01,SALK,9
88,Dr. Lifschitz,2021-03-01,ROTAVIRUS,2
88,Dr. Lifschitz,2021-03-01,PENTAVALENTE,6
88,Dr. Lifschitz,2021-03-01,NEUMOCOCICA CONJUGADA,4
88,Dr. Lifschitz,2021-03-01,TRIPLE VIRAL,9
88,Dr. Lifschitz,2021-03-01,ANTI GRIPAL,20
88,Dr. Lifschitz,2021-03-01,HEPATITIS A,2
88,Dr. Lifschitz,2021-03-01,VARICELA,2
88,Dr. Lifschitz,2021-03-01,MENINGOCOC.,5
88,Dr. Lifschitz,2021-03-01,FIEBRE AMARILLA,8
88,Dr. Lifschitz,2021-03-01,DPT,10
88,Dr. Lifschitz,2021-03-01,DPT (a),5
88,Dr. Lifschitz,2021-03-01,DOBLE BACTERIANA,7
88,Dr. Lifschitz,2021-03-01,HPV,5
38,Dr. JC Benitez Suarez,2021-03-01,HEPATITIS B,1
38,Dr. JC Benitez Suarez,2021-03-01,SALK,5
38,Dr. JC Benitez Suarez,2021-03-01,PENTAVALENTE,2
38,Dr. JC Benitez Suarez,2021-03-01,NEUMOCOCICA CONJUGADA,1
38,Dr. JC Benitez Suarez,2021-03-01,TRIPLE VIRAL,4
38,Dr. JC Benitez Suarez,2021-03-01,HEPATITIS A,1
38,Dr. JC Benitez Suarez,2021-03-01,MENINGOCOC.,3
38,Dr. JC Benitez Suarez,2021-03-01,DPT,3
38,Dr. JC Benitez Suarez,2021-03-01,DPT (a),8
38,Dr. JC Benitez Suarez,2021-03-01,DOBLE VIRAL,1
38,Dr. JC Benitez Suarez,2021-03-01,HPV,1
38,Dr. JC Benitez Suarez,2021-03-01,NEUMOCOCICA NO CONJUGADA,5
10000,Dr. Anibal Malvido,2021-03-01,HEPATITIS B,5
10000,Dr. Anibal Malvido,2021-03-01,SALK,27
10000,Dr. Anibal Malvido,2021-03-01,ROTAVIRUS,6
10000,Dr. Anibal Malvido,2021-03-01,PENTAVALENTE,24
10000,Dr. Anibal Malvido,2021-03-01,NEUMOCOCICA CONJUGADA,13
10000,Dr. Anibal Malvido,2021-03-01,TRIPLE VIRAL,18
10000,Dr. Anibal Malvido,2021-03-01,HEPATITIS A,4
10000,Dr. Anibal Malvido,2021-03-01,VARICELA,6
10000,Dr. Anibal Malvido,2021-03-01,MENINGOCOC.,25
10000,Dr. Anibal Malvido,2021-03-01,FIEBRE AMARILLA,20
10000,Dr. Anibal Malvido,2021-03-01,DPT,15
10000,Dr. Anibal Malvido,2021-03-01,DPT (a),16
10000,Dr. Anibal Malvido,2021-03-01,DTO,11
10000,Dr. Anibal Malvido,2021-03-01,HPV,19
10000,Dr. Anibal Malvido,2021-03-01,NEUMOCOCICA NO CONJUGADA,4
41,Dr. Manuel Gonzalez,2021-03-01,SALK,4
41,Dr. Manuel Gonzalez,2021-03-01,ROTAVIRUS,1
41,Dr. Manuel Gonzalez,2021-03-01,PENTAVALENTE,6
41,Dr. Manuel Gonzalez,2021-03-01,NEUMOCOCICA CONJUGADA,2
41,Dr. Manuel Gonzalez,2021-03-01,TRIPLE VIRAL,4
41,Dr. Manuel Gonzalez,2021-03-01,HEPATITIS A,1
41,Dr. Manuel Gonzalez,2021-03-01,VARICELA,3
41,Dr. Manuel Gonzalez,2021-03-01,MENINGOCOC.,8
41,Dr. Manuel Gonzalez,2021-03-01,DPT,1
41,Dr. Manuel Gonzalez,2021-03-01,DPT (a),11
41,Dr. Manuel Gonzalez,2021-03-01,HPV,13
34,Dr. Marcelino Vera,2021-03-01,HEPATITIS B,8
34,Dr. Marcelino Vera,2021-03-01,SALK,6
34,Dr. Marcelino Vera,2021-03-01,ROTAVIRUS,3
34,Dr. Marcelino Vera,2021-03-01,PENTAVALENTE,4
34,Dr. Marcelino Vera,2021-03-01,NEUMOCOCICA CONJUGADA,6
34,Dr. Marcelino Vera,2021-03-01,TRIPLE VIRAL,6
34,Dr. Marcelino Vera,2021-03-01,HEPATITIS A,3
34,Dr. Marcelino Vera,2021-03-01,VARICELA,2
34,Dr. Marcelino Vera,2021-03-01,MENINGOCOC.,7
34,Dr. Marcelino Vera,2021-03-01,DPT,3
34,Dr. Marcelino Vera,2021-03-01,DPT (a),3
34,Dr. Marcelino Vera,2021-03-01,DOBLE BACTERIANA,3
34,Dr. Marcelino Vera,2021-03-01,HPV,3
99,OPERATIVO TERRITORIALES,1900-01-01,SALK,7
99,OPERATIVO TERRITORIALES,1900-01-01,ROTAVIRUS,1
99,OPERATIVO TERRITORIALES,1900-01-01,PENTAVALENTE,7
99,OPERATIVO TERRITORIALES,1900-01-01,NEUMOCOCICA CONJUGADA,3
99,OPERATIVO TERRITORIALES,1900-01-01,TRIPLE VIRAL,8
99,OPERATIVO TERRITORIALES,1900-01-01,HEPATITIS A,3
99,OPERATIVO TERRITORIALES,1900-01-01,VARICELA,1
99,OPERATIVO TERRITORIALES,1900-01-01,MENINGOCOC.,2
99,OPERATIVO TERRITORIALES,1900-01-01,FIEBRE AMARILLA,8
99,OPERATIVO TERRITORIALES,1900-01-01,DPT,2
99,OPERATIVO TERRITORIALES,1900-01-01,DPT (a),2
99,OPERATIVO TERRITORIALES,1900-01-01,PENTAVALENTE,4
99,OPERATIVO TERRITORIALES,1900-01-01,TRIPLE VIRAL,7
99,OPERATIVO TERRITORIALES,1900-01-01,HEPATITIS A,2
99,OPERATIVO TERRITORIALES,1900-01-01,VARICELA,3
99,OPERATIVO TERRITORIALES,1900-01-01,MENINGOCOC.,8
99,OPERATIVO TERRITORIALES,1900-01-01,FIEBRE AMARILLA,9
99,OPERATIVO TERRITORIALES,1900-01-01,DPT,5
99,OPERATIVO TERRITORIALES,1900-01-01,DPT (a),4
99,OPERATIVO TERRITORIALES,1900-01-01,HPV,8
99,OPERATIVO TERRITORIALES,1900-01-01,SALK,5
99,OPERATIVO TERRITORIALES,1900-01-01,PENTAVALENTE,3
99,OPERATIVO TERRITORIALES,1900-01-01,NEUMOCOCICA CONJUGADA,1
99,OPERATIVO TERRITORIALES,1900-01-01,NEUMOCOCICA CONJUGADA,5
99,OPERATIVO TERRITORIALES,1900-01-01,DPT (a),3
99,OPERATIVO TERRITORIALES,1900-01-01,HPV,4
99,OPERATIVO TERRITORIALES,1900-01-01,PENTAVALENTE,1
99,OPERATIVO TERRITORIALES,1900-01-01,TRIPLE VIRAL,1
99,OPERATIVO TERRITORIALES,1900-01-01,HEPATITIS A,1
99,OPERATIVO TERRITORIALES,1900-01-01,SALK,9
99,OPERATIVO TERRITORIALES,1900-01-01,PENTAVALENTE,5
99,OPERATIVO TERRITORIALES,1900-01-01,NEUMOCOCICA CONJUGADA,7
99,OPERATIVO TERRITORIALES,1900-01-01,TRIPLE VIRAL,12
99,OPERATIVO TERRITORIALES,1900-01-01,HEPATITIS A,5
99,OPERATIVO TERRITORIALES,1900-01-01,VARICELA,2
99,OPERATIVO TERRITORIALES,1900-01-01,DPT,8
99,OPERATIVO TERRITORIALES,1900-01-01,DPT (a),1
99,OPERATIVO TERRITORIALES,1900-01-01,TRIPLE VIRAL,4
99,OPERATIVO TERRITORIALES,1900-01-01,VARICELA,10
99,OPERATIVO TERRITORIALES,1900-01-01,DPT,1
99,OPERATIVO TERRITORIALES,1900-01-01,DPT (a),7
99,OPERATIVO TERRITORIALES,1900-01-01,DOBLE BACTERIANA,2
99,OPERATIVO TERRITORIALES,1900-01-01,ANTI GRIPAL,3
99,OPERATIVO TERRITORIALES,1900-01-01,DOBLE VIRAL,1
99,OPERATIVO TERRITORIALES,1900-01-01,SALK,6
99,OPERATIVO TERRITORIALES,1900-01-01,TRIPLE VIRAL,5
99,OPERATIVO TERRITORIALES,1900-01-01,ANTI GRIPAL,60
99,OPERATIVO TERRITORIALES,1900-01-01,MENINGOCOC.,7
99,OPERATIVO TERRITORIALES,1900-01-01,DPT (a),5
99,OPERATIVO TERRITORIALES,1900-01-01,DOBLE BACTERIANA,1
99,OPERATIVO TERRITORIALES,1900-01-01,NEUMOCOCICA CONJUGADA,2
99,OPERATIVO TERRITORIALES,1900-01-01,TRIPLE VIRAL,6
99,OPERATIVO TERRITORIALES,1900-01-01,MENINGOCOC.,3
99,OPERATIVO TERRITORIALES,1900-01-01,FIEBRE AMARILLA,5
99,OPERATIVO TERRITORIALES,1900-01-01,DPT,3
99,OPERATIVO TERRITORIALES,1900-01-01,HPV,3
99,OPERATIVO TERRITORIALES,1900-01-01,HEPATITIS B,1
99,OPERATIVO TERRITORIALES,1900-01-01,PENTAVALENTE,2
99,OPERATIVO TERRITORIALES,1900-01-01,NEUMOCOCICA CONJUGADA,14
99,OPERATIVO TERRITORIALES,1900-01-01,FIEBRE AMARILLA,2
99,OPERATIVO TERRITORIALES,1900-01-01,MENINGOCOC.,9
99,OPERATIVO TERRITORIALES,1900-01-01,FIEBRE AMARILLA,7
99,OPERATIVO TERRITORIALES,1900-01-01,HPV,6
99,OPERATIVO TERRITORIALES,1900-01-01,ANTI GRIPAL,5
99,OPERATIVO TERRITORIALES,1900-01-01,FIEBRE AMARILLA,1
99,OPERATIVO TERRITORIALES,1900-01-01,HPV,2
75,Dr. Mauricio Open,1900-01-01,HEPATITIS B,5
75,Dr. Mauricio Open,1900-01-01,SALK,10
75,Dr. Mauricio Open,1900-01-01,ROTAVIRUS,4
75,Dr. Mauricio Open,1900-01-01,PENTAVALENTE,9
75,Dr. Mauricio Open,1900-01-01,NEUMOCOCICA CONJUGADA,9
75,Dr. Mauricio Open,1900-01-01,NEUMO 23 ,3
75,Dr. Mauricio Open,1900-01-01,TRIPLE VIRAL,9
75,Dr. Mauricio Open,1900-01-01,ANTI GRIPAL,2
75,Dr. Mauricio Open,1900-01-01,HEPATITIS A,5
75,Dr. Mauricio Open,1900-01-01,VARICELA,1
75,Dr. Mauricio Open,1900-01-01,MENINGOCOC.,11
75,Dr. Mauricio Open,1900-01-01,DPT,4
75,Dr. Mauricio Open,1900-01-01,DPT (a),5
75,Dr. Mauricio Open,1900-01-01,DOBLE BACTERIANA,9
75,Dr. Mauricio Open,1900-01-01,HPV,4
69,Primera Junta,1900-01-01,HEPATITIS B,12
69,Primera Junta,1900-01-01,SALK,7
69,Primera Junta,1900-01-01,ROTAVIRUS,5
69,Primera Junta,1900-01-01,PENTAVALENTE,6
69,Primera Junta,1900-01-01,NEUMOCOCICA CONJUGADA,7
69,Primera Junta,1900-01-01,TRIPLE VIRAL,5
69,Primera Junta,1900-01-01,ANTI GRIPAL,4
69,Primera Junta,1900-01-01,HEPATITIS A,3
69,Primera Junta,1900-01-01,VARICELA,1
69,Primera Junta,1900-01-01,MENINGOCOC.,7
69,Primera Junta,1900-01-01,DPT,3
69,Primera Junta,1900-01-01,DPT (a),10
69,Primera Junta,1900-01-01,DOBLE BACTERIANA,8
69,Primera Junta,1900-01-01,HPV,7
69,Primera Junta,1900-01-01,NEUMOCOCICA NO CONJUGADA,1
62,Pujol,1900-01-01,HEPATITIS B,4
62,Pujol,1900-01-01,SALK,6
62,Pujol,1900-01-01,ROTAVIRUS,3
62,Pujol,1900-01-01,PENTAVALENTE,8
62,Pujol,1900-01-01,NEUMOCOCICA CONJUGADA,5
62,Pujol,1900-01-01,HEPATITIS A,3
62,Pujol,1900-01-01,VARICELA,6
62,Pujol,1900-01-01,MENINGOCOC.,10
62,Pujol,1900-01-01,DPT,3
62,Pujol,1900-01-01,DPT (a),8
62,Pujol,1900-01-01,DOBLE BACTERIANA,3
62,Pujol,1900-01-01,HPV,3
79,Quinta Ferre,1900-01-01,HEPATITIS B,2
79,Quinta Ferre,1900-01-01,SALK,7
79,Quinta Ferre,1900-01-01,ROTAVIRUS,3
79,Quinta Ferre,1900-01-01,PENTAVALENTE,5
79,Quinta Ferre,1900-01-01,NEUMOCOCICA CONJUGADA,9
79,Quinta Ferre,1900-01-01,TRIPLE VIRAL,6
79,Quinta Ferre,1900-01-01,HEPATITIS A,6
79,Quinta Ferre,1900-01-01,VARICELA,8
79,Quinta Ferre,1900-01-01,MENINGOCOC.,2
79,Quinta Ferre,1900-01-01,DPT,2
79,Quinta Ferre,1900-01-01,DPT (a),6
79,Quinta Ferre,1900-01-01,DOBLE BACTERIANA,2
79,Quinta Ferre,1900-01-01,HPV,2
47,Dr. Guillermo Rawson,1900-01-01,HEPATITIS B,52
47,Dr. Guillermo Rawson,1900-01-01,SALK,28
47,Dr. Guillermo Rawson,1900-01-01,ROTAVIRUS,7
47,Dr. Guillermo Rawson,1900-01-01,PENTAVALENTE,23
47,Dr. Guillermo Rawson,1900-01-01,NEUMOCOCICA CONJUGADA,12
47,Dr. Guillermo Rawson,1900-01-01,TRIPLE VIRAL,20
47,Dr. Guillermo Rawson,1900-01-01,ANTI GRIPAL,8
47,Dr. Guillermo Rawson,1900-01-01,HEPATITIS A,3
47,Dr. Guillermo Rawson,1900-01-01,VARICELA,7
47,Dr. Guillermo Rawson,1900-01-01,MENINGOCOC.,33
47,Dr. Guillermo Rawson,1900-01-01,FIEBRE AMARILLA,18
47,Dr. Guillermo Rawson,1900-01-01,DPT,9
47,Dr. Guillermo Rawson,1900-01-01,DPT (a),14
47,Dr. Guillermo Rawson,1900-01-01,DOBLE BACTERIANA,60
47,Dr. Guillermo Rawson,1900-01-01,HPV,15
46,Rio Parana,1900-01-01,HEPATITIS B,3
46,Rio Parana,1900-01-01,SALK,18
46,Rio Parana,1900-01-01,ROTAVIRUS,8
46,Rio Parana,1900-01-01,PENTAVALENTE,28
46,Rio Parana,1900-01-01,NEUMOCOCICA CONJUGADA,13
46,Rio Parana,1900-01-01,TRIPLE VIRAL,7
46,Rio Parana,1900-01-01,HEPATITIS A,4
46,Rio Parana,1900-01-01,VARICELA,11
46,Rio Parana,1900-01-01,MENINGOCOC.,19
46,Rio Parana,1900-01-01,FIEBRE AMARILLA,6
46,Rio Parana,1900-01-01,DPT,2
46,Rio Parana,1900-01-01,DPT (a),6
46,Rio Parana,1900-01-01,DOBLE BACTERIANA,12
46,Rio Parana,1900-01-01,HPV,6
73,San Marcos,1900-01-01,HEPATITIS B,5
73,San Marcos,1900-01-01,SALK,22
73,San Marcos,1900-01-01,ROTAVIRUS,14
73,San Marcos,1900-01-01,PENTAVALENTE,14
73,San Marcos,1900-01-01,NEUMOCOCICA CONJUGADA,12
73,San Marcos,1900-01-01,TRIPLE VIRAL,20
73,San Marcos,1900-01-01,HEPATITIS A,7
73,San Marcos,1900-01-01,VARICELA,2
73,San Marcos,1900-01-01,MENINGOCOC.,22
73,San Marcos,1900-01-01,FIEBRE AMARILLA,15
73,San Marcos,1900-01-01,DPT,13
73,San Marcos,1900-01-01,DPT (a),5
73,San Marcos,1900-01-01,DOBLE BACTERIANA,7
73,San Marcos,1900-01-01,HPV,3
127,Santa Catalina,1900-01-01,HEPATITIS B,14
127,Santa Catalina,1900-01-01,SALK,14
127,Santa Catalina,1900-01-01,ROTAVIRUS,3
127,Santa Catalina,1900-01-01,PENTAVALENTE,8
127,Santa Catalina,1900-01-01,NEUMOCOCICA CONJUGADA,4
127,Santa Catalina,1900-01-01,TRIPLE VIRAL,11
127,Santa Catalina,1900-01-01,ANTI GRIPAL,5
127,Santa Catalina,1900-01-01,HEPATITIS A,1
127,Santa Catalina,1900-01-01,VARICELA,5
127,Santa Catalina,1900-01-01,MENINGOCOC.,11
127,Santa Catalina,1900-01-01,FIEBRE AMARILLA,5
127,Santa Catalina,1900-01-01,DPT,10
127,Santa Catalina,1900-01-01,DPT (a),2
127,Santa Catalina,1900-01-01,DOBLE BACTERIANA,3
127,Santa Catalina,1900-01-01,HPV,13
127,Santa Catalina,1900-01-01,NEUMOCOCICA CONJUGADA,1
85,Santa Margarita,1900-01-01,HEPATITIS B,3
85,Santa Margarita,1900-01-01,SALK,10
85,Santa Margarita,1900-01-01,ROTAVIRUS,3
85,Santa Margarita,1900-01-01,PENTAVALENTE,7
85,Santa Margarita,1900-01-01,NEUMOCOCICA CONJUGADA,4
85,Santa Margarita,1900-01-01,TRIPLE VIRAL,10
85,Santa Margarita,1900-01-01,HEPATITIS A,3
85,Santa Margarita,1900-01-01,VARICELA,3
85,Santa Margarita,1900-01-01,MENINGOCOC.,7
85,Santa Margarita,1900-01-01,DPT,7
85,Santa Margarita,1900-01-01,DPT (a),1
85,Santa Margarita,1900-01-01,DOBLE BACTERIANA,4
85,Santa Margarita,1900-01-01,HPV,2
48,Dr. Jose de los Reyes Vidal,1900-01-01,HEPATITIS B,1
48,Dr. Jose de los Reyes Vidal,1900-01-01,SALK,11
48,Dr. Jose de los Reyes Vidal,1900-01-01,ROTAVIRUS,5
48,Dr. Jose de los Reyes Vidal,1900-01-01,PENTAVALENTE,12
48,Dr. Jose de los Reyes Vidal,1900-01-01,NEUMOCOCICA CONJUGADA,10
48,Dr. Jose de los Reyes Vidal,1900-01-01,TRIPLE VIRAL,8
48,Dr. Jose de los Reyes Vidal,1900-01-01,ANTI GRIPAL,3
48,Dr. Jose de los Reyes Vidal,1900-01-01,HEPATITIS A,5
48,Dr. Jose de los Reyes Vidal,1900-01-01,VARICELA,1
48,Dr. Jose de los Reyes Vidal,1900-01-01,DPT,2
48,Dr. Jose de los Reyes Vidal,1900-01-01,DPT (a),3
48,Dr. Jose de los Reyes Vidal,1900-01-01,DOBLE VIRAL,8
48,Dr. Jose de los Reyes Vidal,1900-01-01,HPV,2
42,Dr. Santiago Lorenzo,1900-01-01,HEPATITIS B,7
42,Dr. Santiago Lorenzo,1900-01-01,SALK,33
42,Dr. Santiago Lorenzo,1900-01-01,ROTAVIRUS,10
42,Dr. Santiago Lorenzo,1900-01-01,PENTAVALENTE,24
42,Dr. Santiago Lorenzo,1900-01-01,NEUMOCOCICA CONJUGADA,18
42,Dr. Santiago Lorenzo,1900-01-01,TRIPLE VIRAL,23
42,Dr. Santiago Lorenzo,1900-01-01,ANTI GRIPAL,12
42,Dr. Santiago Lorenzo,1900-01-01,HEPATITIS A,7
42,Dr. Santiago Lorenzo,1900-01-01,VARICELA,4
42,Dr. Santiago Lorenzo,1900-01-01,MENINGOCOC.,23
42,Dr. Santiago Lorenzo,1900-01-01,FIEBRE AMARILLA,8
42,Dr. Santiago Lorenzo,1900-01-01,DPT,18
42,Dr. Santiago Lorenzo,1900-01-01,DPT (a),18
42,Dr. Santiago Lorenzo,1900-01-01,DOBLE BACTERIANA,14
42,Dr. Santiago Lorenzo,1900-01-01,HPV,21
90,Sapucay,1900-01-01,SALK,7
90,Sapucay,1900-01-01,ROTAVIRUS,3
90,Sapucay,1900-01-01,PENTAVALENTE,5
90,Sapucay,1900-01-01,NEUMOCOCICA CONJUGADA,5
90,Sapucay,1900-01-01,TRIPLE VIRAL,7
90,Sapucay,1900-01-01,HEPATITIS A,22
90,Sapucay,1900-01-01,VARICELA,13
90,Sapucay,1900-01-01,MENINGOCOC.,7
90,Sapucay,1900-01-01,FIEBRE AMARILLA,3
90,Sapucay,1900-01-01,DPT,4
90,Sapucay,1900-01-01,DPT (a),26
90,Sapucay,1900-01-01,DOBLE BACTERIANA,9
90,Sapucay,1900-01-01,HPV,2
90,Sapucay,1900-01-01,NEUMOCOCICA NO CONJUGADA,6
10002,Dr. Semper,1900-01-01,HEPATITIS B,5
10002,Dr. Semper,1900-01-01,SALK,10
10002,Dr. Semper,1900-01-01,ROTAVIRUS,4
10002,Dr. Semper,1900-01-01,PENTAVALENTE,13
10002,Dr. Semper,1900-01-01,NEUMOCOCICA CONJUGADA,8
10002,Dr. Semper,1900-01-01,TRIPLE VIRAL,4
10002,Dr. Semper,1900-01-01,ANTI GRIPAL,6
10002,Dr. Semper,1900-01-01,HEPATITIS A,4
10002,Dr. Semper,1900-01-01,VARICELA,5
10002,Dr. Semper,1900-01-01,MENINGOCOC.,12
10002,Dr. Semper,1900-01-01,DPT,5
10002,Dr. Semper,1900-01-01,DPT (a),12
10002,Dr. Semper,1900-01-01,DOBLE BACTERIANA,16
10002,Dr. Semper,1900-01-01,HPV,9
71,Villa Chiquita,1900-01-01,HEPATITIS B,1
71,Villa Chiquita,1900-01-01,SALK,7
71,Villa Chiquita,1900-01-01,ROTAVIRUS,1
71,Villa Chiquita,1900-01-01,PENTAVALENTE,9
71,Villa Chiquita,1900-01-01,NEUMOCOCICA CONJUGADA,6
71,Villa Chiquita,1900-01-01,TRIPLE VIRAL,8
71,Villa Chiquita,1900-01-01,HEPATITIS A,5
71,Villa Chiquita,1900-01-01,MENINGOCOC.,11
71,Villa Chiquita,1900-01-01,FIEBRE AMARILLA,8
71,Villa Chiquita,1900-01-01,DPT,3
71,Villa Chiquita,1900-01-01,DPT (a),5
71,Villa Chiquita,1900-01-01,HPV,10
70,Villa Garcia,1900-01-01,HEPATITIS B,2
70,Villa Garcia,1900-01-01,SALK,12
70,Villa Garcia,1900-01-01,ROTAVIRUS,3
70,Villa Garcia,1900-01-01,PENTAVALENTE,9
70,Villa Garcia,1900-01-01,NEUMOCOCICA CONJUGADA,8
70,Villa Garcia,1900-01-01,TRIPLE VIRAL,9
70,Villa Garcia,1900-01-01,HEPATITIS A,3
70,Villa Garcia,1900-01-01,VARICELA,6
70,Villa Garcia,1900-01-01,MENINGOCOC.,11
70,Villa Garcia,1900-01-01,FIEBRE AMARILLA,2
70,Villa Garcia,1900-01-01,DPT,7
70,Villa Garcia,1900-01-01,DPT (a),5
70,Villa Garcia,1900-01-01,DOBLE BACTERIANA,11
70,Villa Garcia,1900-01-01,HPV,8
70,Villa Garcia,1900-01-01,NEUMOCOCICA NO CONJUGADA,1
51,Dr. Juan Chercoff,1900-01-01,PENTAVALENTE,4
51,Dr. Juan Chercoff,1900-01-01,VARICELA,3
51,Dr. Juan Chercoff,1900-01-01,MENINGOCOC.,3
51,Dr. Juan Chercoff,1900-01-01,DPT (a),2
51,Dr. Juan Chercoff,1900-01-01,HPV,2
58,Dr. Oscar Pirchi,1900-01-01,HEPATITIS B,2
58,Dr. Oscar Pirchi,1900-01-01,SALK,15
58,Dr. Oscar Pirchi,1900-01-01,ROTAVIRUS,5
58,Dr. Oscar Pirchi,1900-01-01,PENTAVALENTE,13
58,Dr. Oscar Pirchi,1900-01-01,NEUMOCOCICA CONJUGADA,16
58,Dr. Oscar Pirchi,1900-01-01,TRIPLE VIRAL,18
58,Dr. Oscar Pirchi,1900-01-01,ANTI GRIPAL,7
58,Dr. Oscar Pirchi,1900-01-01,HEPATITIS A,11
58,Dr. Oscar Pirchi,1900-01-01,VARICELA,5
58,Dr. Oscar Pirchi,1900-01-01,MENINGOCOC.,10
58,Dr. Oscar Pirchi,1900-01-01,DPT,4
58,Dr. Oscar Pirchi,1900-01-01,DPT (a),10
58,Dr. Oscar Pirchi,1900-01-01,DOBLE BACTERIANA,18
58,Dr. Oscar Pirchi,1900-01-01,HPV,8
89,Santa Marta,1900-01-01,SALK,1
89,Santa Marta,1900-01-01,ROTAVIRUS,1
89,Santa Marta,1900-01-01,PENTAVALENTE,2
89,Santa Marta,1900-01-01,TRIPLE VIRAL,1
89,Santa Marta,1900-01-01,ANTI GRIPAL,12
89,Santa Marta,1900-01-01,HEPATITIS A,1
89,Santa Marta,1900-01-01,DPT (a),3
89,Santa Marta,1900-01-01,HPV,1
89,Santa Marta,1900-01-01,NEUMOCOCICA NO CONJUGADA,25
37,Dr. Sussini,1900-01-01,HEPATITIS B,47
37,Dr. Sussini,1900-01-01,SALK,41
37,Dr. Sussini,1900-01-01,ROTAVIRUS,16
37,Dr. Sussini,1900-01-01,PENTAVALENTE,35
37,Dr. Sussini,1900-01-01,NEUMOCOCICA CONJUGADA,35
37,Dr. Sussini,1900-01-01,TRIPLE VIRAL,45
37,Dr. Sussini,1900-01-01,ANTI GRIPAL,22
37,Dr. Sussini,1900-01-01,HEPATITIS A,18
37,Dr. Sussini,1900-01-01,VARICELA,8
37,Dr. Sussini,1900-01-01,MENINGOCOC.,51
37,Dr. Sussini,1900-01-01,FIEBRE AMARILLA,13
37,Dr. Sussini,1900-01-01,DPT,22
37,Dr. Sussini,1900-01-01,DPT (a),32
37,Dr. Sussini,1900-01-01,DOBLE BACTERIANA,68
37,Dr. Sussini,1900-01-01,HPV,29
49,Dr. Benjamin Serrano,1900-01-01,SALK,8
49,Dr. Benjamin Serrano,1900-01-01,ROTAVIRUS,2
49,Dr. Benjamin Serrano,1900-01-01,PENTAVALENTE,4
49,Dr. Benjamin Serrano,1900-01-01,NEUMOCOCICA CONJUGADA,12
49,Dr. Benjamin Serrano,1900-01-01,TRIPLE VIRAL,12
49,Dr. Benjamin Serrano,1900-01-01,ANTI GRIPAL,46
49,Dr. Benjamin Serrano,1900-01-01,HEPATITIS A,7
49,Dr. Benjamin Serrano,1900-01-01,VARICELA,4
49,Dr. Benjamin Serrano,1900-01-01,MENINGOCOC.,15
49,Dr. Benjamin Serrano,1900-01-01,FIEBRE AMARILLA,8
49,Dr. Benjamin Serrano,1900-01-01,DPT,5
49,Dr. Benjamin Serrano,1900-01-01,DPT (a),10
49,Dr. Benjamin Serrano,1900-01-01,DOBLE BACTERIANA,8
49,Dr. Benjamin Serrano,1900-01-01,HPV,7
49,Dr. Benjamin Serrano,1900-01-01,NEUMOCOCICA NO CONJUGADA,4
91,Dr. Pedro Blugerman,1900-01-01,HEPATITIS B,4
91,Dr. Pedro Blugerman,1900-01-01,SALK,34
91,Dr. Pedro Blugerman,1900-01-01,PENTAVALENTE,27
91,Dr. Pedro Blugerman,1900-01-01,NEUMOCOCICA CONJUGADA,14
91,Dr. Pedro Blugerman,1900-01-01,TRIPLE VIRAL,20
91,Dr. Pedro Blugerman,1900-01-01,ANTI GRIPAL,150
91,Dr. Pedro Blugerman,1900-01-01,HEPATITIS A,3
91,Dr. Pedro Blugerman,1900-01-01,VARICELA,9
91,Dr. Pedro Blugerman,1900-01-01,MENINGOCOC.,14
91,Dr. Pedro Blugerman,1900-01-01,FIEBRE AMARILLA,5
91,Dr. Pedro Blugerman,1900-01-01,DPT,29
91,Dr. Pedro Blugerman,1900-01-01,DPT (a),22
91,Dr. Pedro Blugerman,1900-01-01,DOBLE BACTERIANA,15
91,Dr. Pedro Blugerman,1900-01-01,DOBLE VIRAL,15
91,Dr. Pedro Blugerman,1900-01-01,HPV,25
91,Dr. Pedro Blugerman,1900-01-01,NEUMOCOCICA NO CONJUGADA,19
45,Dr. Saul Calmanash,1900-01-01,SALK,14
45,Dr. Saul Calmanash,1900-01-01,ROTAVIRUS,4
45,Dr. Saul Calmanash,1900-01-01,PENTAVALENTE,14
45,Dr. Saul Calmanash,1900-01-01,NEUMOCOCICA CONJUGADA,11
45,Dr. Saul Calmanash,1900-01-01,TRIPLE VIRAL,11
45,Dr. Saul Calmanash,1900-01-01,ANTI GRIPAL,40
45,Dr. Saul Calmanash,1900-01-01,HEPATITIS A,5
45,Dr. Saul Calmanash,1900-01-01,MENINGOCOC.,8
45,Dr. Saul Calmanash,1900-01-01,DPT,5
45,Dr. Saul Calmanash,1900-01-01,DPT (a),12
45,Dr. Saul Calmanash,1900-01-01,HPV,7
34,Dr. Marcelino Vera,1900-01-01,HEPATITIS B,1
34,Dr. Marcelino Vera,1900-01-01,SALK,4
34,Dr. Marcelino Vera,1900-01-01,ROTAVIRUS,2
34,Dr. Marcelino Vera,1900-01-01,PENTAVALENTE,4
34,Dr. Marcelino Vera,1900-01-01,NEUMOCOCICA CONJUGADA,1
34,Dr. Marcelino Vera,1900-01-01,TRIPLE VIRAL,42
34,Dr. Marcelino Vera,1900-01-01,ANTI GRIPAL,1
34,Dr. Marcelino Vera,1900-01-01,VARICELA,3
34,Dr. Marcelino Vera,1900-01-01,MENINGOCOC.,3
34,Dr. Marcelino Vera,1900-01-01,DPT,3
34,Dr. Marcelino Vera,1900-01-01,DPT (a),3
34,Dr. Marcelino Vera,1900-01-01,DOBLE BACTERIANA,1
34,Dr. Marcelino Vera,1900-01-01,HPV,3
32,Dr. Manuel Cassuso,1900-01-01,HEPATITIS B,5
32,Dr. Manuel Cassuso,1900-01-01,SALK,8
32,Dr. Manuel Cassuso,1900-01-01,ROTAVIRUS,5
32,Dr. Manuel Cassuso,1900-01-01,PENTAVALENTE,8
32,Dr. Manuel Cassuso,1900-01-01,NEUMOCOCICA CONJUGADA,6
32,Dr. Manuel Cassuso,1900-01-01,TRIPLE VIRAL,4
32,Dr. Manuel Cassuso,1900-01-01,ANTI GRIPAL,6
32,Dr. Manuel Cassuso,1900-01-01,HEPATITIS A,2
32,Dr. Manuel Cassuso,1900-01-01,VARICELA,2
32,Dr. Manuel Cassuso,1900-01-01,MENINGOCOC.,7
32,Dr. Manuel Cassuso,1900-01-01,DPT,3
32,Dr. Manuel Cassuso,1900-01-01,DPT (a),5
32,Dr. Manuel Cassuso,1900-01-01,DOBLE BACTERIANA,13
32,Dr. Manuel Cassuso,1900-01-01,HPV,4
32,Dr. Manuel Cassuso,1900-01-01,NEUMOCOCICA NO CONJUGADA,1
54,Itati,1900-01-01,HEPATITIS B,9
54,Itati,1900-01-01,SALK,14
54,Itati,1900-01-01,ROTAVIRUS,9
54,Itati,1900-01-01,PENTAVALENTE,15
54,Itati,1900-01-01,NEUMOCOCICA CONJUGADA,21
54,Itati,1900-01-01,TRIPLE VIRAL,10
54,Itati,1900-01-01,ANTI GRIPAL,73
54,Itati,1900-01-01,HEPATITIS A,8
54,Itati,1900-01-01,VARICELA,4
54,Itati,1900-01-01,MENINGOCOC.,16
54,Itati,1900-01-01,DPT,2
54,Itati,1900-01-01,DPT (a),7
54,Itati,1900-01-01,HPV,11
54,Itati,1900-01-01,NEUMOCOCICA NO CONJUGADA,16
88,Dr. Lifschitz,1900-01-01,SALK,12
88,Dr. Lifschitz,1900-01-01,ROTAVIRUS,4
88,Dr. Lifschitz,1900-01-01,PENTAVALENTE,12
88,Dr. Lifschitz,1900-01-01,NEUMOCOCICA CONJUGADA,4
88,Dr. Lifschitz,1900-01-01,TRIPLE VIRAL,15
88,Dr. Lifschitz,1900-01-01,HEPATITIS A,4
88,Dr. Lifschitz,1900-01-01,MENINGOCOC.,10
88,Dr. Lifschitz,1900-01-01,FIEBRE AMARILLA,8
88,Dr. Lifschitz,1900-01-01,DPT (a),13
88,Dr. Lifschitz,1900-01-01,HPV,10
88,Dr. Lifschitz,1900-01-01,NEUMOCOCICA NO CONJUGADA,1
38,Dr. JC Benitez Suarez,1900-01-01,SALK,15
38,Dr. JC Benitez Suarez,1900-01-01,ROTAVIRUS,11
38,Dr. JC Benitez Suarez,1900-01-01,PENTAVALENTE,15
38,Dr. JC Benitez Suarez,1900-01-01,NEUMOCOCICA CONJUGADA,10
38,Dr. JC Benitez Suarez,1900-01-01,ANTI GRIPAL,55
38,Dr. JC Benitez Suarez,1900-01-01,HEPATITIS A,4
38,Dr. JC Benitez Suarez,1900-01-01,FIEBRE AMARILLA,10
38,Dr. JC Benitez Suarez,1900-01-01,DPT,10
38,Dr. JC Benitez Suarez,1900-01-01,DPT (a),6
38,Dr. JC Benitez Suarez,1900-01-01,DOBLE VIRAL,10
38,Dr. JC Benitez Suarez,1900-01-01,HPV,4
38,Dr. JC Benitez Suarez,1900-01-01,NEUMOCOCICA NO CONJUGADA,6
10000,Dr. Anibal Malvido,1900-01-01,HEPATITIS B,1
10000,Dr. Anibal Malvido,1900-01-01,SALK,15
10000,Dr. Anibal Malvido,1900-01-01,ROTAVIRUS,7
10000,Dr. Anibal Malvido,1900-01-01,PENTAVALENTE,13
10000,Dr. Anibal Malvido,1900-01-01,NEUMOCOCICA CONJUGADA,18
10000,Dr. Anibal Malvido,1900-01-01,TRIPLE VIRAL,9
10000,Dr. Anibal Malvido,1900-01-01,HEPATITIS A,38
10000,Dr. Anibal Malvido,1900-01-01,VARICELA,6
10000,Dr. Anibal Malvido,1900-01-01,MENINGOCOC.,6
10000,Dr. Anibal Malvido,1900-01-01,FIEBRE AMARILLA,18
10000,Dr. Anibal Malvido,1900-01-01,DPT,6
10000,Dr. Anibal Malvido,1900-01-01,DPT (a),3
10000,Dr. Anibal Malvido,1900-01-01,DOBLE BACTERIANA,3
10000,Dr. Anibal Malvido,1900-01-01,HPV,10
10000,Dr. Anibal Malvido,1900-01-01,NEUMOCOCICA NO CONJUGADA,4
41,Dr. Manuel Gonzalez,1900-01-01,HEPATITIS B,3
41,Dr. Manuel Gonzalez,1900-01-01,NEUMOCOCICA CONJUGADA,7
41,Dr. Manuel Gonzalez,1900-01-01,ANTI GRIPAL,29
41,Dr. Manuel Gonzalez,1900-01-01,TRIPLE VIRAL,1
41,Dr. Manuel Gonzalez,1900-01-01,MENINGOCOC.,1
41,Dr. Manuel Gonzalez,1900-01-01,HPV,2
34,Dr. Marcelino Vera,1900-01-01,NEUMOCOCICA CONJUGADA,2
34,Dr. Marcelino Vera,1900-01-01,TRIPLE VIRAL,1
34,Dr. Marcelino Vera,1900-01-01,ANTI GRIPAL,42
34,Dr. Marcelino Vera,1900-01-01,VARICELA,1
75,Dr. Mauricio Open,1900-01-01,HEPATITIS B,2
75,Dr. Mauricio Open,1900-01-01,SALK,5
75,Dr. Mauricio Open,1900-01-01,ROTAVIRUS,1
75,Dr. Mauricio Open,1900-01-01,PENTAVALENTE,6
75,Dr. Mauricio Open,1900-01-01,ANTI GRIPAL,27
75,Dr. Mauricio Open,1900-01-01,MENINGOCOC.,8
75,Dr. Mauricio Open,1900-01-01,FIEBRE AMARILLA,19
75,Dr. Mauricio Open,1900-01-01,DPT,6
75,Dr. Mauricio Open,1900-01-01,DPT (a),2
75,Dr. Mauricio Open,1900-01-01,DOBLE BACTERIANA,3
75,Dr. Mauricio Open,1900-01-01,MENINGOCOC.,7
51,Dr. Juan Chercoff,1900-01-01,PENTAVALENTE,3
51,Dr. Juan Chercoff,1900-01-01,NEUMOCOCICA CONJUGADA,10
51,Dr. Juan Chercoff,1900-01-01,ANTI GRIPAL,50
51,Dr. Juan Chercoff,1900-01-01,VARICELA,2
51,Dr. Juan Chercoff,1900-01-01,MENINGOCOC.,4
51,Dr. Juan Chercoff,1900-01-01,DPT (a),1
70,Villa Garcia,1900-01-01,HEPATITIS B,6
70,Villa Garcia,1900-01-01,SALK,15
70,Villa Garcia,1900-01-01,PENTAVALENTE,6
70,Villa Garcia,1900-01-01,TRIPLE VIRAL,14
70,Villa Garcia,1900-01-01,ANTI GRIPAL,50
70,Villa Garcia,1900-01-01,HEPATITIS A,1
70,Villa Garcia,1900-01-01,VARICELA,2
70,Villa Garcia,1900-01-01,MENINGOCOC.,14
70,Villa Garcia,1900-01-01,DPT,8
70,Villa Garcia,1900-01-01,DPT (a),10
70,Villa Garcia,1900-01-01,DOBLE BACTERIANA,8
70,Villa Garcia,1900-01-01,HPV,11
70,Villa Garcia,1900-01-01,NEUMOCOCICA NO CONJUGADA,2
71,Villa Chiquita,1900-01-01,HEPATITIS B,8
71,Villa Chiquita,1900-01-01,ROTAVIRUS,2
71,Villa Chiquita,1900-01-01,PENTAVALENTE,6
71,Villa Chiquita,1900-01-01,TRIPLE VIRAL,5
71,Villa Chiquita,1900-01-01,ANTI GRIPAL,42
71,Villa Chiquita,1900-01-01,HEPATITIS A,2
71,Villa Chiquita,1900-01-01,VARICELA,5
71,Villa Chiquita,1900-01-01,MENINGOCOC.,10
71,Villa Chiquita,1900-01-01,FIEBRE AMARILLA,4
71,Villa Chiquita,1900-01-01,DPT (a),6
71,Villa Chiquita,1900-01-01,HPV,7
71,Villa Chiquita,1900-01-01,NEUMO23,6
85,Santa Margarita,1900-01-01,SALK,4
85,Santa Margarita,1900-01-01,ROTAVIRUS,1
85,Santa Margarita,1900-01-01,PENTAVALENTE,2
85,Santa Margarita,1900-01-01,NEUMOCOCICA CONJUGADA,3
85,Santa Margarita,1900-01-01,TRIPLE VIRAL,3
85,Santa Margarita,1900-01-01,ANTI GRIPAL,30
85,Santa Margarita,1900-01-01,HEPATITIS A,2
85,Santa Margarita,1900-01-01,DPT,2
85,Santa Margarita,1900-01-01,DPT (a),3
85,Santa Margarita,1900-01-01,HPV,5
10002,Dr. Semper,1900-01-01,HEPATITIS B,6
10002,Dr. Semper,1900-01-01,PENTAVALENTE,5
10002,Dr. Semper,1900-01-01,NEUMOCOCICA CONJUGADA,4
10002,Dr. Semper,1900-01-01,TRIPLE VIRAL,7
10002,Dr. Semper,1900-01-01,ANTI GRIPAL,15
10002,Dr. Semper,1900-01-01,HEPATITIS A,1
10002,Dr. Semper,1900-01-01,VARICELA,3
10002,Dr. Semper,1900-01-01,MENINGOCOC.,3
10002,Dr. Semper,1900-01-01,DPT,2
10002,Dr. Semper,1900-01-01,DPT (a),11
10002,Dr. Semper,1900-01-01,HPV,5
62,Pujol,1900-01-01,HEPATITIS B,5
62,Pujol,1900-01-01,SALK,10
62,Pujol,1900-01-01,PENTAVALENTE,12
62,Pujol,1900-01-01,NEUMOCOCICA CONJUGADA,12
62,Pujol,1900-01-01,TRIPLE VIRAL,12
62,Pujol,1900-01-01,ANTI GRIPAL,29
62,Pujol,1900-01-01,HEPATITIS A,7
62,Pujol,1900-01-01,VARICELA,7
62,Pujol,1900-01-01,MENINGOCOC.,20
62,Pujol,1900-01-01,FIEBRE AMARILLA,9
62,Pujol,1900-01-01,DPT,4
62,Pujol,1900-01-01,DOBLE BACTERIANA,10
62,Pujol,1900-01-01,HPV,7
62,Pujol,1900-01-01,NEUMOCOCICA NO CONJUGADA,1
10001,Dr. Korimblum,1900-01-01,ROTAVIRUS,4
10001,Dr. Korimblum,1900-01-01,PENTAVALENTE,7
10001,Dr. Korimblum,1900-01-01,SABIN ORAL,8
10001,Dr. Korimblum,1900-01-01,TRIPLE VIRAL,8
10001,Dr. Korimblum,1900-01-01,ANTI GRIPAL,10
10001,Dr. Korimblum,1900-01-01,HEPATITIS B,3
10001,Dr. Korimblum,1900-01-01,VARICELA,3
10001,Dr. Korimblum,1900-01-01,MENINGOCOC.,5
10001,Dr. Korimblum,1900-01-01,DPT,4
10001,Dr. Korimblum,1900-01-01,DPT (a),3
10001,Dr. Korimblum,1900-01-01,DOBLE BACTERIANA,9
10001,Dr. Korimblum,1900-01-01,HPV,6
10001,Dr. Korimblum,1900-01-01,NEUMOCOCICA NO CONJUGADA,7
73,San Marcos,1900-01-01,SALK,17
73,San Marcos,1900-01-01,ROTAVIRUS,5
73,San Marcos,1900-01-01,NEUMOCOCICA CONJUGADA,21
73,San Marcos,1900-01-01,TRIPLE VIRAL,3
73,San Marcos,1900-01-01,ANTI GRIPAL,32
73,San Marcos,1900-01-01,HEPATITIS B,2
73,San Marcos,1900-01-01,MENINGOCOC.,7
73,San Marcos,1900-01-01,FIEBRE AMARILLA,8
73,San Marcos,1900-01-01,DPT,5
73,San Marcos,1900-01-01,DOBLE BACTERIANA,4
47,Dr. Guillermo Rawson,1900-01-01,HEPATITIS B,23
47,Dr. Guillermo Rawson,1900-01-01,SALK,32
47,Dr. Guillermo Rawson,1900-01-01,ROTAVIRUS,9
47,Dr. Guillermo Rawson,1900-01-01,PENTAVALENTE,18
47,Dr. Guillermo Rawson,1900-01-01,NEUMOCOCICA CONJUGADA,13
47,Dr. Guillermo Rawson,1900-01-01,TRIPLE VIRAL,21
47,Dr. Guillermo Rawson,1900-01-01,ANTI GRIPAL,46
47,Dr. Guillermo Rawson,1900-01-01,HEPATITIS A,4
47,Dr. Guillermo Rawson,1900-01-01,VARICELA,1
47,Dr. Guillermo Rawson,1900-01-01,MENINGOCOC.,22
47,Dr. Guillermo Rawson,1900-01-01,DPT,13
47,Dr. Guillermo Rawson,1900-01-01,DPT (a),22
47,Dr. Guillermo Rawson,1900-01-01,DOBLE BACTERIANA,33
47,Dr. Guillermo Rawson,1900-01-01,HPV,20
47,Dr. Guillermo Rawson,1900-01-01,NEUMOCOCICA NO CONJUGADA,2
69,Primera Junta,1900-01-01,HEPATITIS B,4
69,Primera Junta,1900-01-01,SALK,1
69,Primera Junta,1900-01-01,ROTAVIRUS,1
69,Primera Junta,1900-01-01,PENTAVALENTE,1
69,Primera Junta,1900-01-01,NEUMOCOCICA CONJUGADA,3
69,Primera Junta,1900-01-01,SABIN ORAL,1
69,Primera Junta,1900-01-01,TRIPLE VIRAL,20
69,Primera Junta,1900-01-01,ANTI GRIPAL,1
69,Primera Junta,1900-01-01,HEPATITIS A,4
69,Primera Junta,1900-01-01,MENINGOCOC.,3
69,Primera Junta,1900-01-01,DPT,4
69,Primera Junta,1900-01-01,DPT (a),5
69,Primera Junta,1900-01-01,DOBLE BACTERIANA,1
42,Dr. Santiago Lorenzo,1900-01-01,HEPATITIS B,6
42,Dr. Santiago Lorenzo,1900-01-01,SALK,23
42,Dr. Santiago Lorenzo,1900-01-01,ROTAVIRUS,5
42,Dr. Santiago Lorenzo,1900-01-01,PENTAVALENTE,19
42,Dr. Santiago Lorenzo,1900-01-01,NEUMOCOCICA CONJUGADA,15
42,Dr. Santiago Lorenzo,1900-01-01,TRIPLE VIRAL,20
42,Dr. Santiago Lorenzo,1900-01-01,ANTI GRIPAL,10
42,Dr. Santiago Lorenzo,1900-01-01,HEPATITIS A,8
42,Dr. Santiago Lorenzo,1900-01-01,VARICELA,10
42,Dr. Santiago Lorenzo,1900-01-01,MENINGOCOC.,24
42,Dr. Santiago Lorenzo,1900-01-01,FIEBRE AMARILLA,11
42,Dr. Santiago Lorenzo,1900-01-01,DPT,9
42,Dr. Santiago Lorenzo,1900-01-01,DPT (a),8
42,Dr. Santiago Lorenzo,1900-01-01,FIEBRE AMARILLA,12
42,Dr. Santiago Lorenzo,1900-01-01,ANTI GRIPAL,55
42,Dr. Santiago Lorenzo,1900-01-01,HPV,13
42,Dr. Santiago Lorenzo,1900-01-01,NEUMOCOCICA CONJUGADA,4
79,Quinta Ferre,1900-01-01,SALK,2
79,Quinta Ferre,1900-01-01,ROTAVIRUS,2
79,Quinta Ferre,1900-01-01,PENTAVALENTE,2
79,Quinta Ferre,1900-01-01,NEUMOCOCICA CONJUGADA,1
79,Quinta Ferre,1900-01-01,TRIPLE VIRAL,4
79,Quinta Ferre,1900-01-01,ANTI GRIPAL,3
79,Quinta Ferre,1900-01-01,HEPATITIS A,43
79,Quinta Ferre,1900-01-01,MENINGOCOC.,3
79,Quinta Ferre,1900-01-01,DPT (a),3
79,Quinta Ferre,1900-01-01,HPV,3
79,Quinta Ferre,1900-01-01,NEUMOCOCICA NO CONJUGADA,3
127,Santa Catalina,1900-01-01,HEPATITIS B,6
127,Santa Catalina,1900-01-01,SALK,11
127,Santa Catalina,1900-01-01,ROTAVIRUS,2
127,Santa Catalina,1900-01-01,PENTAVALENTE,6
127,Santa Catalina,1900-01-01,TRIPLE VIRAL,9
127,Santa Catalina,1900-01-01,ANTI GRIPAL,8
127,Santa Catalina,1900-01-01,HEPATITIS A,73
127,Santa Catalina,1900-01-01,VARICELA,1
127,Santa Catalina,1900-01-01,MENINGOCOC.,5
127,Santa Catalina,1900-01-01,FIEBRE AMARILLA,17
127,Santa Catalina,1900-01-01,DPT,6
127,Santa Catalina,1900-01-01,DPT (a),7
127,Santa Catalina,1900-01-01,DOBLE BACTERIANA,5
127,Santa Catalina,1900-01-01,HPV,6
127,Santa Catalina,1900-01-01,NEUMOCOCICA NO CONJUGADA,6
90,Sapucay,1900-01-01,HEPATITIS B,2
90,Sapucay,1900-01-01,SALK,6
90,Sapucay,1900-01-01,NEUMOCOCICA CONJUGADA,11
90,Sapucay,1900-01-01,TRIPLE VIRAL,3
90,Sapucay,1900-01-01,ANTI GRIPAL,38
90,Sapucay,1900-01-01,HEPATITIS A,3
90,Sapucay,1900-01-01,VARICELA,2
90,Sapucay,1900-01-01,MENINGOCOC.,8
90,Sapucay,1900-01-01,DPT (a),1
90,Sapucay,1900-01-01,DOBLE BACTERIANA,4
90,Sapucay,1900-01-01,NEUMOCOCICA NO CONJUGADA,11
89,Santa Marta,1900-01-01,HEPATITIS B,2
89,Santa Marta,1900-01-01,SALK,11
89,Santa Marta,1900-01-01,ROTAVIRUS,2
89,Santa Marta,1900-01-01,PENTAVALENTE,8
89,Santa Marta,1900-01-01,NEUMOCOCICA CONJUGADA,2
89,Santa Marta,1900-01-01,TRIPLE VIRAL,3
89,Santa Marta,1900-01-01,ANTI GRIPAL,10
89,Santa Marta,1900-01-01,FIEBRE AMARILLA,3
89,Santa Marta,1900-01-01,DPT (a),4
89,Santa Marta,1900-01-01,HPV,2
46,Rio Parana,1900-01-01,HEPATITIS B,2
46,Rio Parana,1900-01-01,SALK,26
46,Rio Parana,1900-01-01,ROTAVIRUS,11
46,Rio Parana,1900-01-01,PENTAVALENTE,22
46,Rio Parana,1900-01-01,NEUMOCOCICA CONJUGADA,18
46,Rio Parana,1900-01-01,TRIPLE VIRAL,15
46,Rio Parana,1900-01-01,ANTI GRIPAL,21
46,Rio Parana,1900-01-01,HEPATITIS A,5
46,Rio Parana,1900-01-01,VARICELA,8
46,Rio Parana,1900-01-01,MENINGOCOC.,17
46,Rio Parana,1900-01-01,DPT,10
46,Rio Parana,1900-01-01,DPT (a),11
46,Rio Parana,1900-01-01,DOBLE BACTERIANA,7
46,Rio Parana,1900-01-01,HPV,12
46,Rio Parana,1900-01-01,NEUMOCOCICA NO CONJUGADA,1
82,Dr. Miguel Rossi Candia,1900-01-01,HEPATITIS B,26
82,Dr. Miguel Rossi Candia,1900-01-01,SALK,23
82,Dr. Miguel Rossi Candia,1900-01-01,ROTAVIRUS,7
82,Dr. Miguel Rossi Candia,1900-01-01,PENTAVALENTE,18
82,Dr. Miguel Rossi Candia,1900-01-01,NEUMOCOCICA CONJUGADA,20
82,Dr. Miguel Rossi Candia,1900-01-01,TRIPLE VIRAL,17
82,Dr. Miguel Rossi Candia,1900-01-01,ANTI GRIPAL,10
82,Dr. Miguel Rossi Candia,1900-01-01,HEPATITIS A,8
82,Dr. Miguel Rossi Candia,1900-01-01,VARICELA,3
82,Dr. Miguel Rossi Candia,1900-01-01,MENINGOCOC.,21
82,Dr. Miguel Rossi Candia,1900-01-01,FIEBRE AMARILLA,8
82,Dr. Miguel Rossi Candia,1900-01-01,DPT,9
82,Dr. Miguel Rossi Candia,1900-01-01,DPT (a),20
82,Dr. Miguel Rossi Candia,1900-01-01,DOBLE BACTERIANA,25
82,Dr. Miguel Rossi Candia,1900-01-01,HPV,13
82,Dr. Miguel Rossi Candia,1900-01-01,NEUMOCOCICA NO CONJUGADA,12
82,Dr. Miguel Rossi Candia,1900-01-01,GRIPE A ,97
10004,Centro de distribucion de Vacunas,1900-01-01,SALK,30
10004,Centro de distribucion de Vacunas,1900-01-01,PENTAVALENTE,33
10004,Centro de distribucion de Vacunas,1900-01-01,ROTAVIRUS,9
10004,Centro de distribucion de Vacunas,1900-01-01,DPT,7
10004,Centro de distribucion de Vacunas,1900-01-01,DOBLE ADULTO,56
10004,Centro de distribucion de Vacunas,1900-01-01,TRIPLE VIRAL,12
10004,Centro de distribucion de Vacunas,1900-01-01,HEPATITIS A,2
10004,Centro de distribucion de Vacunas,1900-01-01,HEPATITIS B,47
10004,Centro de distribucion de Vacunas,1900-01-01,DPT (a),12
10004,Centro de distribucion de Vacunas,1900-01-01,ANTI AMARILLICA,6
10004,Centro de distribucion de Vacunas,1900-01-01,NEUMO 13 ,30
10004,Centro de distribucion de Vacunas,1900-01-01,NEUMO 23 ,31
10004,Centro de distribucion de Vacunas,1900-01-01,HPV,12
10004,Centro de distribucion de Vacunas,1900-01-01,ANTI GRIPAL,177
10004,Centro de distribucion de Vacunas,1900-01-01,ANTI GRIPAL PEDIATRICO ,15
10004,Centro de distribucion de Vacunas,1900-01-01,MENVEO ,29
10004,Centro de distribucion de Vacunas,1900-01-01,BEXSERRO ,3
10004,Centro de distribucion de Vacunas,1900-01-01,VARICELA,12
58,Dr. Oscar Pirchi,1900-01-01,HEPATITIS B,1
58,Dr. Oscar Pirchi,1900-01-01,SALK,19
58,Dr. Oscar Pirchi,1900-01-01,PENTAVALENTE,10
58,Dr. Oscar Pirchi,1900-01-01,NEUMOCOCICA CONJUGADA,10
58,Dr. Oscar Pirchi,1900-01-01,TRIPLE VIRAL,16
58,Dr. Oscar Pirchi,1900-01-01,ANTI GRIPAL,16
58,Dr. Oscar Pirchi,1900-01-01,HEPATITIS A,5
58,Dr. Oscar Pirchi,1900-01-01,VARICELA,3
58,Dr. Oscar Pirchi,1900-01-01,MENINGOCOC.,11
58,Dr. Oscar Pirchi,1900-01-01,FIEBRE AMARILLA,5
58,Dr. Oscar Pirchi,1900-01-01,DPT,11
58,Dr. Oscar Pirchi,1900-01-01,DPT (a),7
48,Dr. Jose de los Reyes Vidal,1900-01-01,HEPATITIS B,26
48,Dr. Jose de los Reyes Vidal,1900-01-01,SALK,23
48,Dr. Jose de los Reyes Vidal,1900-01-01,ROTAVIRUS,7
48,Dr. Jose de los Reyes Vidal,1900-01-01,PENTAVALENTE,18
48,Dr. Jose de los Reyes Vidal,1900-01-01,NEUMOCOCICA CONJUGADA,20
48,Dr. Jose de los Reyes Vidal,1900-01-01,TRIPLE VIRAL,17
48,Dr. Jose de los Reyes Vidal,1900-01-01,ANTI GRIPAL,10
48,Dr. Jose de los Reyes Vidal,1900-01-01,HEPATITIS A,8
48,Dr. Jose de los Reyes Vidal,1900-01-01,VARICELA,3
48,Dr. Jose de los Reyes Vidal,1900-01-01,MENINGOCOC.,21
48,Dr. Jose de los Reyes Vidal,1900-01-01,FIEBRE AMARILLA,8
48,Dr. Jose de los Reyes Vidal,1900-01-01,DPT,9
48,Dr. Jose de los Reyes Vidal,1900-01-01,DPT (a),20
48,Dr. Jose de los Reyes Vidal,1900-01-01,DOBLE BACTERIANA,25
48,Dr. Jose de los Reyes Vidal,1900-01-01,HPV,13
48,Dr. Jose de los Reyes Vidal,1900-01-01,NEUMOCOCICA NO CONJUGADA,12
48,Dr. Jose de los Reyes Vidal,1900-01-01,GRIPE A,97
76,Dr. Romilio Monzón,1900-01-01,SALK,11
76,Dr. Romilio Monzón,1900-01-01,ROTAVIRUS,6
76,Dr. Romilio Monzón,1900-01-01,PENTAVALENTE,17
76,Dr. Romilio Monzón,1900-01-01,NEUMOCOCICA CONJUGADA,18
76,Dr. Romilio Monzón,1900-01-01,TRIPLE VIRAL,11
76,Dr. Romilio Monzón,1900-01-01,ANTI GRIPAL,115
76,Dr. Romilio Monzón,1900-01-01,HEPATITIS A,6
76,Dr. Romilio Monzón,1900-01-01,VARICELA,5
76,Dr. Romilio Monzón,1900-01-01,MENINGOCOC.,19
76,Dr. Romilio Monzón,1900-01-01,DPT,3
76,Dr. Romilio Monzón,1900-01-01,DPT (a),12
76,Dr. Romilio Monzón,1900-01-01,DOBLE BACTERIANA,7
76,Dr. Romilio Monzón,1900-01-01,HPV,12
36,Esperanza,1900-01-01,HEPATITIS B,2
36,Esperanza,1900-01-01,SALK,22
36,Esperanza,1900-01-01,ROTAVIRUS,7
36,Esperanza,1900-01-01,PENTAVALENTE,25
36,Esperanza,1900-01-01,NEUMOCOCICA CONJUGADA,25
36,Esperanza,1900-01-01,ANTI GRIPAL,132
36,Esperanza,1900-01-01,HEPATITIS A,6
36,Esperanza,1900-01-01,VARICELA,12
36,Esperanza,1900-01-01,MENINGOCOC.,26
36,Esperanza,1900-01-01,FIEBRE AMARILLA,12
36,Esperanza,1900-01-01,DPT,5
36,Esperanza,1900-01-01,DPT (a),9
36,Esperanza,1900-01-01,HPV,17
36,Esperanza,1900-01-01,NEUMOCOCICA NO CONJUGADA,2
54,Itati,1900-01-01,HEPATITIS B,12
54,Itati,1900-01-01,SALK,19
54,Itati,1900-01-01,ROTAVIRUS,8
54,Itati,1900-01-01,PENTAVALENTE,18
54,Itati,1900-01-01,NEUMOCOCICA CONJUGADA,23
54,Itati,1900-01-01,ANTI GRIPAL,185
54,Itati,1900-01-01,HEPATITIS A,5
54,Itati,1900-01-01,VARICELA,3
54,Itati,1900-01-01,MENINGOCOC.,19
54,Itati,1900-01-01,DPT,5
54,Itati,1900-01-01,HPV,8
54,Itati,1900-01-01,DOBLE VIRAL,11
10001,Dr. Korimblum,1900-01-01,PENTAVALENTE,2
10001,Dr. Korimblum,1900-01-01,SABIN ORAL,1
10001,Dr. Korimblum,1900-01-01,TRIPLE VIRAL,2
10001,Dr. Korimblum,1900-01-01,HEPATITIS A,1
10001,Dr. Korimblum,1900-01-01,MENINGOCOC.,4
10001,Dr. Korimblum,1900-01-01,DPT,1
88,Dr. Lifschitz,1900-01-01,HEPATITIS B,4
88,Dr. Lifschitz,1900-01-01,SALK,8
88,Dr. Lifschitz,1900-01-01,ROTAVIRUS,2
88,Dr. Lifschitz,1900-01-01,PENTAVALENTE,5
88,Dr. Lifschitz,1900-01-01,NEUMOCOCICA CONJUGADA,5
88,Dr. Lifschitz,1900-01-01,TRIPLE VIRAL,8
88,Dr. Lifschitz,1900-01-01,ANTI GRIPAL,60
88,Dr. Lifschitz,1900-01-01,HEPATITIS A,1
88,Dr. Lifschitz,1900-01-01,MENINGOCOC.,7
88,Dr. Lifschitz,1900-01-01,DPT,7
88,Dr. Lifschitz,1900-01-01,DPT (a),7
88,Dr. Lifschitz,1900-01-01,DOBLE BACTERIANA,4
88,Dr. Lifschitz,1900-01-01,HPV,8
88,Dr. Lifschitz,1900-01-01,NEUMOCOCICA NO CONJUGADA,4
49,Dr. Benjamin Serrano,1900-01-01,HEPATITIS B,1
49,Dr. Benjamin Serrano,1900-01-01,PENTAVALENTE,15
49,Dr. Benjamin Serrano,1900-01-01,NEUMOCOCICA CONJUGADA,9
49,Dr. Benjamin Serrano,1900-01-01,TRIPLE VIRAL,8
49,Dr. Benjamin Serrano,1900-01-01,ANTI GRIPAL,72
49,Dr. Benjamin Serrano,1900-01-01,HEPATITIS A,4
49,Dr. Benjamin Serrano,1900-01-01,VARICELA,5
49,Dr. Benjamin Serrano,1900-01-01,MENINGOCOC.,8
49,Dr. Benjamin Serrano,1900-01-01,HPV,1
91,Dr. Pedro Blugerman,1900-01-01,HEPATITIS B,5
91,Dr. Pedro Blugerman,1900-01-01,SALK,10
91,Dr. Pedro Blugerman,1900-01-01,ROTAVIRUS,11
91,Dr. Pedro Blugerman,1900-01-01,PENTAVALENTE,9
91,Dr. Pedro Blugerman,1900-01-01,NEUMOCOCICA CONJUGADA,17
91,Dr. Pedro Blugerman,1900-01-01,TRIPLE VIRAL,19
91,Dr. Pedro Blugerman,1900-01-01,ANTI GRIPAL,158
91,Dr. Pedro Blugerman,1900-01-01,VARICELA,7
91,Dr. Pedro Blugerman,1900-01-01,MENINGOCOC.,5
91,Dr. Pedro Blugerman,1900-01-01,FIEBRE AMARILLA,15
91,Dr. Pedro Blugerman,1900-01-01,DPT,7
91,Dr. Pedro Blugerman,1900-01-01,DPT (a),11
91,Dr. Pedro Blugerman,1900-01-01,DOBLE BACTERIANA,10
91,Dr. Pedro Blugerman,1900-01-01,DOBLE VIRAL,19
91,Dr. Pedro Blugerman,1900-01-01,HPV,10
45,Dr. Saul Calmanash,1900-01-01,PENTAVALENTE,2
45,Dr. Saul Calmanash,1900-01-01,ANTI GRIPAL,70
45,Dr. Saul Calmanash,1900-01-01,DPT,2
45,Dr. Saul Calmanash,1900-01-01,DPT (a),6
45,Dr. Saul Calmanash,1900-01-01,HPV,40
45,Dr. Saul Calmanash,1900-01-01,NEUMOCOCICA NO CONJUGADA,5
32,Dr. Manuel Cassuso,1900-01-01,HEPATITIS B,2
32,Dr. Manuel Cassuso,1900-01-01,ROTAVIRUS,9
32,Dr. Manuel Cassuso,1900-01-01,PENTAVALENTE,14
32,Dr. Manuel Cassuso,1900-01-01,NEUMOCOCICA CONJUGADA,15
32,Dr. Manuel Cassuso,1900-01-01,TRIPLE VIRAL,1
32,Dr. Manuel Cassuso,1900-01-01,ANTI GRIPAL,42
32,Dr. Manuel Cassuso,1900-01-01,HEPATITIS A,6
32,Dr. Manuel Cassuso,1900-01-01,FIEBRE AMARILLA,1
32,Dr. Manuel Cassuso,1900-01-01,DPT,7
32,Dr. Manuel Cassuso,1900-01-01,DPT (a),11
32,Dr. Manuel Cassuso,1900-01-01,DOBLE BACTERIANA,4
32,Dr. Manuel Cassuso,1900-01-01,HPV,12
48,Dr. Jose de los Reyes Vidal,1900-01-01,HEPATITIS B,3
48,Dr. Jose de los Reyes Vidal,1900-01-01,SALK,10
48,Dr. Jose de los Reyes Vidal,1900-01-01,ROTAVIRUS,3
48,Dr. Jose de los Reyes Vidal,1900-01-01,PENTAVALENTE,7
48,Dr. Jose de los Reyes Vidal,1900-01-01,NEUMOCOCICA CONJUGADA,8
48,Dr. Jose de los Reyes Vidal,1900-01-01,TRIPLE VIRAL,7
48,Dr. Jose de los Reyes Vidal,1900-01-01,ANTI GRIPAL,30
48,Dr. Jose de los Reyes Vidal,1900-01-01,HEPATITIS A,2
48,Dr. Jose de los Reyes Vidal,1900-01-01,MENINGOCOC.,11
48,Dr. Jose de los Reyes Vidal,1900-01-01,DPT,5
48,Dr. Jose de los Reyes Vidal,1900-01-01,ANTI GRIPAL,6
48,Dr. Jose de los Reyes Vidal,1900-01-01,HPV,6
48,Dr. Jose de los Reyes Vidal,1900-01-01,NEUMOCOCICA NO CONJUGADA,25
51,Dr. Juan Chercoff,1900-01-01,HEPATITIS B,1
51,Dr. Juan Chercoff,1900-01-01,ANTI GRIPAL,40
51,Dr. Juan Chercoff,1900-01-01,HPV,1
73,San Marcos,1900-01-01,HEPATITIS B,1
73,San Marcos,1900-01-01,ROTAVIRUS,4
73,San Marcos,1900-01-01,PENTAVALENTE,15
73,San Marcos,1900-01-01,NEUMOCOCICA CONJUGADA,17
73,San Marcos,1900-01-01,TRIPLE VIRAL,11
73,San Marcos,1900-01-01,ANTI GRIPAL,96
73,San Marcos,1900-01-01,HEPATITIS A,3
73,San Marcos,1900-01-01,VARICELA,7
73,San Marcos,1900-01-01,MENINGOCOC.,10
73,San Marcos,1900-01-01,DPT,6
73,San Marcos,1900-01-01,DPT (a),8
73,San Marcos,1900-01-01,DOBLE BACTERIANA,3
73,San Marcos,1900-01-01,HPV,10
73,San Marcos,1900-01-01,NEUMOCOCICA NO CONJUGADA,5
38,Dr. JC Benitez Suarez,1900-01-01,HEPATITIS B,10
38,Dr. JC Benitez Suarez,1900-01-01,ROTAVIRUS,8
38,Dr. JC Benitez Suarez,1900-01-01,PENTAVALENTE,5
38,Dr. JC Benitez Suarez,1900-01-01,NEUMOCOCICA CONJUGADA,8
38,Dr. JC Benitez Suarez,1900-01-01,TRIPLE VIRAL,4
38,Dr. JC Benitez Suarez,1900-01-01,ANTI GRIPAL,5
38,Dr. JC Benitez Suarez,1900-01-01,FIEBRE AMARILLA,6
38,Dr. JC Benitez Suarez,1900-01-01,DPT (a),10
38,Dr. JC Benitez Suarez,1900-01-01,DOBLE VIRAL,4
38,Dr. JC Benitez Suarez,1900-01-01,HPV,20
38,Dr. JC Benitez Suarez,1900-01-01,NEUMOCOCICA NO CONJUGADA,3
38,Dr. JC Benitez Suarez,1900-01-01,MENACTRA,4
10000,Dr. Anibal Malvido,1900-01-01,HEPATITIS B,4
10000,Dr. Anibal Malvido,1900-01-01,SALK,27
10000,Dr. Anibal Malvido,1900-01-01,ROTAVIRUS,5
10000,Dr. Anibal Malvido,1900-01-01,NEUMOCOCICA CONJUGADA,14
10000,Dr. Anibal Malvido,1900-01-01,TRIPLE VIRAL,30
10000,Dr. Anibal Malvido,1900-01-01,ANTI GRIPAL,110
10000,Dr. Anibal Malvido,1900-01-01,HEPATITIS A,8
10000,Dr. Anibal Malvido,1900-01-01,VARICELA,7
10000,Dr. Anibal Malvido,1900-01-01,MENINGOCOC.,13
10000,Dr. Anibal Malvido,1900-01-01,FIEBRE AMARILLA,8
10000,Dr. Anibal Malvido,1900-01-01,DPT,22
10000,Dr. Anibal Malvido,1900-01-01,DPT (a),5
10000,Dr. Anibal Malvido,1900-01-01,DOBLE BACTERIANA,8
10000,Dr. Anibal Malvido,1900-01-01,HPV,2
10000,Dr. Anibal Malvido,1900-01-01,NEUMOCOCICA NO CONJUGADA,9
41,Dr. Manuel Gonzalez,1900-01-01,SALK,3
41,Dr. Manuel Gonzalez,1900-01-01,PENTAVALENTE,2
41,Dr. Manuel Gonzalez,1900-01-01,NEUMOCOCICA CONJUGADA,4
41,Dr. Manuel Gonzalez,1900-01-01,TRIPLE VIRAL,10
41,Dr. Manuel Gonzalez,1900-01-01,ANTI GRIPAL,1
41,Dr. Manuel Gonzalez,1900-01-01,HEPATITIS A,45
41,Dr. Manuel Gonzalez,1900-01-01,MENINGOCOC.,3
41,Dr. Manuel Gonzalez,1900-01-01,HPV,3
41,Dr. Manuel Gonzalez,1900-01-01,NEUMOCOCICA NO CONJUGADA,2
41,Dr. Manuel Gonzalez,1900-01-01,DOBLE VIRAL,10
75,Dr. Mauricio Open,1900-01-01,SALK,7
75,Dr. Mauricio Open,1900-01-01,ROTAVIRUS,3
75,Dr. Mauricio Open,1900-01-01,PENTAVALENTE,8
75,Dr. Mauricio Open,1900-01-01,NEUMOCOCICA CONJUGADA,17
75,Dr. Mauricio Open,1900-01-01,NEUMO 23,5
75,Dr. Mauricio Open,1900-01-01,TRIPLE VIRAL,4
75,Dr. Mauricio Open,1900-01-01,ANTI GRIPAL,137
75,Dr. Mauricio Open,1900-01-01,HEPATITIS A,2
75,Dr. Mauricio Open,1900-01-01,MENINGOCOC.,13
75,Dr. Mauricio Open,1900-01-01,DPT,3
75,Dr. Mauricio Open,1900-01-01,DPT (a),9
75,Dr. Mauricio Open,1900-01-01,HPV,9
69,Primera Junta,1900-01-01,SALK,4
69,Primera Junta,1900-01-01,ROTAVIRUS,2
69,Primera Junta,1900-01-01,PENTAVALENTE,3
69,Primera Junta,1900-01-01,NEUMOCOCICA CONJUGADA,2
69,Primera Junta,1900-01-01,SABIN ORAL,2
69,Primera Junta,1900-01-01,TRIPLE VIRAL,29
69,Primera Junta,1900-01-01,DPT,6
69,Primera Junta,1900-01-01,DPT (a),4
69,Primera Junta,1900-01-01,DOBLE BACTERIANA,4
69,Primera Junta,1900-01-01,DOBLE VIRAL,2
69,Primera Junta,1900-01-01,HPV,3
85,Santa Margarita,1900-01-01,SALK,6
85,Santa Margarita,1900-01-01,PENTAVALENTE,6
85,Santa Margarita,1900-01-01,NEUMOCOCICA CONJUGADA,7
85,Santa Margarita,1900-01-01,TRIPLE VIRAL,5
85,Santa Margarita,1900-01-01,ANTI GRIPAL,86
85,Santa Margarita,1900-01-01,VARICELA,1
85,Santa Margarita,1900-01-01,MENINGOCOC.,5
85,Santa Margarita,1900-01-01,DPT,3
85,Santa Margarita,1900-01-01,DPT (a),2
85,Santa Margarita,1900-01-01,NEUMOCOCICA NO CONJUGADA,1
70,Villa Garcia,1900-01-01,HEPATITIS B,4
70,Villa Garcia,1900-01-01,SALK,13
70,Villa Garcia,1900-01-01,ROTAVIRUS,5
70,Villa Garcia,1900-01-01,PENTAVALENTE,10
70,Villa Garcia,1900-01-01,NEUMOCOCICA CONJUGADA,17
70,Villa Garcia,1900-01-01,TRIPLE VIRAL,5
70,Villa Garcia,1900-01-01,ANTI GRIPAL,143
70,Villa Garcia,1900-01-01,VARICELA,5
70,Villa Garcia,1900-01-01,MENINGOCOC.,12
70,Villa Garcia,1900-01-01,FIEBRE AMARILLA,4
70,Villa Garcia,1900-01-01,DPT,5
70,Villa Garcia,1900-01-01,DOBLE BACTERIANA,7
70,Villa Garcia,1900-01-01,HPV,2
70,Villa Garcia,1900-01-01,NEUMOCOCICA CONJUGADA,7
42,Dr. Santiago Lorenzo,1900-01-01,HEPATITIS B,4
42,Dr. Santiago Lorenzo,1900-01-01,SALK,24
42,Dr. Santiago Lorenzo,1900-01-01,ROTAVIRUS,13
42,Dr. Santiago Lorenzo,1900-01-01,NEUMOCOCICA CONJUGADA,17
42,Dr. Santiago Lorenzo,1900-01-01,SABIN ORAL,24
42,Dr. Santiago Lorenzo,1900-01-01,TRIPLE VIRAL,7
42,Dr. Santiago Lorenzo,1900-01-01,ANTI GRIPAL,161
42,Dr. Santiago Lorenzo,1900-01-01,HEPATITIS A,4
42,Dr. Santiago Lorenzo,1900-01-01,VARICELA,5
42,Dr. Santiago Lorenzo,1900-01-01,MENINGOCOC.,30
42,Dr. Santiago Lorenzo,1900-01-01,DPT,5
42,Dr. Santiago Lorenzo,1900-01-01,DPT (a),13
42,Dr. Santiago Lorenzo,1900-01-01,DOBLE BACTERIANA,8
42,Dr. Santiago Lorenzo,1900-01-01,HPV,16
42,Dr. Santiago Lorenzo,1900-01-01,NEUMOCOCICA NO CONJUGADA,14
10002,Dr. Semper,1900-01-01,SALK,7
10002,Dr. Semper,1900-01-01,ROTAVIRUS,2
10002,Dr. Semper,1900-01-01,NEUMOCOCICA CONJUGADA,5
10002,Dr. Semper,1900-01-01,TRIPLE VIRAL,12
10002,Dr. Semper,1900-01-01,ANTI GRIPAL,127
10002,Dr. Semper,1900-01-01,VARICELA,4
10002,Dr. Semper,1900-01-01,MENINGOCOC.,8
10002,Dr. Semper,1900-01-01,DPT,6
10002,Dr. Semper,1900-01-01,DPT (a),7
10002,Dr. Semper,1900-01-01,DOBLE BACTERIANA,7
10002,Dr. Semper,1900-01-01,HPV,6
10002,Dr. Semper,1900-01-01,NEUMOCOCICA NO CONJUGADA,4
62,Pujol,1900-01-01,SALK,8
62,Pujol,1900-01-01,NEUMOCOCICA CONJUGADA,8
62,Pujol,1900-01-01,TRIPLE VIRAL,4
62,Pujol,1900-01-01,ANTI GRIPAL,100
62,Pujol,1900-01-01,MENINGOCOC.,7
62,Pujol,1900-01-01,DPT,2
62,Pujol,1900-01-01,DPT (a),2
62,Pujol,1900-01-01,DOBLE BACTERIANA,6
62,Pujol,1900-01-01,HPV,4
62,Pujol,1900-01-01,NEUMOCOCICA NO CONJUGADA,5
34,Dr. Marcelino Vera,1900-01-01,SALK,1
34,Dr. Marcelino Vera,1900-01-01,TRIPLE VIRAL,3
34,Dr. Marcelino Vera,1900-01-01,ANTI GRIPAL,107
34,Dr. Marcelino Vera,1900-01-01,HEPATITIS A,2
34,Dr. Marcelino Vera,1900-01-01,MENINGOCOC.,2
34,Dr. Marcelino Vera,1900-01-01,DPT (a),2
34,Dr. Marcelino Vera,1900-01-01,HPV,2
34,Dr. Marcelino Vera,1900-01-01,NEUMOCOCICA NO CONJUGADA,6
79,Quinta Ferre,1900-01-01,SALK,11
79,Quinta Ferre,1900-01-01,PENTAVALENTE,4
79,Quinta Ferre,1900-01-01,NEUMOCOCICA CONJUGADA,5
79,Quinta Ferre,1900-01-01,TRIPLE VIRAL,5
79,Quinta Ferre,1900-01-01,ANTI GRIPAL,86
79,Quinta Ferre,1900-01-01,HEPATITIS A,8
79,Quinta Ferre,1900-01-01,DPT,6
79,Quinta Ferre,1900-01-01,DOBLE BACTERIANA,8
47,Dr. Guillermo Rawson,1900-01-01,HEPATITIS B,4
47,Dr. Guillermo Rawson,1900-01-01,SALK,20
47,Dr. Guillermo Rawson,1900-01-01,ROTAVIRUS,3
47,Dr. Guillermo Rawson,1900-01-01,PENTAVALENTE,11
47,Dr. Guillermo Rawson,1900-01-01,NEUMOCOCICA CONJUGADA,10
47,Dr. Guillermo Rawson,1900-01-01,TRIPLE VIRAL,13
47,Dr. Guillermo Rawson,1900-01-01,ANTI GRIPAL,182
47,Dr. Guillermo Rawson,1900-01-01,HEPATITIS A,1
47,Dr. Guillermo Rawson,1900-01-01,VARICELA,3
47,Dr. Guillermo Rawson,1900-01-01,MENINGOCOC.,13
47,Dr. Guillermo Rawson,1900-01-01,DPT,11
47,Dr. Guillermo Rawson,1900-01-01,DPT (a),12
47,Dr. Guillermo Rawson,1900-01-01,DOBLE BACTERIANA,15
47,Dr. Guillermo Rawson,1900-01-01,HPV,11
46,Rio Parana,1900-01-01,SALK,23
46,Rio Parana,1900-01-01,PENTAVALENTE,19
46,Rio Parana,1900-01-01,NEUMOCOCICA CONJUGADA,17
46,Rio Parana,1900-01-01,TRIPLE VIRAL,11
46,Rio Parana,1900-01-01,ANTI GRIPAL,84
46,Rio Parana,1900-01-01,VARICELA,4
46,Rio Parana,1900-01-01,FIEBRE AMARILLA,10
46,Rio Parana,1900-01-01,DPT,9
46,Rio Parana,1900-01-01,DPT (a),7
46,Rio Parana,1900-01-01,DOBLE BACTERIANA,8
46,Rio Parana,1900-01-01,HPV,9
90,Sapucay,1900-01-01,HEPATITIS B,1
90,Sapucay,1900-01-01,PENTAVALENTE,7
90,Sapucay,1900-01-01,NEUMOCOCICA CONJUGADA,18
90,Sapucay,1900-01-01,TRIPLE VIRAL,2
90,Sapucay,1900-01-01,ANTI GRIPAL,162
90,Sapucay,1900-01-01,HEPATITIS A,2
90,Sapucay,1900-01-01,MENINGOCOC.,4
90,Sapucay,1900-01-01,DOBLE BACTERIANA,3
90,Sapucay,1900-01-01,NEUMOCOCICA NO CONJUGADA,7
127,Santa Catalina,1900-01-01,HEPATITIS B,11
127,Santa Catalina,1900-01-01,SALK,8
127,Santa Catalina,1900-01-01,NEUMOCOCICA CONJUGADA,27
127,Santa Catalina,1900-01-01,TRIPLE VIRAL,5
127,Santa Catalina,1900-01-01,ANTI GRIPAL,118
127,Santa Catalina,1900-01-01,HEPATITIS A,2
127,Santa Catalina,1900-01-01,VARICELA,2
127,Santa Catalina,1900-01-01,MENINGOCOC.,13
127,Santa Catalina,1900-01-01,DPT,2
127,Santa Catalina,1900-01-01,DPT (a),8
127,Santa Catalina,1900-01-01,DOBLE BACTERIANA,6
127,Santa Catalina,1900-01-01,HPV,17
127,Santa Catalina,1900-01-01,NEUMOCOCICA NO CONJUGADA,4
82,Dr. Miguel Rossi Candia,1900-01-01,HEPATITIS B,17
82,Dr. Miguel Rossi Candia,1900-01-01,SALK,22
82,Dr. Miguel Rossi Candia,1900-01-01,ROTAVIRUS,9
82,Dr. Miguel Rossi Candia,1900-01-01,PENTAVALENTE,27
82,Dr. Miguel Rossi Candia,1900-01-01,NEUMOCOCICA CONJUGADA,43
82,Dr. Miguel Rossi Candia,1900-01-01,TRIPLE VIRAL,12
82,Dr. Miguel Rossi Candia,1900-01-01,ANTI GRIPAL,35
82,Dr. Miguel Rossi Candia,1900-01-01,HEPATITIS A,5
82,Dr. Miguel Rossi Candia,1900-01-01,VARICELA,8
82,Dr. Miguel Rossi Candia,1900-01-01,MENINGOCOC.,27
82,Dr. Miguel Rossi Candia,1900-01-01,FIEBRE AMARILLA,2
82,Dr. Miguel Rossi Candia,1900-01-01,DPT,5
82,Dr. Miguel Rossi Candia,1900-01-01,DPT (a),11
82,Dr. Miguel Rossi Candia,1900-01-01,DTA,11
82,Dr. Miguel Rossi Candia,1900-01-01,HPV,9
58,Dr. Oscar Pirchi,1900-01-01,HEPATITIS B,3
58,Dr. Oscar Pirchi,1900-01-01,SALK,20
58,Dr. Oscar Pirchi,1900-01-01,ROTAVIRUS,8
58,Dr. Oscar Pirchi,1900-01-01,NEUMOCOCICA CONJUGADA,24
58,Dr. Oscar Pirchi,1900-01-01,TRIPLE VIRAL,11
58,Dr. Oscar Pirchi,1900-01-01,ANTI GRIPAL,74
58,Dr. Oscar Pirchi,1900-01-01,HEPATITIS A,2
58,Dr. Oscar Pirchi,1900-01-01,MENINGOCOC.,16
58,Dr. Oscar Pirchi,1900-01-01,FIEBRE AMARILLA,4
58,Dr. Oscar Pirchi,1900-01-01,DPT,9
58,Dr. Oscar Pirchi,1900-01-01,DPT (a),11
58,Dr. Oscar Pirchi,1900-01-01,DOBLE BACTERIANA,11
58,Dr. Oscar Pirchi,1900-01-01,HPV,12
58,Dr. Oscar Pirchi,1900-01-01,NEUMOCOCICA NO CONJUGADA,3
89,Santa Marta,1900-01-01,BCG,2
89,Santa Marta,1900-01-01,HEPATITIS B,5
89,Santa Marta,1900-01-01,SALK,3
89,Santa Marta,1900-01-01,ROTAVIRUS,5
89,Santa Marta,1900-01-01,PENTAVALENTE,3
89,Santa Marta,1900-01-01,TRIPLE VIRAL,20
89,Santa Marta,1900-01-01,ANTI GRIPAL,2
89,Santa Marta,1900-01-01,VARICELA,7
89,Santa Marta,1900-01-01,MENINGOCOC.,4
89,Santa Marta,1900-01-01,HPV,6
89,Santa Marta,1900-01-01,NEUMOCOCICA NO CONJUGADA,6
38,Dr. JC Benitez Suarez,2021-06-01,SALK,2
38,Dr. JC Benitez Suarez,2021-06-01,ROTAVIRUS,9
38,Dr. JC Benitez Suarez,2021-06-01,PENTAVALENTE,13
38,Dr. JC Benitez Suarez,2021-06-01,NEUMOCOCICA CONJUGADA,2
38,Dr. JC Benitez Suarez,2021-06-01,TRIPLE VIRAL,3
38,Dr. JC Benitez Suarez,2021-06-01,ANTI GRIPAL,44
38,Dr. JC Benitez Suarez,2021-06-01,HEPATITIS A,1
38,Dr. JC Benitez Suarez,2021-06-01,VARICELA,1
38,Dr. JC Benitez Suarez,2021-06-01,MENINGOCOC.,9
38,Dr. JC Benitez Suarez,2021-06-01,DPT,3
38,Dr. JC Benitez Suarez,2021-06-01,DPT (a),4
38,Dr. JC Benitez Suarez,2021-06-01,DOBLE VIRAL,2
38,Dr. JC Benitez Suarez,2021-06-01,HPV,3
49,Dr. Benjamin Serrano,2021-06-01,HEPATITIS B,4
49,Dr. Benjamin Serrano,2021-06-01,SALK,17
49,Dr. Benjamin Serrano,2021-06-01,ROTAVIRUS,10
49,Dr. Benjamin Serrano,2021-06-01,PENTAVALENTE,18
49,Dr. Benjamin Serrano,2021-06-01,NEUMOCOCICA CONJUGADA,26
49,Dr. Benjamin Serrano,2021-06-01,TRIPLE VIRAL,11
49,Dr. Benjamin Serrano,2021-06-01,ANTI GRIPAL,96
49,Dr. Benjamin Serrano,2021-06-01,HEPATITIS A,3
49,Dr. Benjamin Serrano,2021-06-01,VARICELA,8
49,Dr. Benjamin Serrano,2021-06-01,MENINGOCOC.,16
49,Dr. Benjamin Serrano,2021-06-01,DPT,9
49,Dr. Benjamin Serrano,2021-06-01,DPT (a),7
49,Dr. Benjamin Serrano,2021-06-01,DOBLE BACTERIANA,1
49,Dr. Benjamin Serrano,2021-06-01,HPV,7
91,Dr. Pedro Blugerman,2021-06-01,SALK,8
91,Dr. Pedro Blugerman,2021-06-01,ROTAVIRUS,4
91,Dr. Pedro Blugerman,2021-06-01,PENTAVALENTE,11
91,Dr. Pedro Blugerman,2021-06-01,ANTI GRIPAL,43
91,Dr. Pedro Blugerman,2021-06-01,HEPATITIS A,3
91,Dr. Pedro Blugerman,2021-06-01,VARICELA,5
91,Dr. Pedro Blugerman,2021-06-01,MENINGOCOC.,9
91,Dr. Pedro Blugerman,2021-06-01,DPT,1
91,Dr. Pedro Blugerman,2021-06-01,DPT (a),4
91,Dr. Pedro Blugerman,2021-06-01,DOBLE BACTERIANA,4
91,Dr. Pedro Blugerman,2021-06-01,DOBLE VIRAL,5
91,Dr. Pedro Blugerman,2021-06-01,HPV,4
45,Dr. Saul Calmanash,2021-06-01,SALK,8
45,Dr. Saul Calmanash,2021-06-01,ROTAVIRUS,4
45,Dr. Saul Calmanash,2021-06-01,PENTAVALENTE,6
45,Dr. Saul Calmanash,2021-06-01,NEUMOCOCICA CONJUGADA,18
45,Dr. Saul Calmanash,2021-06-01,TRIPLE VIRAL,4
45,Dr. Saul Calmanash,2021-06-01,ANTI GRIPAL,50
45,Dr. Saul Calmanash,2021-06-01,HEPATITIS A,1
45,Dr. Saul Calmanash,2021-06-01,VARICELA,2
45,Dr. Saul Calmanash,2021-06-01,MENINGOCOC.,13
45,Dr. Saul Calmanash,2021-06-01,DPT,3
45,Dr. Saul Calmanash,2021-06-01,DPT (a),8
45,Dr. Saul Calmanash,2021-06-01,HPV,8
88,Dr. Lifschitz,2021-06-01,SALK,11
88,Dr. Lifschitz,2021-06-01,ROTAVIRUS,2
88,Dr. Lifschitz,2021-06-01,PENTAVALENTE,6
88,Dr. Lifschitz,2021-06-01,NEUMOCOCICA CONJUGADA,6
88,Dr. Lifschitz,2021-06-01,TRIPLE VIRAL,10
88,Dr. Lifschitz,2021-06-01,ANTI GRIPAL,72
88,Dr. Lifschitz,2021-06-01,HEPATITIS A,3
88,Dr. Lifschitz,2021-06-01,MENINGOCOC.,15
88,Dr. Lifschitz,2021-06-01,DPT,5
88,Dr. Lifschitz,2021-06-01,DPT (a),15
88,Dr. Lifschitz,2021-06-01,HPV,6
10001,Dr. Korimblum,2021-06-01,ROTAVIRUS,3
10001,Dr. Korimblum,2021-06-01,PENTAVALENTE,7
10001,Dr. Korimblum,2021-06-01,NEUMOCOCICA CONJUGADA,6
10001,Dr. Korimblum,2021-06-01,SABIN ORAL,4
10001,Dr. Korimblum,2021-06-01,TRIPLE VIRAL,2
10001,Dr. Korimblum,2021-06-01,ANTI GRIPAL,17
10001,Dr. Korimblum,2021-06-01,HEPATITIS A,1
10001,Dr. Korimblum,2021-06-01,VARICELA,3
10001,Dr. Korimblum,2021-06-01,MENINGOCOC.,5
10001,Dr. Korimblum,2021-06-01,DPT,2
10001,Dr. Korimblum,2021-06-01,DPT (a),2
10001,Dr. Korimblum,2021-06-01,HPV,2
32,Dr. Manuel Cassuso,2021-06-01,HEPATITIS B,7
32,Dr. Manuel Cassuso,2021-06-01,SALK,11
32,Dr. Manuel Cassuso,2021-06-01,ROTAVIRUS,8
32,Dr. Manuel Cassuso,2021-06-01,PENTAVALENTE,13
32,Dr. Manuel Cassuso,2021-06-01,NEUMOCOCICA CONJUGADA,11
32,Dr. Manuel Cassuso,2021-06-01,TRIPLE VIRAL,6
32,Dr. Manuel Cassuso,2021-06-01,ANTI GRIPAL,53
32,Dr. Manuel Cassuso,2021-06-01,HEPATITIS A,3
32,Dr. Manuel Cassuso,2021-06-01,VARICELA,1
32,Dr. Manuel Cassuso,2021-06-01,MENINGOCOC.,17
32,Dr. Manuel Cassuso,2021-06-01,FIEBRE AMARILLA,5
32,Dr. Manuel Cassuso,2021-06-01,DPT,4
32,Dr. Manuel Cassuso,2021-06-01,DPT (a),2
32,Dr. Manuel Cassuso,2021-06-01,DOBLE BACTERIANA,6
32,Dr. Manuel Cassuso,2021-06-01,HPV,3
36,Esperanza,2021-06-01,HEPATITIS B,1
36,Esperanza,2021-06-01,SALK,16
36,Esperanza,2021-06-01,ROTAVIRUS,5
36,Esperanza,2021-06-01,PENTAVALENTE,17
36,Esperanza,2021-06-01,NEUMOCOCICA CONJUGADA,15
36,Esperanza,2021-06-01,TRIPLE VIRAL,11
36,Esperanza,2021-06-01,ANTI GRIPAL,70
36,Esperanza,2021-06-01,HEPATITIS A,5
36,Esperanza,2021-06-01,VARICELA,8
36,Esperanza,2021-06-01,MENINGOCOC.,23
36,Esperanza,2021-06-01,FIEBRE AMARILLA,7
36,Esperanza,2021-06-01,DPT,6
36,Esperanza,2021-06-01,DPT (a),6
36,Esperanza,2021-06-01,DOBLE BACTERIANA,7
36,Esperanza,2021-06-01,HPV,11
85,Santa Margarita,2021-06-01,SALK,2
85,Santa Margarita,2021-06-01,ROTAVIRUS,1
85,Santa Margarita,2021-06-01,PENTAVALENTE,6
85,Santa Margarita,2021-06-01,NEUMOCOCICA CONJUGADA,8
85,Santa Margarita,2021-06-01,TRIPLE VIRAL,4
85,Santa Margarita,2021-06-01,ANTI GRIPAL,32
85,Santa Margarita,2021-06-01,HEPATITIS A,3
85,Santa Margarita,2021-06-01,VARICELA,5
85,Santa Margarita,2021-06-01,MENINGOCOC.,12
85,Santa Margarita,2021-06-01,DPT,1
85,Santa Margarita,2021-06-01,DPT (a),2
85,Santa Margarita,2021-06-01,HPV,3
85,Santa Margarita,2021-06-01,NEUMOCOCICA NO CONJUGADA,1
10000,Dr. Anibal Malvido,2021-06-01,HEPATITIS B,3
10000,Dr. Anibal Malvido,2021-06-01,SALK,9
10000,Dr. Anibal Malvido,2021-06-01,ROTAVIRUS,2
10000,Dr. Anibal Malvido,2021-06-01,PENTAVALENTE,5
10000,Dr. Anibal Malvido,2021-06-01,NEUMOCOCICA CONJUGADA,6
10000,Dr. Anibal Malvido,2021-06-01,TRIPLE VIRAL,7
10000,Dr. Anibal Malvido,2021-06-01,ANTI GRIPAL,22
10000,Dr. Anibal Malvido,2021-06-01,HEPATITIS A,3
10000,Dr. Anibal Malvido,2021-06-01,VARICELA,1
10000,Dr. Anibal Malvido,2021-06-01,MENINGOCOC.,5
10000,Dr. Anibal Malvido,2021-06-01,FIEBRE AMARILLA,2
10000,Dr. Anibal Malvido,2021-06-01,DPT,4
10000,Dr. Anibal Malvido,2021-06-01,DPT (a),6
10000,Dr. Anibal Malvido,2021-06-01,DOBLE BACTERIANA,5
10000,Dr. Anibal Malvido,2021-06-01,HPV,4
41,Dr. Manuel Gonzalez,2021-06-01,HEPATITIS B,1
41,Dr. Manuel Gonzalez,2021-06-01,SALK,4
41,Dr. Manuel Gonzalez,2021-06-01,ROTAVIRUS,2
41,Dr. Manuel Gonzalez,2021-06-01,PENTAVALENTE,8
41,Dr. Manuel Gonzalez,2021-06-01,NEUMOCOCICA CONJUGADA,22
41,Dr. Manuel Gonzalez,2021-06-01,TRIPLE VIRAL,3
41,Dr. Manuel Gonzalez,2021-06-01,ANTI GRIPAL,36
41,Dr. Manuel Gonzalez,2021-06-01,VARICELA,1
41,Dr. Manuel Gonzalez,2021-06-01,MENINGOCOC.,4
41,Dr. Manuel Gonzalez,2021-06-01,DPT (a),3
41,Dr. Manuel Gonzalez,2021-06-01,HPV,2
41,Dr. Manuel Gonzalez,2021-06-01,NEUMOCOCICA CONJUGADA,1
34,Dr. Marcelino Vera,2021-06-01,SALK,3
34,Dr. Marcelino Vera,2021-06-01,ROTAVIRUS,4
34,Dr. Marcelino Vera,2021-06-01,PENTAVALENTE,2
34,Dr. Marcelino Vera,2021-06-01,NEUMOCOCICA CONJUGADA,3
34,Dr. Marcelino Vera,2021-06-01,TRIPLE VIRAL,29
34,Dr. Marcelino Vera,2021-06-01,ANTI GRIPAL,2
34,Dr. Marcelino Vera,2021-06-01,HEPATITIS A,3
34,Dr. Marcelino Vera,2021-06-01,VARICELA,7
34,Dr. Marcelino Vera,2021-06-01,MENINGOCOC.,1
34,Dr. Marcelino Vera,2021-06-01,DPT,3
34,Dr. Marcelino Vera,2021-06-01,DPT (a),2
34,Dr. Marcelino Vera,2021-06-01,DOBLE BACTERIANA,2
34,Dr. Marcelino Vera,2021-06-01,HPV,2
75,Dr. Mauricio Open,2021-06-01,SALK,9
75,Dr. Mauricio Open,2021-06-01,ROTAVIRUS,6
75,Dr. Mauricio Open,2021-06-01,PENTAVALENTE,11
75,Dr. Mauricio Open,2021-06-01,NEUMOCOCICA CONJUGADA,10
75,Dr. Mauricio Open,2021-06-01,TRIPLE VIRAL,7
75,Dr. Mauricio Open,2021-06-01,ANTI GRIPAL,102
75,Dr. Mauricio Open,2021-06-01,HEPATITIS A,4
75,Dr. Mauricio Open,2021-06-01,VARICELA,5
75,Dr. Mauricio Open,2021-06-01,MENINGOCOC.,12
75,Dr. Mauricio Open,2021-06-01,FIEBRE AMARILLA,7
75,Dr. Mauricio Open,2021-06-01,DPT,3
75,Dr. Mauricio Open,2021-06-01,DPT (a),5
75,Dr. Mauricio Open,2021-06-01,DOBLE BACTERIANA,3
75,Dr. Mauricio Open,2021-06-01,HPV,4
69,Primera Junta,2021-06-01,HEPATITIS B,2
69,Primera Junta,2021-06-01,SALK,5
69,Primera Junta,2021-06-01,ROTAVIRUS,2
69,Primera Junta,2021-06-01,NEUMOCOCICA CONJUGADA,4
69,Primera Junta,2021-06-01,TRIPLE VIRAL,3
69,Primera Junta,2021-06-01,ANTI GRIPAL,3
69,Primera Junta,2021-06-01,HEPATITIS A,35
69,Primera Junta,2021-06-01,VARICELA,1
69,Primera Junta,2021-06-01,MENINGOCOC.,2
69,Primera Junta,2021-06-01,DPT,3
69,Primera Junta,2021-06-01,DPT (a),3
69,Primera Junta,2021-06-01,DOBLE BACTERIANA,5
69,Primera Junta,2021-06-01,DOBLE VIRAL,6
69,Primera Junta,2021-06-01,HPV,3
69,Primera Junta,2021-06-01,NEUMOCOCICA NO CONJUGADA,3
62,Pujol,2021-06-01,HEPATITIS B,3
62,Pujol,2021-06-01,SALK,8
62,Pujol,2021-06-01,ROTAVIRUS,4
62,Pujol,2021-06-01,PENTAVALENTE,9
62,Pujol,2021-06-01,NEUMOCOCICA CONJUGADA,9
62,Pujol,2021-06-01,TRIPLE VIRAL,4
62,Pujol,2021-06-01,ANTI GRIPAL,71
62,Pujol,2021-06-01,HEPATITIS A,1
62,Pujol,2021-06-01,VARICELA,2
62,Pujol,2021-06-01,MENINGOCOC.,11
62,Pujol,2021-06-01,FIEBRE AMARILLA,1
62,Pujol,2021-06-01,DPT,3
62,Pujol,2021-06-01,DPT (a),3
62,Pujol,2021-06-01,DOBLE BACTERIANA,7
62,Pujol,2021-06-01,HPV,5
62,Pujol,2021-06-01,NEUMOCOCICA NO CONJUGADA,1
79,Quinta Ferre,2021-06-01,HEPATITIS B,3
79,Quinta Ferre,2021-06-01,SALK,1
79,Quinta Ferre,2021-06-01,PENTAVALENTE,1
79,Quinta Ferre,2021-06-01,TRIPLE VIRAL,1
79,Quinta Ferre,2021-06-01,HEPATITIS A,1
79,Quinta Ferre,2021-06-01,DPT,1
79,Quinta Ferre,2021-06-01,DPT (a),2
79,Quinta Ferre,2021-06-01,DOBLE BACTERIANA,5
79,Quinta Ferre,2021-06-01,HPV,4
47,Dr. Guillermo Rawson,2021-06-01,HEPATITIS B,29
47,Dr. Guillermo Rawson,2021-06-01,SALK,11
47,Dr. Guillermo Rawson,2021-06-01,ROTAVIRUS,4
47,Dr. Guillermo Rawson,2021-06-01,PENTAVALENTE,9
47,Dr. Guillermo Rawson,2021-06-01,NEUMOCOCICA CONJUGADA,26
47,Dr. Guillermo Rawson,2021-06-01,TRIPLE VIRAL,8
47,Dr. Guillermo Rawson,2021-06-01,ANTI GRIPAL,111
47,Dr. Guillermo Rawson,2021-06-01,HEPATITIS A,3
47,Dr. Guillermo Rawson,2021-06-01,VARICELA,1
47,Dr. Guillermo Rawson,2021-06-01,MENINGOCOC.,11
47,Dr. Guillermo Rawson,2021-06-01,FIEBRE AMARILLA,15
47,Dr. Guillermo Rawson,2021-06-01,DPT,2
47,Dr. Guillermo Rawson,2021-06-01,DPT (a),7
47,Dr. Guillermo Rawson,2021-06-01,DOBLE BACTERIANA,21
47,Dr. Guillermo Rawson,2021-06-01,HPV,11
46,Rio Parana,2021-06-01,HEPATITIS B,4
46,Rio Parana,2021-06-01,SALK,23
46,Rio Parana,2021-06-01,ROTAVIRUS,12
46,Rio Parana,2021-06-01,PENTAVALENTE,27
46,Rio Parana,2021-06-01,NEUMOCOCICA CONJUGADA,18
46,Rio Parana,2021-06-01,TRIPLE VIRAL,7
46,Rio Parana,2021-06-01,ANTI GRIPAL,60
46,Rio Parana,2021-06-01,HEPATITIS A,4
46,Rio Parana,2021-06-01,VARICELA,1
46,Rio Parana,2021-06-01,MENINGOCOC.,20
46,Rio Parana,2021-06-01,FIEBRE AMARILLA,7
46,Rio Parana,2021-06-01,DPT,3
46,Rio Parana,2021-06-01,DPT (a),6
46,Rio Parana,2021-06-01,DOBLE BACTERIANA,3
46,Rio Parana,2021-06-01,HPV,6
73,San Marcos,2021-06-01,HEPATITIS B,2
73,San Marcos,2021-06-01,SALK,12
73,San Marcos,2021-06-01,ROTAVIRUS,6
73,San Marcos,2021-06-01,PENTAVALENTE,14
73,San Marcos,2021-06-01,NEUMOCOCICA CONJUGADA,12
73,San Marcos,2021-06-01,TRIPLE VIRAL,1
73,San Marcos,2021-06-01,ANTI GRIPAL,54
73,San Marcos,2021-06-01,HEPATITIS A,1
73,San Marcos,2021-06-01,VARICELA,3
73,San Marcos,2021-06-01,MENINGOCOC.,8
73,San Marcos,2021-06-01,DPT,1
73,San Marcos,2021-06-01,DPT (a),8
73,San Marcos,2021-06-01,DOBLE BACTERIANA,3
73,San Marcos,2021-06-01,HPV,4
90,Sapucay,2021-06-01,HEPATITIS B,3
90,Sapucay,2021-06-01,SALK,6
90,Sapucay,2021-06-01,ROTAVIRUS,1
90,Sapucay,2021-06-01,PENTAVALENTE,5
90,Sapucay,2021-06-01,NEUMOCOCICA CONJUGADA,8
90,Sapucay,2021-06-01,TRIPLE VIRAL,7
90,Sapucay,2021-06-01,ANTI GRIPAL,84
90,Sapucay,2021-06-01,HEPATITIS A,4
90,Sapucay,2021-06-01,MENINGOCOC.,3
90,Sapucay,2021-06-01,DPT,3
90,Sapucay,2021-06-01,DPT (a),4
90,Sapucay,2021-06-01,DOBLE BACTERIANA,3
90,Sapucay,2021-06-01,HPV,2
42,Dr. Santiago Lorenzo,2021-06-01,HEPATITIS B,1
42,Dr. Santiago Lorenzo,2021-06-01,SALK,41
42,Dr. Santiago Lorenzo,2021-06-01,ROTAVIRUS,18
42,Dr. Santiago Lorenzo,2021-06-01,PENTAVALENTE,34
42,Dr. Santiago Lorenzo,2021-06-01,NEUMOCOCICA CONJUGADA,31
42,Dr. Santiago Lorenzo,2021-06-01,SABIN ORAL,28
42,Dr. Santiago Lorenzo,2021-06-01,TRIPLE VIRAL,22
42,Dr. Santiago Lorenzo,2021-06-01,ANTI GRIPAL,37
42,Dr. Santiago Lorenzo,2021-06-01,HEPATITIS A,8
42,Dr. Santiago Lorenzo,2021-06-01,VARICELA,4
42,Dr. Santiago Lorenzo,2021-06-01,MENINGOCOC.,34
42,Dr. Santiago Lorenzo,2021-06-01,FIEBRE AMARILLA,7
42,Dr. Santiago Lorenzo,2021-06-01,DPT,14
42,Dr. Santiago Lorenzo,2021-06-01,DPT (a),13
42,Dr. Santiago Lorenzo,2021-06-01,DOBLE BACTERIANA,7
42,Dr. Santiago Lorenzo,2021-06-01,ANTI GRIPAL,4
42,Dr. Santiago Lorenzo,2021-06-01,HPV,8
127,Santa Catalina,2021-06-01,NEUMO23,6
127,Santa Catalina,2021-06-01,HEPATITIS B,3
127,Santa Catalina,2021-06-01,SALK,13
127,Santa Catalina,2021-06-01,ROTAVIRUS,2
127,Santa Catalina,2021-06-01,PENTAVALENTE,9
127,Santa Catalina,2021-06-01,NEUMOCOCICA CONJUGADA,12
127,Santa Catalina,2021-06-01,PEDIAT ,13
127,Santa Catalina,2021-06-01,TRIPLE VIRAL,9
127,Santa Catalina,2021-06-01,ANTI GRIPAL,58
127,Santa Catalina,2021-06-01,HEPATITIS A,2
127,Santa Catalina,2021-06-01,MENINGOCOC.,10
127,Santa Catalina,2021-06-01,FIEBRE AMARILLA,6
127,Santa Catalina,2021-06-01,DPT,6
127,Santa Catalina,2021-06-01,DPT (a),6
127,Santa Catalina,2021-06-01,DOBLE BACTERIANA,5
127,Santa Catalina,2021-06-01,HPV,4
127,Santa Catalina,2021-06-01,FLUXVIR,5
71,Villa Chiquita,2021-06-01,HEPATITIS B,12
71,Villa Chiquita,2021-06-01,SALK,5
71,Villa Chiquita,2021-06-01,ROTAVIRUS,3
71,Villa Chiquita,2021-06-01,PENTAVALENTE,6
71,Villa Chiquita,2021-06-01,NEUMOCOCICA CONJUGADA,13
71,Villa Chiquita,2021-06-01,TRIPLE VIRAL,1
71,Villa Chiquita,2021-06-01,ANTI GRIPAL,61
71,Villa Chiquita,2021-06-01,HEPATITIS A,1
71,Villa Chiquita,2021-06-01,MENINGOCOC.,7
71,Villa Chiquita,2021-06-01,DPT,4
71,Villa Chiquita,2021-06-01,HPV,2
70,Villa Garcia,2021-06-01,HEPATITIS B,4
70,Villa Garcia,2021-06-01,SALK,7
70,Villa Garcia,2021-06-01,ROTAVIRUS,2
70,Villa Garcia,2021-06-01,PENTAVALENTE,7
70,Villa Garcia,2021-06-01,NEUMOCOCICA CONJUGADA,7
70,Villa Garcia,2021-06-01,TRIPLE VIRAL,7
70,Villa Garcia,2021-06-01,ANTI GRIPAL,39
70,Villa Garcia,2021-06-01,HEPATITIS A,5
70,Villa Garcia,2021-06-01,VARICELA,2
70,Villa Garcia,2021-06-01,MENINGOCOC.,7
70,Villa Garcia,2021-06-01,DPT,2
70,Villa Garcia,2021-06-01,DPT (a),3
70,Villa Garcia,2021-06-01,DOBLE BACTERIANA,6
70,Villa Garcia,2021-06-01,HPV,5
51,Dr. Juan Chercoff,2021-06-01,HEPATITIS B,2
51,Dr. Juan Chercoff,2021-06-01,NEUMOCOCICA CONJUGADA,5
51,Dr. Juan Chercoff,2021-06-01,TRIPLE VIRAL,2
51,Dr. Juan Chercoff,2021-06-01,ANTI GRIPAL,18
51,Dr. Juan Chercoff,2021-06-01,HEPATITIS A,2
51,Dr. Juan Chercoff,2021-06-01,DPT,2
51,Dr. Juan Chercoff,2021-06-01,DPT (a),1
58,Dr. Oscar Pirchi,2021-06-01,HEPATITIS B,1
58,Dr. Oscar Pirchi,2021-06-01,SALK,12
58,Dr. Oscar Pirchi,2021-06-01,ROTAVIRUS,8
58,Dr. Oscar Pirchi,2021-06-01,PENTAVALENTE,15
58,Dr. Oscar Pirchi,2021-06-01,NEUMOCOCICA CONJUGADA,15
58,Dr. Oscar Pirchi,2021-06-01,TRIPLE VIRAL,3
58,Dr. Oscar Pirchi,2021-06-01,ANTI GRIPAL,66
58,Dr. Oscar Pirchi,2021-06-01,HEPATITIS A,2
58,Dr. Oscar Pirchi,2021-06-01,VARICELA,3
58,Dr. Oscar Pirchi,2021-06-01,MENINGOCOC.,6
58,Dr. Oscar Pirchi,2021-06-01,FIEBRE AMARILLA,1
58,Dr. Oscar Pirchi,2021-06-01,DPT,1
82,Dr. Miguel Rossi Candia,2021-06-01,HEPATITIS B,17
82,Dr. Miguel Rossi Candia,2021-06-01,SALK,22
82,Dr. Miguel Rossi Candia,2021-06-01,ROTAVIRUS,9
82,Dr. Miguel Rossi Candia,2021-06-01,PENTAVALENTE,27
82,Dr. Miguel Rossi Candia,2021-06-01,NEUMOCOCICA CONJUGADA,43
82,Dr. Miguel Rossi Candia,2021-06-01,TRIPLE VIRAL,12
82,Dr. Miguel Rossi Candia,2021-06-01,GRIPE ,35
82,Dr. Miguel Rossi Candia,2021-06-01,HEPATITIS A,5
82,Dr. Miguel Rossi Candia,2021-06-01,VARICELA,8
82,Dr. Miguel Rossi Candia,2021-06-01,MENINGOCOC.,27
82,Dr. Miguel Rossi Candia,2021-06-01,FIEBRE AMARILLA,2
82,Dr. Miguel Rossi Candia,2021-06-01,DPT,5
82,Dr. Miguel Rossi Candia,2021-06-01,DPT (a),11
82,Dr. Miguel Rossi Candia,2021-06-01,DTA,11
82,Dr. Miguel Rossi Candia,2021-06-01,HPV,9
89,Santa Marta,2021-06-01,HEPATITIS B,5
89,Santa Marta,2021-06-01,SALK,7
89,Santa Marta,2021-06-01,ROTAVIRUS,6
89,Santa Marta,2021-06-01,PENTAVALENTE,7
89,Santa Marta,2021-06-01,NEUMOCOCICA CONJUGADA,14
89,Santa Marta,2021-06-01,TRIPLE VIRAL,4
89,Santa Marta,2021-06-01,ANTI GRIPAL,48
89,Santa Marta,2021-06-01,HEPATITIS A,3
89,Santa Marta,2021-06-01,VARICELA,1
89,Santa Marta,2021-06-01,MENINGOCOC.,4
89,Santa Marta,2021-06-01,DPT,7
89,Santa Marta,2021-06-01,DPT (a),6
89,Santa Marta,2021-06-01,DOBLE BACTERIANA,3
89,Santa Marta,2021-06-01,HPV,4
10002,Dr. Semper,2021-06-01,SALK,7
10002,Dr. Semper,2021-06-01,ROTAVIRUS,2
10002,Dr. Semper,2021-06-01,PENTAVALENTE,4
10002,Dr. Semper,2021-06-01,NEUMOCOCICA CONJUGADA,5
10002,Dr. Semper,2021-06-01,TRIPLE VIRAL,6
10002,Dr. Semper,2021-06-01,ANTI GRIPAL,49
10002,Dr. Semper,2021-06-01,HEPATITIS A,2
10002,Dr. Semper,2021-06-01,VARICELA,2
10002,Dr. Semper,2021-06-01,MENINGOCOC.,8
10002,Dr. Semper,2021-06-01,DPT,4
10002,Dr. Semper,2021-06-01,DPT (a),5
10002,Dr. Semper,2021-06-01,DOBLE BACTERIANA,4
10002,Dr. Semper,2021-06-01,HPV,7
76,Dr. Romilio Monzón,2021-06-01,HEPATITIS B,3
76,Dr. Romilio Monzón,2021-06-01,SALK,7
76,Dr. Romilio Monzón,2021-06-01,ROTAVIRUS,3
76,Dr. Romilio Monzón,2021-06-01,PENTAVALENTE,4
76,Dr. Romilio Monzón,2021-06-01,NEUMOCOCICA CONJUGADA,13
76,Dr. Romilio Monzón,2021-06-01,TRIPLE VIRAL,11
76,Dr. Romilio Monzón,2021-06-01,ANTI GRIPAL,63
76,Dr. Romilio Monzón,2021-06-01,HEPATITIS A,6
76,Dr. Romilio Monzón,2021-06-01,VARICELA,3
76,Dr. Romilio Monzón,2021-06-01,MENINGOCOC.,7
76,Dr. Romilio Monzón,2021-06-01,DPT,5
76,Dr. Romilio Monzón,2021-06-01,DPT (a),5
76,Dr. Romilio Monzón,2021-06-01,HPV,3
48,Dr. Jose de los Reyes Vidal,2021-06-01,HEPATITIS B,2
48,Dr. Jose de los Reyes Vidal,2021-06-01,SALK,4
48,Dr. Jose de los Reyes Vidal,2021-06-01,ROTAVIRUS,1
48,Dr. Jose de los Reyes Vidal,2021-06-01,PENTAVALENTE,3
48,Dr. Jose de los Reyes Vidal,2021-06-01,NEUMOCOCICA CONJUGADA,6
48,Dr. Jose de los Reyes Vidal,2021-06-01,SABIN ORAL,4
48,Dr. Jose de los Reyes Vidal,2021-06-01,TRIPLE VIRAL,5
48,Dr. Jose de los Reyes Vidal,2021-06-01,ANTI GRIPAL,40
48,Dr. Jose de los Reyes Vidal,2021-06-01,HEPATITIS A,1
48,Dr. Jose de los Reyes Vidal,2021-06-01,VARICELA,1
48,Dr. Jose de los Reyes Vidal,2021-06-01,MENINGOCOC.,6
48,Dr. Jose de los Reyes Vidal,2021-06-01,DPT,4
48,Dr. Jose de los Reyes Vidal,2021-06-01,DPT (a),3
48,Dr. Jose de los Reyes Vidal,2021-06-01,HPV,2
54,Itati,2021-06-01,HEPATITIS B,8
54,Itati,2021-06-01,SALK,19
54,Itati,2021-06-01,ROTAVIRUS,7
54,Itati,2021-06-01,PENTAVALENTE,13
54,Itati,2021-06-01,NEUMOCOCICA CONJUGADA,19
54,Itati,2021-06-01,TRIPLE VIRAL,13
54,Itati,2021-06-01,ANTI GRIPAL,50
54,Itati,2021-06-01,HEPATITIS A,5
54,Itati,2021-06-01,VARICELA,2
54,Itati,2021-06-01,MENINGOCOC.,13
54,Itati,2021-06-01,DPT,8
54,Itati,2021-06-01,DPT (a),7
54,Itati,2021-06-01,DOBLE BACTERIANA,2
54,Itati,2021-06-01,HPV,4
127,Santa Catalina,2021-06-01,SABIN ORAL,13
31,Dr. Elias Galvan,2021-06-01,SALK,1
31,Dr. Elias Galvan,2021-06-01,ROTAVIRUS,1
31,Dr. Elias Galvan,2021-06-01,PENTAVALENTE,2
31,Dr. Elias Galvan,2021-06-01,NEUMOCOCICA CONJUGADA,5
31,Dr. Elias Galvan,2021-06-01,SABIN ORAL,1
31,Dr. Elias Galvan,2021-06-01,TRIPLE VIRAL,2
31,Dr. Elias Galvan,2021-06-01,ANTI GRIPAL,10
31,Dr. Elias Galvan,2021-06-01,HEPATITIS A,2
31,Dr. Elias Galvan,2021-06-01,VARICELA,1
31,Dr. Elias Galvan,2021-06-01,MENINGOCOC.,3
31,Dr. Elias Galvan,2021-06-01,DPT (a),4
31,Dr. Elias Galvan,2021-06-01,HPV,5
10001,Dr. Korimblum,1900-01-01,NEUMO 13 ,4
10001,Dr. Korimblum,1900-01-01,ROTAVIRUS,1
10001,Dr. Korimblum,1900-01-01,PENTAVALENTE,5
10001,Dr. Korimblum,1900-01-01,NEUMOCOCICA CONJUGADA,2
10001,Dr. Korimblum,1900-01-01,SABIN ORAL,5
10001,Dr. Korimblum,1900-01-01,TRIPLE VIRAL,4
10001,Dr. Korimblum,1900-01-01,VARICELA,1
10001,Dr. Korimblum,1900-01-01,MENINGOCOC.,2
10001,Dr. Korimblum,1900-01-01,DPT,5
10001,Dr. Korimblum,1900-01-01,DOBLE BACTERIANA,3
10001,Dr. Korimblum,1900-01-01,HPV,4
10001,Dr. Korimblum,1900-01-01,NEUMOCOCICA NO CONJUGADA,1
41,Dr. Manuel Gonzalez,1900-01-01,SALK,2
41,Dr. Manuel Gonzalez,1900-01-01,ROTAVIRUS,1
41,Dr. Manuel Gonzalez,1900-01-01,PENTAVALENTE,5
41,Dr. Manuel Gonzalez,1900-01-01,NEUMOCOCICA CONJUGADA,3
41,Dr. Manuel Gonzalez,1900-01-01,TRIPLE VIRAL,2
41,Dr. Manuel Gonzalez,1900-01-01,ANTI GRIPAL,9
41,Dr. Manuel Gonzalez,1900-01-01,HEPATITIS A,1
41,Dr. Manuel Gonzalez,1900-01-01,VARICELA,2
41,Dr. Manuel Gonzalez,1900-01-01,MENINGOCOC.,9
41,Dr. Manuel Gonzalez,1900-01-01,DPT,1
41,Dr. Manuel Gonzalez,1900-01-01,DPT (a),7
41,Dr. Manuel Gonzalez,1900-01-01,HPV,6
76,Dr. Romilio Monzón,1900-01-01,SALK,4
76,Dr. Romilio Monzón,1900-01-01,ROTAVIRUS,2
76,Dr. Romilio Monzón,1900-01-01,PENTAVALENTE,6
76,Dr. Romilio Monzón,1900-01-01,NEUMOCOCICA CONJUGADA,13
76,Dr. Romilio Monzón,1900-01-01,TRIPLE VIRAL,3
76,Dr. Romilio Monzón,1900-01-01,ANTI GRIPAL,30
76,Dr. Romilio Monzón,1900-01-01,HEPATITIS A,3
76,Dr. Romilio Monzón,1900-01-01,VARICELA,3
76,Dr. Romilio Monzón,1900-01-01,MENINGOCOC.,9
76,Dr. Romilio Monzón,1900-01-01,DPT,1
76,Dr. Romilio Monzón,1900-01-01,DPT (a),6
76,Dr. Romilio Monzón,1900-01-01,HPV,6
71,Villa Chiquita,1900-01-01,HEPATITIS B,2
71,Villa Chiquita,1900-01-01,SALK,4
71,Villa Chiquita,1900-01-01,PENTAVALENTE,4
71,Villa Chiquita,1900-01-01,NEUMOCOCICA CONJUGADA,7
71,Villa Chiquita,1900-01-01,TRIPLE VIRAL,2
71,Villa Chiquita,1900-01-01,ANTI GRIPAL,55
71,Villa Chiquita,1900-01-01,VARICELA,1
71,Villa Chiquita,1900-01-01,MENINGOCOC.,7
71,Villa Chiquita,1900-01-01,DPT (a),1
71,Villa Chiquita,1900-01-01,HPV,4
31,Dr. Elias Galvan,1900-01-01,HEPATITIS B,1
31,Dr. Elias Galvan,1900-01-01,SALK,5
31,Dr. Elias Galvan,1900-01-01,ROTAVIRUS,5
31,Dr. Elias Galvan,1900-01-01,PENTAVALENTE,5
31,Dr. Elias Galvan,1900-01-01,NEUMOCOCICA CONJUGADA,5
31,Dr. Elias Galvan,1900-01-01,TRIPLE VIRAL,4
31,Dr. Elias Galvan,1900-01-01,ANTI GRIPAL,30
31,Dr. Elias Galvan,1900-01-01,HEPATITIS A,4
31,Dr. Elias Galvan,1900-01-01,VARICELA,2
31,Dr. Elias Galvan,1900-01-01,MENINGOCOC.,10
31,Dr. Elias Galvan,1900-01-01,DPT,3
31,Dr. Elias Galvan,1900-01-01,DPT (a),2
31,Dr. Elias Galvan,1900-01-01,DOBLE BACTERIANA,2
31,Dr. Elias Galvan,1900-01-01,HPV,3
10002,Dr. Semper,1900-01-01,HEPATITIS B,2
10002,Dr. Semper,1900-01-01,SALK,1
10002,Dr. Semper,1900-01-01,PENTAVALENTE,1
10002,Dr. Semper,1900-01-01,NEUMOCOCICA CONJUGADA,3
10002,Dr. Semper,1900-01-01,TRIPLE VIRAL,3
10002,Dr. Semper,1900-01-01,ANTI GRIPAL,29
10002,Dr. Semper,1900-01-01,HEPATITIS A,3
10002,Dr. Semper,1900-01-01,VARICELA,2
10002,Dr. Semper,1900-01-01,MENINGOCOC.,4
10002,Dr. Semper,1900-01-01,DPT (a),1
10002,Dr. Semper,1900-01-01,DOBLE VIRAL,1
10002,Dr. Semper,1900-01-01,HPV,2
10002,Dr. Semper,1900-01-01,NEUMOCOCICA NO CONJUGADA,3
34,Dr. Marcelino Vera,1900-01-01,HEPATITIS B,2
34,Dr. Marcelino Vera,1900-01-01,SALK,3
34,Dr. Marcelino Vera,1900-01-01,ROTAVIRUS,3
34,Dr. Marcelino Vera,1900-01-01,NEUMOCOCICA CONJUGADA,10
34,Dr. Marcelino Vera,1900-01-01,TRIPLE VIRAL,5
34,Dr. Marcelino Vera,1900-01-01,ANTI GRIPAL,30
34,Dr. Marcelino Vera,1900-01-01,MENINGOCOC.,6
34,Dr. Marcelino Vera,1900-01-01,DPT,4
34,Dr. Marcelino Vera,1900-01-01,DPT (a),7
32,Dr. Manuel Cassuso,1900-01-01,HEPATITIS B,3
32,Dr. Manuel Cassuso,1900-01-01,SALK,15
32,Dr. Manuel Cassuso,1900-01-01,ROTAVIRUS,7
32,Dr. Manuel Cassuso,1900-01-01,NEUMOCOCICA CONJUGADA,9
32,Dr. Manuel Cassuso,1900-01-01,TRIPLE VIRAL,5
32,Dr. Manuel Cassuso,1900-01-01,ANTI GRIPAL,43
32,Dr. Manuel Cassuso,1900-01-01,VARICELA,6
32,Dr. Manuel Cassuso,1900-01-01,MENINGOCOC.,17
32,Dr. Manuel Cassuso,1900-01-01,FIEBRE AMARILLA,7
32,Dr. Manuel Cassuso,1900-01-01,DPT,6
32,Dr. Manuel Cassuso,1900-01-01,DPT (a),4
32,Dr. Manuel Cassuso,1900-01-01,HPV,8
42,Dr. Santiago Lorenzo,1900-01-01,HEPATITIS B,2
42,Dr. Santiago Lorenzo,1900-01-01,ROTAVIRUS,11
42,Dr. Santiago Lorenzo,1900-01-01,PENTAVALENTE,22
42,Dr. Santiago Lorenzo,1900-01-01,NEUMOCOCICA CONJUGADA,16
42,Dr. Santiago Lorenzo,1900-01-01,TRIPLE VIRAL,13
42,Dr. Santiago Lorenzo,1900-01-01,ANTI GRIPAL,53
42,Dr. Santiago Lorenzo,1900-01-01,DPT (a),11
42,Dr. Santiago Lorenzo,1900-01-01,DOBLE BACTERIANA,4
42,Dr. Santiago Lorenzo,1900-01-01,HPV,11
42,Dr. Santiago Lorenzo,1900-01-01,NEUMOCOCICA NO CONJUGADA,3
90,Sapucay,1900-01-01,SALK,4
90,Sapucay,1900-01-01,ROTAVIRUS,1
90,Sapucay,1900-01-01,ANTI GRIPAL,20
90,Sapucay,1900-01-01,MENINGOCOC.,5
90,Sapucay,1900-01-01,FIEBRE AMARILLA,4
90,Sapucay,1900-01-01,DPT,1
90,Sapucay,1900-01-01,NEUMOCOCICA NO CONJUGADA,3
75,Dr. Mauricio Open,1900-01-01,SALK,9
75,Dr. Mauricio Open,1900-01-01,PENTAVALENTE,7
75,Dr. Mauricio Open,1900-01-01,NEUMOCOCICA CONJUGADA,14
75,Dr. Mauricio Open,1900-01-01,NEUMO 13,1
75,Dr. Mauricio Open,1900-01-01,TRIPLE VIRAL,7
75,Dr. Mauricio Open,1900-01-01,ANTI GRIPAL,73
75,Dr. Mauricio Open,1900-01-01,HEPATITIS A,4
75,Dr. Mauricio Open,1900-01-01,VARICELA,3
75,Dr. Mauricio Open,1900-01-01,MENINGOCOC.,12
75,Dr. Mauricio Open,1900-01-01,DOBLE BACTERIANA,1
47,Dr. Guillermo Rawson,1900-01-01,HEPATITIS B,6
47,Dr. Guillermo Rawson,1900-01-01,SALK,15
47,Dr. Guillermo Rawson,1900-01-01,PENTAVALENTE,10
47,Dr. Guillermo Rawson,1900-01-01,NEUMOCOCICA CONJUGADA,36
47,Dr. Guillermo Rawson,1900-01-01,TRIPLE VIRAL,4
47,Dr. Guillermo Rawson,1900-01-01,ANTI GRIPAL,53
47,Dr. Guillermo Rawson,1900-01-01,MENINGOCOC.,10
47,Dr. Guillermo Rawson,1900-01-01,DPT,5
47,Dr. Guillermo Rawson,1900-01-01,DPT (a),6
47,Dr. Guillermo Rawson,1900-01-01,DOBLE VIRAL,20
47,Dr. Guillermo Rawson,1900-01-01,HPV,9
47,Dr. Guillermo Rawson,1900-01-01,NEUMOCOCICA NO CONJUGADA,4
89,Santa Marta,1900-01-01,HEPATITIS B,10
89,Santa Marta,1900-01-01,SALK,8
89,Santa Marta,1900-01-01,PENTAVALENTE,9
89,Santa Marta,1900-01-01,NEUMOCOCICA CONJUGADA,13
89,Santa Marta,1900-01-01,TRIPLE VIRAL,5
89,Santa Marta,1900-01-01,ANTI GRIPAL,130
89,Santa Marta,1900-01-01,HEPATITIS A,7
89,Santa Marta,1900-01-01,VARICELA,4
89,Santa Marta,1900-01-01,MENINGOCOC.,10
89,Santa Marta,1900-01-01,DPT,4
89,Santa Marta,1900-01-01,DPT (a),5
89,Santa Marta,1900-01-01,DOBLE BACTERIANA,4
89,Santa Marta,1900-01-01,NEUMOCOCICA NO CONJUGADA,5
10000,Dr. Anibal Malvido,1900-01-01,SALK,12
10000,Dr. Anibal Malvido,1900-01-01,NEUMOCOCICA CONJUGADA,11
10000,Dr. Anibal Malvido,1900-01-01,TRIPLE VIRAL,6
10000,Dr. Anibal Malvido,1900-01-01,ANTI GRIPAL,52
10000,Dr. Anibal Malvido,1900-01-01,HEPATITIS A,3
10000,Dr. Anibal Malvido,1900-01-01,DPT,3
10000,Dr. Anibal Malvido,1900-01-01,DPT (a),1
10000,Dr. Anibal Malvido,1900-01-01,DOBLE BACTERIANA,2
127,Santa Catalina,1900-01-01,HEPATITIS B,4
127,Santa Catalina,1900-01-01,SALK,13
127,Santa Catalina,1900-01-01,ROTAVIRUS,4
127,Santa Catalina,1900-01-01,PENTAVALENTE,5
127,Santa Catalina,1900-01-01,NEUMOCOCICA CONJUGADA,5
127,Santa Catalina,1900-01-01,TRIPLE VIRAL,7
127,Santa Catalina,1900-01-01,ANTI GRIPAL,45
127,Santa Catalina,1900-01-01,HEPATITIS A,4
127,Santa Catalina,1900-01-01,VARICELA,3
127,Santa Catalina,1900-01-01,MENINGOCOC.,8
127,Santa Catalina,1900-01-01,DPT,8
127,Santa Catalina,1900-01-01,DPT (a),11
127,Santa Catalina,1900-01-01,DOBLE BACTERIANA,4
127,Santa Catalina,1900-01-01,NEUMOCOCICA NO CONJUGADA,1
73,San Marcos,1900-01-01,SALK,7
73,San Marcos,1900-01-01,ROTAVIRUS,2
73,San Marcos,1900-01-01,PENTAVALENTE,6
73,San Marcos,1900-01-01,NEUMOCOCICA CONJUGADA,6
73,San Marcos,1900-01-01,TRIPLE VIRAL,9
73,San Marcos,1900-01-01,ANTI GRIPAL,25
73,San Marcos,1900-01-01,HEPATITIS A,5
73,San Marcos,1900-01-01,DPT,4
73,San Marcos,1900-01-01,DPT (a),4
73,San Marcos,1900-01-01,HPV,5
73,San Marcos,1900-01-01,NEUMOCOCICA NO CONJUGADA,10
99,OPERATIVO TERRITORIALES,1900-01-01,SALK,1
99,OPERATIVO TERRITORIALES,1900-01-01,ANTI GRIPAL,10
99,OPERATIVO TERRITORIALES,1900-01-01,SALK,3
99,OPERATIVO TERRITORIALES,1900-01-01,ANTI GRIPAL,12
99,OPERATIVO TERRITORIALES,1900-01-01,MENINGOCOC.,5
99,OPERATIVO TERRITORIALES,1900-01-01,HPV,9
99,OPERATIVO TERRITORIALES,1900-01-01,MENINGOCOC.,1
99,OPERATIVO TERRITORIALES,1900-01-01,PENTAVALENTE,-1
99,OPERATIVO TERRITORIALES,1900-01-01,ANTI GRIPAL,1
99,OPERATIVO TERRITORIALES,1900-01-01,MENINGOCOC.,10
99,OPERATIVO TERRITORIALES,1900-01-01,NEUMOCOCICA CONJUGADA,13
99,OPERATIVO TERRITORIALES,1900-01-01,ANTI GRIPAL,8
99,OPERATIVO TERRITORIALES,1900-01-01,HEPATITIS A,8
99,OPERATIVO TERRITORIALES,1900-01-01,FIEBRE AMARILLA,10
99,OPERATIVO TERRITORIALES,1900-01-01,SALK,2
99,OPERATIVO TERRITORIALES,1900-01-01,TRIPLE VIRAL,2
99,OPERATIVO TERRITORIALES,1900-01-01,ANTI GRIPAL,28
99,OPERATIVO TERRITORIALES,1900-01-01,FIEBRE AMARILLA,3
82,Dr. Miguel Rossi Candia,1900-01-01,HEPATITIS B,-1
82,Dr. Miguel Rossi Candia,1900-01-01,SALK,13
82,Dr. Miguel Rossi Candia,1900-01-01,ROTAVIRUS,18
82,Dr. Miguel Rossi Candia,1900-01-01,PENTAVALENTE,10
82,Dr. Miguel Rossi Candia,1900-01-01,NEUMOCOCICA CONJUGADA,18
82,Dr. Miguel Rossi Candia,1900-01-01,TRIPLE VIRAL,16
82,Dr. Miguel Rossi Candia,1900-01-01,ANTI GRIPAL,5
82,Dr. Miguel Rossi Candia,1900-01-01,HEPATITIS A,23
82,Dr. Miguel Rossi Candia,1900-01-01,VARICELA,2
82,Dr. Miguel Rossi Candia,1900-01-01,MENINGOCOC.,94
82,Dr. Miguel Rossi Candia,1900-01-01,FIEBRE AMARILLA,16
82,Dr. Miguel Rossi Candia,1900-01-01,DPT (a),2
82,Dr. Miguel Rossi Candia,1900-01-01,DTA,9
82,Dr. Miguel Rossi Candia,1900-01-01,HPV,8
82,Dr. Miguel Rossi Candia,1900-01-01,NEUMOCOCICA NO CONJUGADA,11
82,Dr. Miguel Rossi Candia,1900-01-01,GRIPE A,5
99,OPERATIVO TERRITORIALES,1900-01-01,SALK,4
99,OPERATIVO TERRITORIALES,1900-01-01,ANTI GRIPAL,48
99,OPERATIVO TERRITORIALES,1900-01-01,MENINGOCOC.,6
99,OPERATIVO TERRITORIALES,1900-01-01,HPV,7
99,OPERATIVO TERRITORIALES,1900-01-01,ROTAVIRUS,2
99,OPERATIVO TERRITORIALES,1900-01-01,HPV,5
10004,Centro de distribucion de Vacunas,1900-01-01,SALK,27
10004,Centro de distribucion de Vacunas,1900-01-01,BEXSERO,5
10004,Centro de distribucion de Vacunas,1900-01-01,PENTAVALENTE,23
10004,Centro de distribucion de Vacunas,1900-01-01,ROTAVIRUS,10
10004,Centro de distribucion de Vacunas,1900-01-01,DPT,9
10004,Centro de distribucion de Vacunas,1900-01-01,DOBLE ADULTO ,51
10004,Centro de distribucion de Vacunas,1900-01-01,TRIPLE VIRAL,17
10004,Centro de distribucion de Vacunas,1900-01-01,HEPATITIS A,5
10004,Centro de distribucion de Vacunas,1900-01-01,HEPATITIS B,38
10004,Centro de distribucion de Vacunas,1900-01-01,DPT (a),20
10004,Centro de distribucion de Vacunas,1900-01-01,ANTI AMARILLICA,4
10004,Centro de distribucion de Vacunas,1900-01-01,NEUMO 13,17
10004,Centro de distribucion de Vacunas,1900-01-01,NEUMO 23 ,1
10004,Centro de distribucion de Vacunas,1900-01-01,HPV,7
10004,Centro de distribucion de Vacunas,1900-01-01,ANTI GRIPAL,6
10004,Centro de distribucion de Vacunas,1900-01-01,ANTI GRIPAL,5
10004,Centro de distribucion de Vacunas,1900-01-01,MENVEO,31
10004,Centro de distribucion de Vacunas,1900-01-01,MENACTRA,1
10004,Centro de distribucion de Vacunas,1900-01-01,VARICELA,3
10004,Centro de distribucion de Vacunas,1900-01-01,SALK,31
10004,Centro de distribucion de Vacunas,1900-01-01,BEXSERO,2
10004,Centro de distribucion de Vacunas,1900-01-01,PENTAVALENTE,21
10004,Centro de distribucion de Vacunas,1900-01-01,ROTAVIRUS,11
10004,Centro de distribucion de Vacunas,1900-01-01,DPT,14
10004,Centro de distribucion de Vacunas,1900-01-01,DOBLE ADULTO ,28
10004,Centro de distribucion de Vacunas,1900-01-01,TRIPLE VIRAL,19
10004,Centro de distribucion de Vacunas,1900-01-01,HEPATITIS B,19
10004,Centro de distribucion de Vacunas,1900-01-01,DPT (a),14
10004,Centro de distribucion de Vacunas,1900-01-01,ANTI AMARILLICA,5
10004,Centro de distribucion de Vacunas,1900-01-01,NEUMO 13,20
10004,Centro de distribucion de Vacunas,1900-01-01,NEUMO 23 ,2
10004,Centro de distribucion de Vacunas,1900-01-01,ANTI GRIPAL,-1
10004,Centro de distribucion de Vacunas,1900-01-01,ANTI GRIPAL,1
10004,Centro de distribucion de Vacunas,1900-01-01,MENVEO,21
10004,Centro de distribucion de Vacunas,1900-01-01,MENACTRA,-1
10004,Centro de distribucion de Vacunas,1900-01-01,VARICELA,4
10004,Centro de distribucion de Vacunas,1900-01-01,SALK,39
10004,Centro de distribucion de Vacunas,1900-01-01,BEXSERO,-1
10004,Centro de distribucion de Vacunas,1900-01-01,PENTAVALENTE,22
10004,Centro de distribucion de Vacunas,1900-01-01,ROTAVIRUS,5
10004,Centro de distribucion de Vacunas,1900-01-01,DPT,18
10004,Centro de distribucion de Vacunas,1900-01-01,DOBLE ADULTO ,45
10004,Centro de distribucion de Vacunas,1900-01-01,TRIPLE VIRAL,32
10004,Centro de distribucion de Vacunas,1900-01-01,HEPATITIS A,6
10004,Centro de distribucion de Vacunas,1900-01-01,HEPATITIS B,27
10004,Centro de distribucion de Vacunas,1900-01-01,DPT (a),8
10004,Centro de distribucion de Vacunas,1900-01-01,ANTI AMARILLICA,12
10004,Centro de distribucion de Vacunas,1900-01-01,NEUMO 13,18
10004,Centro de distribucion de Vacunas,1900-01-01,NEUMO 23 ,9
10004,Centro de distribucion de Vacunas,1900-01-01,HPV,6
10004,Centro de distribucion de Vacunas,1900-01-01,ANTI GRIPAL,4
10004,Centro de distribucion de Vacunas,1900-01-01,MENVEO,28
10004,Centro de distribucion de Vacunas,1900-01-01,MENACTRA,2
10004,Centro de distribucion de Vacunas,1900-01-01,VARICELA,-1
10004,Centro de distribucion de Vacunas,1900-01-01,SALK,5
10004,Centro de distribucion de Vacunas,1900-01-01,O. SABIN ,9
10004,Centro de distribucion de Vacunas,1900-01-01,PENTAVALENTE,11
10004,Centro de distribucion de Vacunas,1900-01-01,DPT,3
10004,Centro de distribucion de Vacunas,1900-01-01,DOBLE ADULTO ,23
10004,Centro de distribucion de Vacunas,1900-01-01,TRIPLE VIRAL,14
10004,Centro de distribucion de Vacunas,1900-01-01,HEPATITIS B,25
10004,Centro de distribucion de Vacunas,1900-01-01,DPT (a),6
10004,Centro de distribucion de Vacunas,1900-01-01,ANTI AMARILLICA,-1
10004,Centro de distribucion de Vacunas,1900-01-01,NEUMO 13,27
10004,Centro de distribucion de Vacunas,1900-01-01,NEUMO 23 ,3
10004,Centro de distribucion de Vacunas,1900-01-01,ANTI GRIPAL,144
10004,Centro de distribucion de Vacunas,1900-01-01,ANTI GRIPAL,19
10004,Centro de distribucion de Vacunas,1900-01-01,MENACTRA,5
10004,Centro de distribucion de Vacunas,1900-01-01,SALK,8
10004,Centro de distribucion de Vacunas,1900-01-01,O. SABIN ,-1
10004,Centro de distribucion de Vacunas,1900-01-01,ROTAVIRUS,2
10004,Centro de distribucion de Vacunas,1900-01-01,DPT,2
10004,Centro de distribucion de Vacunas,1900-01-01,DOBLE ADULTO ,24
10004,Centro de distribucion de Vacunas,1900-01-01,TRIPLE VIRAL,4
10004,Centro de distribucion de Vacunas,1900-01-01,HEPATITIS B,23
10004,Centro de distribucion de Vacunas,1900-01-01,DPT (a),11
10004,Centro de distribucion de Vacunas,1900-01-01,ANTI AMARILLICA,1
10004,Centro de distribucion de Vacunas,1900-01-01,NEUMO 13,16
10004,Centro de distribucion de Vacunas,1900-01-01,NEUMO 23 ,12
10004,Centro de distribucion de Vacunas,1900-01-01,HPV,3
10004,Centro de distribucion de Vacunas,1900-01-01,ANTI GRIPAL,110
10004,Centro de distribucion de Vacunas,1900-01-01,ANTI GRIPAL,17
10004,Centro de distribucion de Vacunas,1900-01-01,MENVEO,8
51,Dr. Juan Chercoff,1900-01-01,NEUMOCOCICA CONJUGADA,3
51,Dr. Juan Chercoff,1900-01-01,TRIPLE VIRAL,3
51,Dr. Juan Chercoff,1900-01-01,ANTI GRIPAL,10
51,Dr. Juan Chercoff,1900-01-01,HEPATITIS A,2
51,Dr. Juan Chercoff,1900-01-01,DPT,1
51,Dr. Juan Chercoff,1900-01-01,DOBLE BACTERIANA,2
36,Esperanza,1900-01-01,SALK,20
36,Esperanza,1900-01-01,ROTAVIRUS,9
36,Esperanza,1900-01-01,PENTAVALENTE,20
36,Esperanza,1900-01-01,NEUMOCOCICA CONJUGADA,12
36,Esperanza,1900-01-01,TRIPLE VIRAL,10
36,Esperanza,1900-01-01,ANTI GRIPAL,38
36,Esperanza,1900-01-01,VARICELA,3
36,Esperanza,1900-01-01,MENINGOCOC.,23
36,Esperanza,1900-01-01,FIEBRE AMARILLA,5
36,Esperanza,1900-01-01,DPT,4
36,Esperanza,1900-01-01,DPT (a),8
36,Esperanza,1900-01-01,DOBLE BACTERIANA,3
36,Esperanza,1900-01-01,HPV,13
62,Pujol,1900-01-01,SALK,2
62,Pujol,1900-01-01,ROTAVIRUS,2
62,Pujol,1900-01-01,PENTAVALENTE,3
62,Pujol,1900-01-01,TRIPLE VIRAL,3
62,Pujol,1900-01-01,ANTI GRIPAL,28
62,Pujol,1900-01-01,MENINGOCOC.,3
62,Pujol,1900-01-01,FIEBRE AMARILLA,5
62,Pujol,1900-01-01,DOBLE BACTERIANA,1
54,Itati,1900-01-01,SALK,11
54,Itati,1900-01-01,ROTAVIRUS,5
54,Itati,1900-01-01,PENTAVALENTE,11
54,Itati,1900-01-01,NEUMOCOCICA CONJUGADA,18
54,Itati,1900-01-01,TRIPLE VIRAL,7
54,Itati,1900-01-01,ANTI GRIPAL,32
54,Itati,1900-01-01,VARICELA,2
54,Itati,1900-01-01,MENINGOCOC.,6
54,Itati,1900-01-01,DPT (a),5
54,Itati,1900-01-01,DPT (a),1
54,Itati,1900-01-01,DOBLE BACTERIANA,6
54,Itati,1900-01-01,HPV,6
54,Itati,1900-01-01,NEUMOCOCICA NO CONJUGADA,1
85,Santa Margarita,1900-01-01,SALK,3
85,Santa Margarita,1900-01-01,ROTAVIRUS,2
85,Santa Margarita,1900-01-01,TRIPLE VIRAL,1
85,Santa Margarita,1900-01-01,ANTI GRIPAL,11
85,Santa Margarita,1900-01-01,MENINGOCOC.,3
85,Santa Margarita,1900-01-01,DPT,1
85,Santa Margarita,1900-01-01,DOBLE BACTERIANA,5
85,Santa Margarita,1900-01-01,HPV,1
58,Dr. Oscar Pirchi,1900-01-01,SALK,18
58,Dr. Oscar Pirchi,1900-01-01,PENTAVALENTE,20
58,Dr. Oscar Pirchi,1900-01-01,NEUMOCOCICA CONJUGADA,14
58,Dr. Oscar Pirchi,1900-01-01,TRIPLE VIRAL,8
58,Dr. Oscar Pirchi,1900-01-01,ANTI GRIPAL,48
58,Dr. Oscar Pirchi,1900-01-01,HEPATITIS A,6
58,Dr. Oscar Pirchi,1900-01-01,VARICELA,4
58,Dr. Oscar Pirchi,1900-01-01,MENINGOCOC.,17
58,Dr. Oscar Pirchi,1900-01-01,FIEBRE AMARILLA,1
58,Dr. Oscar Pirchi,1900-01-01,DPT,2
58,Dr. Oscar Pirchi,1900-01-01,DPT (a),3
58,Dr. Oscar Pirchi,1900-01-01,DOBLE BACTERIANA,5
58,Dr. Oscar Pirchi,1900-01-01,HPV,4
91,Dr. Pedro Blugerman,1900-01-01,ROTAVIRUS,5
91,Dr. Pedro Blugerman,1900-01-01,PENTAVALENTE,15
91,Dr. Pedro Blugerman,1900-01-01,NEUMOCOCICA CONJUGADA,7
91,Dr. Pedro Blugerman,1900-01-01,TRIPLE VIRAL,6
91,Dr. Pedro Blugerman,1900-01-01,ANTI GRIPAL,35
91,Dr. Pedro Blugerman,1900-01-01,HEPATITIS A,2
91,Dr. Pedro Blugerman,1900-01-01,MENINGOCOC.,7
91,Dr. Pedro Blugerman,1900-01-01,DPT (a),5
91,Dr. Pedro Blugerman,1900-01-01,DOBLE BACTERIANA,7
91,Dr. Pedro Blugerman,1900-01-01,HPV,9
48,Dr. Jose de los Reyes Vidal,1900-01-01,SALK,8
48,Dr. Jose de los Reyes Vidal,1900-01-01,PENTAVALENTE,4
48,Dr. Jose de los Reyes Vidal,1900-01-01,ANTI GRIPAL,32
48,Dr. Jose de los Reyes Vidal,1900-01-01,ANTI GRIPAL,5
48,Dr. Jose de los Reyes Vidal,1900-01-01,HEPATITIS A,1
48,Dr. Jose de los Reyes Vidal,1900-01-01,MENINGOCOC.,7
48,Dr. Jose de los Reyes Vidal,1900-01-01,DPT,4
48,Dr. Jose de los Reyes Vidal,1900-01-01,DPT (a),2
48,Dr. Jose de los Reyes Vidal,1900-01-01,DOBLE VIRAL,23
48,Dr. Jose de los Reyes Vidal,1900-01-01,HPV,3
48,Dr. Jose de los Reyes Vidal,1900-01-01,NEUMOCOCICA NO CONJUGADA,2
79,Quinta Ferre,1900-01-01,SALK,3
79,Quinta Ferre,1900-01-01,NEUMOCOCICA CONJUGADA,7
79,Quinta Ferre,1900-01-01,TRIPLE VIRAL,2
79,Quinta Ferre,1900-01-01,ANTI GRIPAL,19
79,Quinta Ferre,1900-01-01,DPT (a),2
79,Quinta Ferre,1900-01-01,DOBLE BACTERIANA,3
45,Dr. Saul Calmanash,1900-01-01,ROTAVIRUS,2
45,Dr. Saul Calmanash,1900-01-01,NEUMOCOCICA CONJUGADA,5
45,Dr. Saul Calmanash,1900-01-01,ANTI GRIPAL,16
45,Dr. Saul Calmanash,1900-01-01,VARICELA,2
45,Dr. Saul Calmanash,1900-01-01,MENINGOCOC.,3
45,Dr. Saul Calmanash,1900-01-01,DPT (a),4
45,Dr. Saul Calmanash,1900-01-01,DTA,2
45,Dr. Saul Calmanash,1900-01-01,HPV,4
38,Dr. JC Benitez Suarez,1900-01-01,HEPATITIS B,9
38,Dr. JC Benitez Suarez,1900-01-01,ROTAVIRUS,13
38,Dr. JC Benitez Suarez,1900-01-01,PENTAVALENTE,17
38,Dr. JC Benitez Suarez,1900-01-01,TRIPLE VIRAL,9
38,Dr. JC Benitez Suarez,1900-01-01,ANTI GRIPAL,85
38,Dr. JC Benitez Suarez,1900-01-01,HEPATITIS A,1
38,Dr. JC Benitez Suarez,1900-01-01,HPV,10
49,Dr. Benjamin Serrano,1900-01-01,SALK,9
49,Dr. Benjamin Serrano,1900-01-01,ROTAVIRUS,3
49,Dr. Benjamin Serrano,1900-01-01,PENTAVALENTE,6
49,Dr. Benjamin Serrano,1900-01-01,NEUMOCOCICA CONJUGADA,21
49,Dr. Benjamin Serrano,1900-01-01,ANTI GRIPAL,47
49,Dr. Benjamin Serrano,1900-01-01,HEPATITIS A,1
49,Dr. Benjamin Serrano,1900-01-01,VARICELA,2
49,Dr. Benjamin Serrano,1900-01-01,MENINGOCOC.,12
49,Dr. Benjamin Serrano,1900-01-01,DPT (a),4
49,Dr. Benjamin Serrano,1900-01-01,DOBLE BACTERIANA,2
49,Dr. Benjamin Serrano,1900-01-01,HPV,8
46,Rio Parana,1900-01-01,HEPATITIS B,1
46,Rio Parana,1900-01-01,SALK,16
46,Rio Parana,1900-01-01,ROTAVIRUS,5
46,Rio Parana,1900-01-01,PENTAVALENTE,13
46,Rio Parana,1900-01-01,NEUMOCOCICA CONJUGADA,6
46,Rio Parana,1900-01-01,TRIPLE VIRAL,9
46,Rio Parana,1900-01-01,ANTI GRIPAL,66
46,Rio Parana,1900-01-01,HEPATITIS A,3
46,Rio Parana,1900-01-01,MENINGOCOC.,9
46,Rio Parana,1900-01-01,DPT,8
46,Rio Parana,1900-01-01,DPT (a),3
46,Rio Parana,1900-01-01,DOBLE BACTERIANA,3
46,Rio Parana,1900-01-01,HPV,8
88,Dr. Lifschitz,1900-01-01,SALK,10
88,Dr. Lifschitz,1900-01-01,ROTAVIRUS,5
88,Dr. Lifschitz,1900-01-01,PENTAVALENTE,10
88,Dr. Lifschitz,1900-01-01,NEUMOCOCICA CONJUGADA,6
88,Dr. Lifschitz,1900-01-01,ANTI GRIPAL,45
88,Dr. Lifschitz,1900-01-01,MENINGOCOC.,14
88,Dr. Lifschitz,1900-01-01,DPT (a),10
85,Santa Margarita,1900-01-01,ROTAVIRUS,4
85,Santa Margarita,1900-01-01,NEUMOCOCICA CONJUGADA,5
85,Santa Margarita,1900-01-01,TRIPLE VIRAL,2
85,Santa Margarita,1900-01-01,ANTI GRIPAL,5
85,Santa Margarita,1900-01-01,HEPATITIS A,1
85,Santa Margarita,1900-01-01,VARICELA,5
85,Santa Margarita,1900-01-01,NEUMOCOCICA NO CONJUGADA,4
70,Villa Garcia,1900-01-01,TRIPLE VIRAL,3
70,Villa Garcia,1900-01-01,VARICELA,3
70,Villa Garcia,1900-01-01,MENINGOCOC.,6
70,Villa Garcia,1900-01-01,FIEBRE AMARILLA,9
70,Villa Garcia,1900-01-01,DPT,3
70,Villa Garcia,1900-01-01,DPT (a),2
70,Villa Garcia,1900-01-01,DOBLE BACTERIANA,1
47,Dr. Guillermo Rawson,1900-01-01,HEPATITIS B,13
47,Dr. Guillermo Rawson,1900-01-01,SALK,7
47,Dr. Guillermo Rawson,1900-01-01,PENTAVALENTE,9
47,Dr. Guillermo Rawson,1900-01-01,NEUMOCOCICA CONJUGADA,11
47,Dr. Guillermo Rawson,1900-01-01,ANTI GRIPAL,27
47,Dr. Guillermo Rawson,1900-01-01,VARICELA,4
47,Dr. Guillermo Rawson,1900-01-01,DPT,14
47,Dr. Guillermo Rawson,1900-01-01,DPT (a),8
47,Dr. Guillermo Rawson,1900-01-01,DOBLE BACTERIANA,17
47,Dr. Guillermo Rawson,1900-01-01,HPV,13
47,Dr. Guillermo Rawson,1900-01-01,NEUMOCOCICA NO CONJUGADA,10
127,Santa Catalina,1900-01-01,HEPATITIS B,2
127,Santa Catalina,1900-01-01,SALK,4
127,Santa Catalina,1900-01-01,PENTAVALENTE,4
127,Santa Catalina,1900-01-01,NEUMOCOCICA CONJUGADA,2
127,Santa Catalina,1900-01-01,TRIPLE VIRAL,3
127,Santa Catalina,1900-01-01,ANTI GRIPAL,10
127,Santa Catalina,1900-01-01,VARICELA,4
127,Santa Catalina,1900-01-01,MENINGOCOC.,7
127,Santa Catalina,1900-01-01,DPT,33
127,Santa Catalina,1900-01-01,DPT (a),3
127,Santa Catalina,1900-01-01,DOBLE BACTERIANA,2
127,Santa Catalina,1900-01-01,HPV,2
127,Santa Catalina,1900-01-01,NEUMOCOCICA NO CONJUGADA,2
75,Dr. Mauricio Open,1900-01-01,HEPATITIS B,3
75,Dr. Mauricio Open,1900-01-01,SALK,6
75,Dr. Mauricio Open,1900-01-01,NEUMOCOCICA CONJUGADA,6
75,Dr. Mauricio Open,1900-01-01,SABIN ORAL,6
75,Dr. Mauricio Open,1900-01-01,TRIPLE VIRAL,2
75,Dr. Mauricio Open,1900-01-01,ANTI GRIPAL,32
75,Dr. Mauricio Open,1900-01-01,VARICELA,4
75,Dr. Mauricio Open,1900-01-01,FIEBRE AMARILLA,10
75,Dr. Mauricio Open,1900-01-01,DPT,1
75,Dr. Mauricio Open,1900-01-01,DOBLE BACTERIANA,7
75,Dr. Mauricio Open,1900-01-01,HPV,10
34,Dr. Marcelino Vera,1900-01-01,ROTAVIRUS,1
34,Dr. Marcelino Vera,1900-01-01,PENTAVALENTE,1
34,Dr. Marcelino Vera,1900-01-01,NEUMOCOCICA CONJUGADA,7
34,Dr. Marcelino Vera,1900-01-01,ANTI GRIPAL,6
34,Dr. Marcelino Vera,1900-01-01,HEPATITIS A,1
34,Dr. Marcelino Vera,1900-01-01,DPT,2
62,Pujol,1900-01-01,HEPATITIS B,1
62,Pujol,1900-01-01,PENTAVALENTE,1
62,Pujol,1900-01-01,NEUMOCOCICA CONJUGADA,3
62,Pujol,1900-01-01,ANTI GRIPAL,16
62,Pujol,1900-01-01,HEPATITIS A,2
62,Pujol,1900-01-01,MENINGOCOC.,1
62,Pujol,1900-01-01,DPT,1
62,Pujol,1900-01-01,DPT (a),3
62,Pujol,1900-01-01,DOBLE BACTERIANA,2
62,Pujol,1900-01-01,HPV,1
70,Villa Garcia,1900-01-01,SALK,10
70,Villa Garcia,1900-01-01,ROTAVIRUS,2
70,Villa Garcia,1900-01-01,PENTAVALENTE,8
70,Villa Garcia,1900-01-01,ANTI GRIPAL,36
70,Villa Garcia,1900-01-01,HEPATITIS A,6
70,Villa Garcia,1900-01-01,FIEBRE AMARILLA,5
70,Villa Garcia,1900-01-01,DOBLE BACTERIANA,6
70,Villa Garcia,1900-01-01,NEUMOCOCICA NO CONJUGADA,3
99,OPERATIVO TERRITORIALES,1900-01-01,PENTAVALENTE,6
99,OPERATIVO TERRITORIALES,1900-01-01,NEUMO 13,4
99,OPERATIVO TERRITORIALES,1900-01-01,FLUXVIRG,1
99,OPERATIVO TERRITORIALES,1900-01-01,ANTI GRIPAL,6
41,Dr. Manuel Gonzalez,1900-01-01,HEPATITIS B,1
41,Dr. Manuel Gonzalez,1900-01-01,SALK,7
41,Dr. Manuel Gonzalez,1900-01-01,ROTAVIRUS,3
41,Dr. Manuel Gonzalez,1900-01-01,PENTAVALENTE,8
41,Dr. Manuel Gonzalez,1900-01-01,NEUMOCOCICA CONJUGADA,5
41,Dr. Manuel Gonzalez,1900-01-01,TRIPLE VIRAL,5
41,Dr. Manuel Gonzalez,1900-01-01,ANTI GRIPAL,14
41,Dr. Manuel Gonzalez,1900-01-01,MENINGOCOC.,5
41,Dr. Manuel Gonzalez,1900-01-01,DPT,2
41,Dr. Manuel Gonzalez,1900-01-01,DPT (a),2
41,Dr. Manuel Gonzalez,1900-01-01,DOBLE BACTERIANA,2
41,Dr. Manuel Gonzalez,1900-01-01,DOBLE VIRAL,5
41,Dr. Manuel Gonzalez,1900-01-01,NEUMOCOCICA NO CONJUGADA,5
90,Sapucay,1900-01-01,SALK,9
90,Sapucay,1900-01-01,ROTAVIRUS,8
90,Sapucay,1900-01-01,PENTAVALENTE,12
90,Sapucay,1900-01-01,ANTI GRIPAL,23
90,Sapucay,1900-01-01,HEPATITIS A,1
90,Sapucay,1900-01-01,VARICELA,4
90,Sapucay,1900-01-01,MENINGOCOC.,6
90,Sapucay,1900-01-01,DPT,2
90,Sapucay,1900-01-01,DOBLE BACTERIANA,6
90,Sapucay,1900-01-01,HPV,1
90,Sapucay,1900-01-01,NEUMOCOCICA NO CONJUGADA,2
82,Dr. Miguel Rossi Candia,1900-01-01,HEPATITIS B,30
82,Dr. Miguel Rossi Candia,1900-01-01,SALK,34
82,Dr. Miguel Rossi Candia,1900-01-01,PENTAVALENTE,26
82,Dr. Miguel Rossi Candia,1900-01-01,NEUMOCOCICA CONJUGADA,17
82,Dr. Miguel Rossi Candia,1900-01-01,TRIPLE VIRAL,24
82,Dr. Miguel Rossi Candia,1900-01-01,VARICELA,7
82,Dr. Miguel Rossi Candia,1900-01-01,MENINGOCOC.,19
82,Dr. Miguel Rossi Candia,1900-01-01,FIEBRE AMARILLA,9
82,Dr. Miguel Rossi Candia,1900-01-01,DPT,14
82,Dr. Miguel Rossi Candia,1900-01-01,DPT (a),31
82,Dr. Miguel Rossi Candia,1900-01-01,DTA,12
82,Dr. Miguel Rossi Candia,1900-01-01,HPV,17
70,Villa Garcia,1900-01-01,SALK,7
70,Villa Garcia,1900-01-01,TRIPLE VIRAL,7
70,Villa Garcia,1900-01-01,ANTI GRIPAL,3
70,Villa Garcia,1900-01-01,HEPATITIS A,5
70,Villa Garcia,1900-01-01,MENINGOCOC.,7
70,Villa Garcia,1900-01-01,HPV,5
42,Dr. Santiago Lorenzo,1900-01-01,HEPATITIS B,5
42,Dr. Santiago Lorenzo,1900-01-01,SALK,12
42,Dr. Santiago Lorenzo,1900-01-01,PENTAVALENTE,26
42,Dr. Santiago Lorenzo,1900-01-01,NEUMOCOCICA CONJUGADA,19
42,Dr. Santiago Lorenzo,1900-01-01,ANTI GRIPAL,11
42,Dr. Santiago Lorenzo,1900-01-01,TRIPLE VIRAL,4
42,Dr. Santiago Lorenzo,1900-01-01,ANTI GRIPAL,20
42,Dr. Santiago Lorenzo,1900-01-01,MENINGOCOC.,31
42,Dr. Santiago Lorenzo,1900-01-01,ANTI GRIPAL,3
42,Dr. Santiago Lorenzo,1900-01-01,HPV,15
42,Dr. Santiago Lorenzo,1900-01-01,NEUMOCOCICA NO CONJUGADA,4
88,Dr. Lifschitz,1900-01-01,SALK,3
88,Dr. Lifschitz,1900-01-01,ROTAVIRUS,3
88,Dr. Lifschitz,1900-01-01,PENTAVALENTE,3
88,Dr. Lifschitz,1900-01-01,NEUMOCOCICA CONJUGADA,3
88,Dr. Lifschitz,1900-01-01,TRIPLE VIRAL,3
88,Dr. Lifschitz,1900-01-01,HEPATITIS A,3
88,Dr. Lifschitz,1900-01-01,DPT,1
88,Dr. Lifschitz,1900-01-01,DPT (a),5
88,Dr. Lifschitz,1900-01-01,DOBLE BACTERIANA,6
88,Dr. Lifschitz,1900-01-01,HPV,5
88,Dr. Lifschitz,1900-01-01,NEUMOCOCICA NO CONJUGADA,5
38,Dr. JC Benitez Suarez,1900-01-01,ROTAVIRUS,15
38,Dr. JC Benitez Suarez,1900-01-01,PENTAVALENTE,20
38,Dr. JC Benitez Suarez,1900-01-01,ANTI GRIPAL,75
38,Dr. JC Benitez Suarez,1900-01-01,HEPATITIS A,7
38,Dr. JC Benitez Suarez,1900-01-01,MENINGOCOC.,10
38,Dr. JC Benitez Suarez,1900-01-01,DPT,17
38,Dr. JC Benitez Suarez,1900-01-01,DPT (a),12
38,Dr. JC Benitez Suarez,1900-01-01,DOBLE VIRAL,9
38,Dr. JC Benitez Suarez,1900-01-01,HPV,9
38,Dr. JC Benitez Suarez,1900-01-01,NEUMOCOCICA NO CONJUGADA,10
10004,Centro de distribucion de Vacunas,1900-01-01,PENTAVALENTE,14
10004,Centro de distribucion de Vacunas,1900-01-01,ROTAVIRUS,6
10004,Centro de distribucion de Vacunas,1900-01-01,DOBLE ADULTO ,37
10004,Centro de distribucion de Vacunas,1900-01-01,TRIPLE VIRAL,5
10004,Centro de distribucion de Vacunas,1900-01-01,HEPATITIS A,4
10004,Centro de distribucion de Vacunas,1900-01-01,HEPATITIS B,11
10004,Centro de distribucion de Vacunas,1900-01-01,DPT (a),16
10004,Centro de distribucion de Vacunas,1900-01-01,ANTI AMARILLICA ,3
10004,Centro de distribucion de Vacunas,1900-01-01,NEUMO 13 ,33
10004,Centro de distribucion de Vacunas,1900-01-01,NEUMO 23 ,18
10004,Centro de distribucion de Vacunas,1900-01-01,HPV,9
10004,Centro de distribucion de Vacunas,1900-01-01,ANTI GRIPAL,35
10004,Centro de distribucion de Vacunas,1900-01-01,ANTI GRIPAL,14
10004,Centro de distribucion de Vacunas,1900-01-01,ANTI GRIPAL,15
10004,Centro de distribucion de Vacunas,1900-01-01,MENVEO,18
10004,Centro de distribucion de Vacunas,1900-01-01,VARICELA,9
45,Dr. Saul Calmanash,1900-01-01,SALK,5
45,Dr. Saul Calmanash,1900-01-01,ROTAVIRUS,3
45,Dr. Saul Calmanash,1900-01-01,PENTAVALENTE,4
45,Dr. Saul Calmanash,1900-01-01,TRIPLE VIRAL,3
45,Dr. Saul Calmanash,1900-01-01,HEPATITIS A,3
45,Dr. Saul Calmanash,1900-01-01,MENINGOCOC.,16
45,Dr. Saul Calmanash,1900-01-01,DPT (a),15
45,Dr. Saul Calmanash,1900-01-01,HPV,11
91,Dr. Pedro Blugerman,1900-01-01,HEPATITIS B,2
91,Dr. Pedro Blugerman,1900-01-01,SALK,11
91,Dr. Pedro Blugerman,1900-01-01,ROTAVIRUS,3
91,Dr. Pedro Blugerman,1900-01-01,PENTAVALENTE,18
91,Dr. Pedro Blugerman,1900-01-01,TRIPLE VIRAL,10
91,Dr. Pedro Blugerman,1900-01-01,ANTI GRIPAL,52
91,Dr. Pedro Blugerman,1900-01-01,HEPATITIS A,7
91,Dr. Pedro Blugerman,1900-01-01,MENINGOCOC.,28
91,Dr. Pedro Blugerman,1900-01-01,FIEBRE AMARILLA,2
91,Dr. Pedro Blugerman,1900-01-01,DOBLE BACTERIANA,2
91,Dr. Pedro Blugerman,1900-01-01,HPV,11
10003,Guemes,1900-01-01,SALK,3
10003,Guemes,1900-01-01,PENTAVALENTE,1
10003,Guemes,1900-01-01,NEUMOCOCICA CONJUGADA,1
10003,Guemes,1900-01-01,TRIPLE VIRAL,4
10003,Guemes,1900-01-01,ANTI GRIPAL,27
10003,Guemes,1900-01-01,HEPATITIS A,1
10003,Guemes,1900-01-01,MENINGOCOC.,7
10003,Guemes,1900-01-01,DPT,3
10003,Guemes,1900-01-01,DPT (a),3
10003,Guemes,1900-01-01,DOBLE ADULTO,3
10003,Guemes,1900-01-01,HPV,5
10003,Guemes,1900-01-01,NEUMOCOCICA NO CONJUGADA,16
48,Dr. Jose de los Reyes Vidal,1900-01-01,SALK,4
48,Dr. Jose de los Reyes Vidal,1900-01-01,PENTAVALENTE,5
48,Dr. Jose de los Reyes Vidal,1900-01-01,NEUMOCOCICA CONJUGADA,9
48,Dr. Jose de los Reyes Vidal,1900-01-01,TRIPLE VIRAL,5
48,Dr. Jose de los Reyes Vidal,1900-01-01,ANTI GRIPAL,11
48,Dr. Jose de los Reyes Vidal,1900-01-01,MENINGOCOC.,5
48,Dr. Jose de los Reyes Vidal,1900-01-01,DOBLE BACTERIANA,1
48,Dr. Jose de los Reyes Vidal,1900-01-01,DOBLE VIRAL,1
48,Dr. Jose de los Reyes Vidal,1900-01-01,HPV,1
36,Esperanza,1900-01-01,SALK,11
36,Esperanza,1900-01-01,ROTAVIRUS,11
36,Esperanza,1900-01-01,PENTAVALENTE,22
36,Esperanza,1900-01-01,NEUMOCOCICA NO CONJUGADA,18
36,Esperanza,1900-01-01,TRIPLE VIRAL,14
36,Esperanza,1900-01-01,ANTI GRIPAL,24
36,Esperanza,1900-01-01,VARICELA,8
36,Esperanza,1900-01-01,MENINGOCOC.,28
36,Esperanza,1900-01-01,DPT,8
36,Esperanza,1900-01-01,DPT (a),14
36,Esperanza,1900-01-01,HPV,16
36,Esperanza,1900-01-01,NEUMOCOCICA NO CONJUGADA,3
32,Dr. Manuel Cassuso,1900-01-01,HEPATITIS B,6
32,Dr. Manuel Cassuso,1900-01-01,SALK,18
32,Dr. Manuel Cassuso,1900-01-01,PENTAVALENTE,18
32,Dr. Manuel Cassuso,1900-01-01,TRIPLE VIRAL,11
32,Dr. Manuel Cassuso,1900-01-01,ANTI GRIPAL,48
32,Dr. Manuel Cassuso,1900-01-01,HEPATITIS A,7
32,Dr. Manuel Cassuso,1900-01-01,VARICELA,9
32,Dr. Manuel Cassuso,1900-01-01,MENINGOCOC.,18
32,Dr. Manuel Cassuso,1900-01-01,FIEBRE AMARILLA,10
32,Dr. Manuel Cassuso,1900-01-01,DPT,11
32,Dr. Manuel Cassuso,1900-01-01,DPT (a),7
32,Dr. Manuel Cassuso,1900-01-01,DOBLE BACTERIANA,21
32,Dr. Manuel Cassuso,1900-01-01,HPV,17
32,Dr. Manuel Cassuso,1900-01-01,NEUMOCOCICA NO CONJUGADA,7
49,Dr. Benjamin Serrano,1900-01-01,HEPATITIS B,2
49,Dr. Benjamin Serrano,1900-01-01,SALK,13
49,Dr. Benjamin Serrano,1900-01-01,ROTAVIRUS,7
49,Dr. Benjamin Serrano,1900-01-01,PENTAVALENTE,12
49,Dr. Benjamin Serrano,1900-01-01,NEUMOCOCICA CONJUGADA,22
49,Dr. Benjamin Serrano,1900-01-01,TRIPLE VIRAL,7
49,Dr. Benjamin Serrano,1900-01-01,ANTI GRIPAL,50
49,Dr. Benjamin Serrano,1900-01-01,HEPATITIS A,2
49,Dr. Benjamin Serrano,1900-01-01,VARICELA,3
49,Dr. Benjamin Serrano,1900-01-01,MENINGOCOC.,10
49,Dr. Benjamin Serrano,1900-01-01,DPT (a),9
49,Dr. Benjamin Serrano,1900-01-01,DOBLE BACTERIANA,6
49,Dr. Benjamin Serrano,1900-01-01,HPV,11
76,Dr. Romilio Monzón,1900-01-01,SALK,5
76,Dr. Romilio Monzón,1900-01-01,ROTAVIRUS,3
76,Dr. Romilio Monzón,1900-01-01,PENTAVALENTE,4
76,Dr. Romilio Monzón,1900-01-01,NEUMOCOCICA CONJUGADA,7
76,Dr. Romilio Monzón,1900-01-01,ANTI GRIPAL,33
76,Dr. Romilio Monzón,1900-01-01,HEPATITIS A,2
76,Dr. Romilio Monzón,1900-01-01,MENINGOCOC.,13
76,Dr. Romilio Monzón,1900-01-01,DPT,2
76,Dr. Romilio Monzón,1900-01-01,DPT (a),7
76,Dr. Romilio Monzón,1900-01-01,NEUMOCOCICA NO CONJUGADA,4
54,Itati,1900-01-01,HEPATITIS B,8
54,Itati,1900-01-01,ROTAVIRUS,4
54,Itati,1900-01-01,PENTAVALENTE,8
54,Itati,1900-01-01,NEUMOCOCICA CONJUGADA,9
54,Itati,1900-01-01,TRIPLE VIRAL,4
54,Itati,1900-01-01,ANTI GRIPAL,20
54,Itati,1900-01-01,HEPATITIS A,2
54,Itati,1900-01-01,VARICELA,1
54,Itati,1900-01-01,MENINGOCOC.,8
54,Itati,1900-01-01,DPT,3
54,Itati,1900-01-01,DPT (a),2
54,Itati,1900-01-01,DOBLE BACTERIANA,4
54,Itati,1900-01-01,HPV,1
10000,Dr. Anibal Malvido,1900-01-01,SALK,14
10000,Dr. Anibal Malvido,1900-01-01,ROTAVIRUS,8
10000,Dr. Anibal Malvido,1900-01-01,PENTAVALENTE,17
10000,Dr. Anibal Malvido,1900-01-01,TRIPLE VIRAL,5
10000,Dr. Anibal Malvido,1900-01-01,ANTI GRIPAL,28
10000,Dr. Anibal Malvido,1900-01-01,VARICELA,3
10000,Dr. Anibal Malvido,1900-01-01,MENINGOCOC.,12
10000,Dr. Anibal Malvido,1900-01-01,DPT,4
10000,Dr. Anibal Malvido,1900-01-01,DPT (a),8
10000,Dr. Anibal Malvido,1900-01-01,DOBLE BACTERIANA,5
10000,Dr. Anibal Malvido,1900-01-01,HPV,4
10000,Dr. Anibal Malvido,1900-01-01,NEUMOCOCICA NO CONJUGADA,7
79,Quinta Ferre,1900-01-01,HEPATITIS B,4
79,Quinta Ferre,1900-01-01,SALK,8
79,Quinta Ferre,1900-01-01,ROTAVIRUS,4
79,Quinta Ferre,1900-01-01,PENTAVALENTE,7
79,Quinta Ferre,1900-01-01,NEUMOCOCICA CONJUGADA,11
79,Quinta Ferre,1900-01-01,TRIPLE VIRAL,7
79,Quinta Ferre,1900-01-01,ANTI GRIPAL,24
79,Quinta Ferre,1900-01-01,HEPATITIS A,5
79,Quinta Ferre,1900-01-01,VARICELA,6
79,Quinta Ferre,1900-01-01,MENINGOCOC.,13
79,Quinta Ferre,1900-01-01,DPT (a),5
79,Quinta Ferre,1900-01-01,DOBLE VIRAL,2
79,Quinta Ferre,1900-01-01,HPV,8
73,San Marcos,1900-01-01,SALK,4
73,San Marcos,1900-01-01,PENTAVALENTE,4
73,San Marcos,1900-01-01,NEUMOCOCICA CONJUGADA,4
73,San Marcos,1900-01-01,TRIPLE VIRAL,2
73,San Marcos,1900-01-01,ANTI GRIPAL,24
73,San Marcos,1900-01-01,HEPATITIS A,2
73,San Marcos,1900-01-01,MENINGOCOC.,3
73,San Marcos,1900-01-01,DOBLE BACTERIANA,2
73,San Marcos,1900-01-01,NEUMOCOCICA NO CONJUGADA,13
51,Dr. Juan Chercoff,1900-01-01,TRIPLE VIRAL,2
51,Dr. Juan Chercoff,1900-01-01,ANTI GRIPAL,12
51,Dr. Juan Chercoff,1900-01-01,VARICELA,1
51,Dr. Juan Chercoff,1900-01-01,DOBLE BACTERIANA,1
69,Primera Junta,1900-01-01,HEPATITIS B,6
69,Primera Junta,1900-01-01,SALK,6
69,Primera Junta,1900-01-01,ROTAVIRUS,7
69,Primera Junta,1900-01-01,NEUMOCOCICA CONJUGADA,4
69,Primera Junta,1900-01-01,TRIPLE VIRAL,6
69,Primera Junta,1900-01-01,ANTI GRIPAL,7
69,Primera Junta,1900-01-01,VARICELA,5
69,Primera Junta,1900-01-01,MENINGOCOC.,5
69,Primera Junta,1900-01-01,DPT (a),6
10002,Dr. Semper,1900-01-01,SALK,5
10002,Dr. Semper,1900-01-01,ROTAVIRUS,1
10002,Dr. Semper,1900-01-01,PENTAVALENTE,4
10002,Dr. Semper,1900-01-01,ANTI GRIPAL,17
10002,Dr. Semper,1900-01-01,HEPATITIS A,2
10002,Dr. Semper,1900-01-01,DPT,3
10002,Dr. Semper,1900-01-01,DPT (a),3
10002,Dr. Semper,1900-01-01,DOBLE BACTERIANA,10
10001,Dr. Korimblum,1900-01-01,PREV 13,11
10001,Dr. Korimblum,1900-01-01,HEPATITIS B,1
10001,Dr. Korimblum,1900-01-01,TRIPLE VIRAL,1
10001,Dr. Korimblum,1900-01-01,ANTI GRIPAL,15
10001,Dr. Korimblum,1900-01-01,VARICELA,2
10001,Dr. Korimblum,1900-01-01,MENINGOCOC.,6
10001,Dr. Korimblum,1900-01-01,NEUMO23,4
10001,Dr. Korimblum,1900-01-01,DOBLE BACTERIANA,4
89,Santa Marta,1900-01-01,ROTAVIRUS,8
89,Santa Marta,1900-01-01,PENTAVALENTE,10
89,Santa Marta,1900-01-01,NEUMOCOCICA CONJUGADA,9
89,Santa Marta,1900-01-01,ANTI GRIPAL,32
89,Santa Marta,1900-01-01,VARICELA,6
89,Santa Marta,1900-01-01,MENINGOCOC.,7
89,Santa Marta,1900-01-01,FIEBRE AMARILLA,10
89,Santa Marta,1900-01-01,DPT,8
82,Dr. Miguel Rossi Candia,1900-01-01,HEPATITIS B,25
82,Dr. Miguel Rossi Candia,1900-01-01,ROTAVIRUS,5
82,Dr. Miguel Rossi Candia,1900-01-01,PENTAVALENTE,14
82,Dr. Miguel Rossi Candia,1900-01-01,NEUMOCOCICA CONJUGADA,22
82,Dr. Miguel Rossi Candia,1900-01-01,GRIPE,15
82,Dr. Miguel Rossi Candia,1900-01-01,VARICELA,6
82,Dr. Miguel Rossi Candia,1900-01-01,MENINGOCOC.,20
82,Dr. Miguel Rossi Candia,1900-01-01,DPT (a),7
82,Dr. Miguel Rossi Candia,1900-01-01,DTA,20
82,Dr. Miguel Rossi Candia,1900-01-01,NEUMOCOCICA NO CONJUGADA,8
82,Dr. Miguel Rossi Candia,1900-01-01,GRIPE A,44
37,Dr. Sussini,1900-01-01,HEPATITIS A,5
37,Dr. Sussini,1900-01-01,SALK,9
37,Dr. Sussini,1900-01-01,ROTAVIRUS,3
37,Dr. Sussini,1900-01-01,PENTAVALENTE,11
37,Dr. Sussini,1900-01-01,NEUMOCOCICA CONJUGADA,8
37,Dr. Sussini,1900-01-01,TRIPLE VIRAL,8
37,Dr. Sussini,1900-01-01,ANTI GRIPAL,18
37,Dr. Sussini,1900-01-01,HEPATITIS A,3
37,Dr. Sussini,1900-01-01,VARICELA,4
37,Dr. Sussini,1900-01-01,MENINGOCOC.,11
37,Dr. Sussini,1900-01-01,FIEBRE AMARILLA,7
37,Dr. Sussini,1900-01-01,DPT,4
37,Dr. Sussini,1900-01-01,DPT (a),1
37,Dr. Sussini,1900-01-01,DOBLE BACTERIANA,3
37,Dr. Sussini,1900-01-01,DOBLE VIRAL,1
37,Dr. Sussini,1900-01-01,HPV,9
58,Dr. Oscar Pirchi,1900-01-01,SALK,13
58,Dr. Oscar Pirchi,1900-01-01,ROTAVIRUS,7
58,Dr. Oscar Pirchi,1900-01-01,NEUMOCOCICA CONJUGADA,15
58,Dr. Oscar Pirchi,1900-01-01,ANTI GRIPAL,36
58,Dr. Oscar Pirchi,1900-01-01,MENINGOCOC.,12
58,Dr. Oscar Pirchi,1900-01-01,FIEBRE AMARILLA,3
58,Dr. Oscar Pirchi,1900-01-01,DPT,3
58,Dr. Oscar Pirchi,1900-01-01,DPT (a),4
58,Dr. Oscar Pirchi,1900-01-01,DOBLE BACTERIANA,10
58,Dr. Oscar Pirchi,1900-01-01,NEUMOCOCICA NO CONJUGADA,11
46,Rio Parana,1900-01-01,SALK,13
46,Rio Parana,1900-01-01,PENTAVALENTE,12
46,Rio Parana,1900-01-01,NEUMOCOCICA CONJUGADA,12
46,Rio Parana,1900-01-01,ANTI GRIPAL,53
46,Rio Parana,1900-01-01,VARICELA,2
46,Rio Parana,1900-01-01,MENINGOCOC.,7
46,Rio Parana,1900-01-01,FIEBRE AMARILLA,3
46,Rio Parana,1900-01-01,DPT,6
46,Rio Parana,1900-01-01,DOBLE BACTERIANA,2
46,Rio Parana,1900-01-01,HPV,1
69,Primera Junta,1900-01-01,HEPATITIS B,7
69,Primera Junta,1900-01-01,ROTAVIRUS,3
69,Primera Junta,1900-01-01,PENTAVALENTE,4
69,Primera Junta,1900-01-01,TRIPLE VIRAL,8
69,Primera Junta,1900-01-01,ANTI GRIPAL,23
69,Primera Junta,1900-01-01,MENINGOCOC.,10
69,Primera Junta,1900-01-01,FIEBRE AMARILLA,3
69,Primera Junta,1900-01-01,DPT,5
69,Primera Junta,1900-01-01,DPT (a),13
69,Primera Junta,1900-01-01,DOBLE BACTERIANA,14
69,Primera Junta,1900-01-01,HPV,8
69,Primera Junta,1900-01-01,NEUMOCOCICA NO CONJUGADA,6
90,Sapucay,1900-01-01,NEUMOCOCICA CONJUGADA,6
90,Sapucay,1900-01-01,ANTI GRIPAL,9
90,Sapucay,1900-01-01,FIEBRE AMARILLA,7
90,Sapucay,1900-01-01,DOBLE BACTERIANA,1
90,Sapucay,1900-01-01,NEUMOCOCICA NO CONJUGADA,1
48,Dr. Jose de los Reyes Vidal,1900-01-01,ROTAVIRUS,1
48,Dr. Jose de los Reyes Vidal,1900-01-01,NEUMOCOCICA CONJUGADA,3
48,Dr. Jose de los Reyes Vidal,1900-01-01,ANTI GRIPAL,13
48,Dr. Jose de los Reyes Vidal,1900-01-01,MENINGOCOC.,4
48,Dr. Jose de los Reyes Vidal,1900-01-01,DPT,3
91,Dr. Pedro Blugerman,1900-01-01,ROTAVIRUS,7
91,Dr. Pedro Blugerman,1900-01-01,ANTI GRIPAL,12
91,Dr. Pedro Blugerman,1900-01-01,HEPATITIS A,8
91,Dr. Pedro Blugerman,1900-01-01,DOBLE BACTERIANA,6
91,Dr. Pedro Blugerman,1900-01-01,DOBLE VIRAL,7
91,Dr. Pedro Blugerman,1900-01-01,HPV,5
91,Dr. Pedro Blugerman,1900-01-01,NEUMOCOCICA NO CONJUGADA,9
47,Dr. Guillermo Rawson,1900-01-01,HEPATITIS B,31
47,Dr. Guillermo Rawson,1900-01-01,ROTAVIRUS,2
47,Dr. Guillermo Rawson,1900-01-01,NEUMOCOCICA CONJUGADA,3
47,Dr. Guillermo Rawson,1900-01-01,ANTI GRIPAL,37
47,Dr. Guillermo Rawson,1900-01-01,HEPATITIS A,5
47,Dr. Guillermo Rawson,1900-01-01,VARICELA,6
47,Dr. Guillermo Rawson,1900-01-01,MENINGOCOC.,24
47,Dr. Guillermo Rawson,1900-01-01,FIEBRE AMARILLA,12
47,Dr. Guillermo Rawson,1900-01-01,DPT,1
47,Dr. Guillermo Rawson,1900-01-01,DPT (a),10
47,Dr. Guillermo Rawson,1900-01-01,DOBLE BACTERIANA,31
47,Dr. Guillermo Rawson,1900-01-01,NEUMOCOCICA NO CONJUGADA,12
85,Santa Margarita,1900-01-01,PENTAVALENTE,4
85,Santa Margarita,1900-01-01,NEUMOCOCICA CONJUGADA,2
85,Santa Margarita,1900-01-01,ANTI GRIPAL,4
85,Santa Margarita,1900-01-01,VARICELA,2
85,Santa Margarita,1900-01-01,FIEBRE AMARILLA,1
85,Santa Margarita,1900-01-01,DPT (a),4
85,Santa Margarita,1900-01-01,HPV,6
45,Dr. Saul Calmanash,1900-01-01,PENTAVALENTE,3
45,Dr. Saul Calmanash,1900-01-01,NEUMOCOCICA CONJUGADA,9
45,Dr. Saul Calmanash,1900-01-01,ANTI GRIPAL,14
45,Dr. Saul Calmanash,1900-01-01,FIEBRE AMARILLA,9
45,Dr. Saul Calmanash,1900-01-01,HPV,3
127,Santa Catalina,1900-01-01,SALK,6
127,Santa Catalina,1900-01-01,ROTAVIRUS,6
127,Santa Catalina,1900-01-01,PENTAVALENTE,7
127,Santa Catalina,1900-01-01,NEUMOCOCICA CONJUGADA,7
127,Santa Catalina,1900-01-01,TRIPLE VIRAL,4
127,Santa Catalina,1900-01-01,DPT (a),5
32,Dr. Manuel Cassuso,1900-01-01,HEPATITIS B,7
32,Dr. Manuel Cassuso,1900-01-01,SALK,3
32,Dr. Manuel Cassuso,1900-01-01,PENTAVALENTE,12
32,Dr. Manuel Cassuso,1900-01-01,NEUMOCOCICA CONJUGADA,10
32,Dr. Manuel Cassuso,1900-01-01,TRIPLE VIRAL,14
32,Dr. Manuel Cassuso,1900-01-01,ANTI GRIPAL,34
32,Dr. Manuel Cassuso,1900-01-01,MENINGOCOC.,12
32,Dr. Manuel Cassuso,1900-01-01,FIEBRE AMARILLA,5
32,Dr. Manuel Cassuso,1900-01-01,DPT (a),13
32,Dr. Manuel Cassuso,1900-01-01,DOBLE BACTERIANA,18
32,Dr. Manuel Cassuso,1900-01-01,HPV,11
32,Dr. Manuel Cassuso,1900-01-01,NEUMOCOCICA NO CONJUGADA,3
76,Dr. Romilio Monzón,1900-01-01,SALK,9
76,Dr. Romilio Monzón,1900-01-01,ROTAVIRUS,10
76,Dr. Romilio Monzón,1900-01-01,PENTAVALENTE,11
76,Dr. Romilio Monzón,1900-01-01,NEUMOCOCICA CONJUGADA,11
76,Dr. Romilio Monzón,1900-01-01,ANTI GRIPAL,13
76,Dr. Romilio Monzón,1900-01-01,VARICELA,4
76,Dr. Romilio Monzón,1900-01-01,MENINGOCOC.,7
76,Dr. Romilio Monzón,1900-01-01,DPT (a),8
76,Dr. Romilio Monzón,1900-01-01,DOBLE BACTERIANA,6
76,Dr. Romilio Monzón,1900-01-01,HPV,3
76,Dr. Romilio Monzón,1900-01-01,NEUMOCOCICA NO CONJUGADA,5
62,Pujol,1900-01-01,SALK,1
62,Pujol,1900-01-01,PENTAVALENTE,4
62,Pujol,1900-01-01,NEUMOCOCICA CONJUGADA,6
62,Pujol,1900-01-01,TRIPLE VIRAL,1
62,Pujol,1900-01-01,ANTI GRIPAL,11
62,Pujol,1900-01-01,HEPATITIS A,1
62,Pujol,1900-01-01,VARICELA,1
62,Pujol,1900-01-01,MENINGOCOC.,2
62,Pujol,1900-01-01,FIEBRE AMARILLA,6
62,Pujol,1900-01-01,DPT (a),1
34,Dr. Marcelino Vera,1900-01-01,PENTAVALENTE,2
34,Dr. Marcelino Vera,1900-01-01,NEUMOCOCICA CONJUGADA,3
34,Dr. Marcelino Vera,1900-01-01,ANTI GRIPAL,9
34,Dr. Marcelino Vera,1900-01-01,MENINGOCOC.,4
34,Dr. Marcelino Vera,1900-01-01,FIEBRE AMARILLA,8
34,Dr. Marcelino Vera,1900-01-01,DPT,1
75,Dr. Mauricio Open,1900-01-01,HEPATITIS B,4
75,Dr. Mauricio Open,1900-01-01,SALK,1
75,Dr. Mauricio Open,1900-01-01,PENTAVALENTE,3
75,Dr. Mauricio Open,1900-01-01,NEUMOCOCICA CONJUGADA,11
75,Dr. Mauricio Open,1900-01-01,ANTI GRIPAL,23
75,Dr. Mauricio Open,1900-01-01,HEPATITIS A,1
75,Dr. Mauricio Open,1900-01-01,MENINGOCOC.,5
75,Dr. Mauricio Open,1900-01-01,FIEBRE AMARILLA,17
75,Dr. Mauricio Open,1900-01-01,DPT (a),4
75,Dr. Mauricio Open,1900-01-01,DOBLE BACTERIANA,11
75,Dr. Mauricio Open,1900-01-01,HPV,6
54,Itati,1900-01-01,HEPATITIS B,11
54,Itati,1900-01-01,ROTAVIRUS,2
54,Itati,1900-01-01,PENTAVALENTE,10
54,Itati,1900-01-01,NEUMOCOCICA CONJUGADA,3
54,Itati,1900-01-01,TRIPLE VIRAL,3
54,Itati,1900-01-01,HEPATITIS A,1
54,Itati,1900-01-01,VARICELA,5
54,Itati,1900-01-01,MENINGOCOC.,10
54,Itati,1900-01-01,FIEBRE AMARILLA,10
54,Itati,1900-01-01,DOBLE BACTERIANA,9
54,Itati,1900-01-01,HPV,4
54,Itati,1900-01-01,NEUMOCOCICA NO CONJUGADA,9
89,Santa Marta,1900-01-01,TRIPLE VIRAL,4
89,Santa Marta,1900-01-01,HEPATITIS A,3
89,Santa Marta,1900-01-01,VARICELA,2
89,Santa Marta,1900-01-01,DPT (a),2
89,Santa Marta,1900-01-01,NEUMOCOCICA NO CONJUGADA,3
10002,Dr. Semper,1900-01-01,SALK,3
10002,Dr. Semper,1900-01-01,PENTAVALENTE,6
10002,Dr. Semper,1900-01-01,NEUMOCOCICA CONJUGADA,2
10002,Dr. Semper,1900-01-01,ANTI GRIPAL,19
10002,Dr. Semper,1900-01-01,VARICELA,6
10002,Dr. Semper,1900-01-01,DPT (a),6
10002,Dr. Semper,1900-01-01,DOBLE BACTERIANA,13
10002,Dr. Semper,1900-01-01,HPV,4
10002,Dr. Semper,1900-01-01,NEUMOCOCICA NO CONJUGADA,7
51,Dr. Juan Chercoff,1900-01-01,SALK,2
51,Dr. Juan Chercoff,1900-01-01,ROTAVIRUS,1
51,Dr. Juan Chercoff,1900-01-01,PENTAVALENTE,2
51,Dr. Juan Chercoff,1900-01-01,NEUMOCOCICA CONJUGADA,5
51,Dr. Juan Chercoff,1900-01-01,ANTI GRIPAL,21
51,Dr. Juan Chercoff,1900-01-01,MENINGOCOC.,2
51,Dr. Juan Chercoff,1900-01-01,FIEBRE AMARILLA,8
42,Dr. Santiago Lorenzo,1900-01-01,HEPATITIS B,3
42,Dr. Santiago Lorenzo,1900-01-01,ROTAVIRUS,16
42,Dr. Santiago Lorenzo,1900-01-01,PENTAVALENTE,34
42,Dr. Santiago Lorenzo,1900-01-01,NEUMOCOCICA CONJUGADA,28
42,Dr. Santiago Lorenzo,1900-01-01,ANTI GRIPAL,18
42,Dr. Santiago Lorenzo,1900-01-01,HEPATITIS A,9
42,Dr. Santiago Lorenzo,1900-01-01,VARICELA,7
42,Dr. Santiago Lorenzo,1900-01-01,MENINGOCOC.,36
42,Dr. Santiago Lorenzo,1900-01-01,ANTI GRIPAL,16
42,Dr. Santiago Lorenzo,1900-01-01,HPV,12
42,Dr. Santiago Lorenzo,1900-01-01,NEUMOCOCICA NO CONJUGADA,6
70,Villa Garcia,1900-01-01,NEUMOCOCICA CONJUGADA,5
70,Villa Garcia,1900-01-01,ANTI GRIPAL,6
70,Villa Garcia,1900-01-01,VARICELA,4
70,Villa Garcia,1900-01-01,MENINGOCOC.,10
70,Villa Garcia,1900-01-01,DOBLE BACTERIANA,2
70,Villa Garcia,1900-01-01,HPV,3
10003,Guemes,1900-01-01,PENTAVALENTE,4
10003,Guemes,1900-01-01,NEUMOCOCICA CONJUGADA,5
10003,Guemes,1900-01-01,TRIPLE VIRAL,12
10003,Guemes,1900-01-01,ANTI GRIPAL,52
10003,Guemes,1900-01-01,HEPATITIS A,4
10003,Guemes,1900-01-01,MENINGOCOC.,12
10003,Guemes,1900-01-01,FIEBRE AMARILLA,8
10003,Guemes,1900-01-01,DPT,8
10003,Guemes,1900-01-01,DPT (a),7
10003,Guemes,1900-01-01,DOBLE BACTERIANA,7
10003,Guemes,1900-01-01,HPV,10
10003,Guemes,1900-01-01,NEUMOCOCICA NO CONJUGADA,5
10003,Guemes,1900-01-01,NEUMO 23,32
38,Dr. JC Benitez Suarez,1900-01-01,PENTAVALENTE,8
38,Dr. JC Benitez Suarez,1900-01-01,TRIPLE VIRAL,5
38,Dr. JC Benitez Suarez,1900-01-01,HEPATITIS A,3
38,Dr. JC Benitez Suarez,1900-01-01,VARICELA,6
38,Dr. JC Benitez Suarez,1900-01-01,MENINGOCOC.,7
38,Dr. JC Benitez Suarez,1900-01-01,DPT,7
38,Dr. JC Benitez Suarez,1900-01-01,DPT (a),9
38,Dr. JC Benitez Suarez,1900-01-01,HPV,5
38,Dr. JC Benitez Suarez,1900-01-01,NEUMOCOCICA NO CONJUGADA,7
73,San Marcos,1900-01-01,PENTAVALENTE,9
73,San Marcos,1900-01-01,NEUMOCOCICA CONJUGADA,10
73,San Marcos,1900-01-01,TRIPLE VIRAL,6
73,San Marcos,1900-01-01,ANTI GRIPAL,12
73,San Marcos,1900-01-01,HEPATITIS A,4
73,San Marcos,1900-01-01,VARICELA,1
73,San Marcos,1900-01-01,FIEBRE AMARILLA,4
73,San Marcos,1900-01-01,DPT,1
99,OPERATIVO TERRITORIALES,1900-01-01,SALK,10
99,OPERATIVO TERRITORIALES,1900-01-01,NEUMOCOCICA CONJUGADA,4
99,OPERATIVO TERRITORIALES,1900-01-01,TRIPLE VIRAL,9
99,OPERATIVO TERRITORIALES,1900-01-01,ANTI GRIPAL,25
99,OPERATIVO TERRITORIALES,1900-01-01,VARICELA,4
36,Esperanza,1900-01-01,PENTAVALENTE,13
36,Esperanza,1900-01-01,NEUMOCOCICA CONJUGADA,10
36,Esperanza,1900-01-01,TRIPLE VIRAL,7
36,Esperanza,1900-01-01,ANTI GRIPAL,14
36,Esperanza,1900-01-01,HEPATITIS A,3
36,Esperanza,1900-01-01,FIEBRE AMARILLA,14
36,Esperanza,1900-01-01,DPT,3
36,Esperanza,1900-01-01,DPT (a),12
36,Esperanza,1900-01-01,HPV,10
49,Dr. Benjamin Serrano,1900-01-01,HEPATITIS B,4
49,Dr. Benjamin Serrano,1900-01-01,ROTAVIRUS,8
49,Dr. Benjamin Serrano,1900-01-01,PENTAVALENTE,13
49,Dr. Benjamin Serrano,1900-01-01,TRIPLE VIRAL,6
49,Dr. Benjamin Serrano,1900-01-01,ANTI GRIPAL,32
49,Dr. Benjamin Serrano,1900-01-01,HEPATITIS A,3
49,Dr. Benjamin Serrano,1900-01-01,MENINGOCOC.,17
49,Dr. Benjamin Serrano,1900-01-01,FIEBRE AMARILLA,13
49,Dr. Benjamin Serrano,1900-01-01,DPT,6
49,Dr. Benjamin Serrano,1900-01-01,DOBLE BACTERIANA,5
49,Dr. Benjamin Serrano,1900-01-01,HPV,14
58,Dr. Oscar Pirchi,1900-01-01,ROTAVIRUS,4
58,Dr. Oscar Pirchi,1900-01-01,PENTAVALENTE,12
58,Dr. Oscar Pirchi,1900-01-01,NEUMOCOCICA CONJUGADA,6
58,Dr. Oscar Pirchi,1900-01-01,TRIPLE VIRAL,7
58,Dr. Oscar Pirchi,1900-01-01,ANTI GRIPAL,22
58,Dr. Oscar Pirchi,1900-01-01,HEPATITIS A,3
58,Dr. Oscar Pirchi,1900-01-01,MENINGOCOC.,14
58,Dr. Oscar Pirchi,1900-01-01,FIEBRE AMARILLA,2
58,Dr. Oscar Pirchi,1900-01-01,DPT (a),9
58,Dr. Oscar Pirchi,1900-01-01,DOBLE BACTERIANA,3
58,Dr. Oscar Pirchi,1900-01-01,HPV,9
58,Dr. Oscar Pirchi,1900-01-01,NEUMOCOCICA NO CONJUGADA,4
46,Rio Parana,1900-01-01,ROTAVIRUS,7
46,Rio Parana,1900-01-01,NEUMOCOCICA CONJUGADA,14
46,Rio Parana,1900-01-01,ANTI GRIPAL,37
46,Rio Parana,1900-01-01,HEPATITIS A,6
46,Rio Parana,1900-01-01,VARICELA,1
46,Rio Parana,1900-01-01,MENINGOCOC.,15
46,Rio Parana,1900-01-01,DPT,3
46,Rio Parana,1900-01-01,DPT (a),10
46,Rio Parana,1900-01-01,DOBLE BACTERIANA,5
46,Rio Parana,1900-01-01,HPV,7
10000,Dr. Anibal Malvido,1900-01-01,HEPATITIS B,5
10000,Dr. Anibal Malvido,1900-01-01,ROTAVIRUS,6
10000,Dr. Anibal Malvido,1900-01-01,PENTAVALENTE,14
10000,Dr. Anibal Malvido,1900-01-01,TRIPLE VIRAL,8
10000,Dr. Anibal Malvido,1900-01-01,ANTI GRIPAL,16
10000,Dr. Anibal Malvido,1900-01-01,MENINGOCOC.,26
10000,Dr. Anibal Malvido,1900-01-01,DPT,8
10000,Dr. Anibal Malvido,1900-01-01,DPT (a),15
10000,Dr. Anibal Malvido,1900-01-01,DOBLE BACTERIANA,10
10000,Dr. Anibal Malvido,1900-01-01,HPV,14
10000,Dr. Anibal Malvido,1900-01-01,NEUMOCOCICA NO CONJUGADA,3
37,Dr. Sussini,1900-01-01,HEPATITIS A,8
37,Dr. Sussini,1900-01-01,ROTAVIRUS,11
37,Dr. Sussini,1900-01-01,PENTAVALENTE,23
37,Dr. Sussini,1900-01-01,NEUMOCOCICA CONJUGADA,24
37,Dr. Sussini,1900-01-01,TRIPLE VIRAL,11
37,Dr. Sussini,1900-01-01,ANTI GRIPAL,67
37,Dr. Sussini,1900-01-01,HEPATITIS A,9
37,Dr. Sussini,1900-01-01,VARICELA,12
37,Dr. Sussini,1900-01-01,MENINGOCOC.,26
37,Dr. Sussini,1900-01-01,FIEBRE AMARILLA,9
37,Dr. Sussini,1900-01-01,DPT,3
37,Dr. Sussini,1900-01-01,DPT (a),8
37,Dr. Sussini,1900-01-01,DOBLE BACTERIANA,25
37,Dr. Sussini,1900-01-01,HPV,16
37,Dr. Sussini,1900-01-01,NEUMOCOCICA NO CONJUGADA,17
88,Dr. Lifschitz,1900-01-01,SALK,2
88,Dr. Lifschitz,1900-01-01,ANTI GRIPAL,30
88,Dr. Lifschitz,1900-01-01,VARICELA,2
88,Dr. Lifschitz,1900-01-01,MENINGOCOC.,9
88,Dr. Lifschitz,1900-01-01,DOBLE BACTERIANA,10
10001,Dr. Korimblum,1900-01-01,HEPATITIS B,2
10001,Dr. Korimblum,1900-01-01,PENTAVALENTE,1
10001,Dr. Korimblum,1900-01-01,NEUMOCOCICA CONJUGADA,9
10001,Dr. Korimblum,1900-01-01,ANTI GRIPAL,5
10001,Dr. Korimblum,1900-01-01,DPT (a),1
10001,Dr. Korimblum,1900-01-01,HPV,1
82,Dr. Miguel Rossi Candia,1900-01-01,HEPATITIS B,19
82,Dr. Miguel Rossi Candia,1900-01-01,ROTAVIRUS,13
82,Dr. Miguel Rossi Candia,1900-01-01,PENTAVALENTE,21
82,Dr. Miguel Rossi Candia,1900-01-01,NEUMOCOCICA CONJUGADA,23
82,Dr. Miguel Rossi Candia,1900-01-01,TRIPLE VIRAL,10
82,Dr. Miguel Rossi Candia,1900-01-01,GRIPE,8
82,Dr. Miguel Rossi Candia,1900-01-01,HEPATITIS A,3
82,Dr. Miguel Rossi Candia,1900-01-01,FIEBRE AMARILLA,12
82,Dr. Miguel Rossi Candia,1900-01-01,DPT,6
82,Dr. Miguel Rossi Candia,1900-01-01,DPT (a),10
82,Dr. Miguel Rossi Candia,1900-01-01,DTA,25
82,Dr. Miguel Rossi Candia,1900-01-01,HPV,15
82,Dr. Miguel Rossi Candia,1900-01-01,GRIPE A,38
79,Quinta Ferre,1900-01-01,PENTAVALENTE,8
79,Quinta Ferre,1900-01-01,ANTI GRIPAL,12
79,Quinta Ferre,1900-01-01,HEPATITIS A,2
79,Quinta Ferre,1900-01-01,VARICELA,5
79,Quinta Ferre,1900-01-01,MENINGOCOC.,17
79,Quinta Ferre,1900-01-01,FIEBRE AMARILLA,5
79,Quinta Ferre,1900-01-01,DPT,18
79,Quinta Ferre,1900-01-01,DPT (a),8
10004,Centro de distribucion de Vacunas,1900-01-01,SALK,6
10004,Centro de distribucion de Vacunas,1900-01-01,PENTAVALENTE,7
10004,Centro de distribucion de Vacunas,1900-01-01,ROTAVIRUS,1
10004,Centro de distribucion de Vacunas,1900-01-01,DOBLE ADULTO,21
10004,Centro de distribucion de Vacunas,1900-01-01,TRIPLE VIRAL,10
10004,Centro de distribucion de Vacunas,1900-01-01,HEPATITIS A,8
10004,Centro de distribucion de Vacunas,1900-01-01,DPT (a),7
10004,Centro de distribucion de Vacunas,1900-01-01,FIEBRE AMARILLA,5
10004,Centro de distribucion de Vacunas,1900-01-01,NEUMO13,24
10004,Centro de distribucion de Vacunas,1900-01-01,NEUMO23 ,12
10004,Centro de distribucion de Vacunas,1900-01-01,HPV,10
10004,Centro de distribucion de Vacunas,1900-01-01,ANTI GRIPAL,34
10004,Centro de distribucion de Vacunas,1900-01-01,ANTI GRIPAL,10
10004,Centro de distribucion de Vacunas,1900-01-01,ANTI GRIPAL,9
10004,Centro de distribucion de Vacunas,1900-01-01,MENACTRA,17
10004,Centro de distribucion de Vacunas,1900-01-01,PENTAVALENTE,10
10004,Centro de distribucion de Vacunas,1900-01-01,ROTAVIRUS,4
10004,Centro de distribucion de Vacunas,1900-01-01,TRIPLE VIRAL,9
10004,Centro de distribucion de Vacunas,1900-01-01,HEPATITIS B,37
10004,Centro de distribucion de Vacunas,1900-01-01,DPT (a),4
10004,Centro de distribucion de Vacunas,1900-01-01,NEUMO13,16
10004,Centro de distribucion de Vacunas,1900-01-01,NEUMO23,7
10004,Centro de distribucion de Vacunas,1900-01-01,HPV,5
10004,Centro de distribucion de Vacunas,1900-01-01,ANTIGRIPAL ADULTO,17
10004,Centro de distribucion de Vacunas,1900-01-01,ANTIGRIPAL PEDITRICO,12
10004,Centro de distribucion de Vacunas,1900-01-01,MENVEO,10
10004,Centro de distribucion de Vacunas,1900-01-01,MENANTRA,3
10004,Centro de distribucion de Vacunas,1900-01-01,PENTAVALENTE,8
10004,Centro de distribucion de Vacunas,1900-01-01,ROTAVIRUS,3
10004,Centro de distribucion de Vacunas,1900-01-01,DPT,4
10004,Centro de distribucion de Vacunas,1900-01-01,DOBLE ADULTO,14
10004,Centro de distribucion de Vacunas,1900-01-01,TRIPLE VIRAL ,8
10004,Centro de distribucion de Vacunas,1900-01-01,HEPATITIS A,3
10004,Centro de distribucion de Vacunas,1900-01-01,HEPATITIS B,8
10004,Centro de distribucion de Vacunas,1900-01-01,ANTI AMARILLICA,7
10004,Centro de distribucion de Vacunas,1900-01-01,NEUMO 13,25
10004,Centro de distribucion de Vacunas,1900-01-01,NEUMO 23 ,17
10004,Centro de distribucion de Vacunas,1900-01-01,HPV,13
10004,Centro de distribucion de Vacunas,1900-01-01,ANTI GRIPAL,29
10004,Centro de distribucion de Vacunas,1900-01-01,ANTIGRIPAL PEDIATRICO ,5
10004,Centro de distribucion de Vacunas,1900-01-01,ANTIGRIPAL MAYORES ,30
10004,Centro de distribucion de Vacunas,1900-01-01,MENANTRA,17
10004,Centro de distribucion de Vacunas,1900-01-01,VARICELA,2
10000,Dr. Anibal Malvido,1900-01-01,SALK,9
10000,Dr. Anibal Malvido,1900-01-01,PENTAVALENTE,15
10000,Dr. Anibal Malvido,1900-01-01,NEUMOCOCICA CONJUGADA,9
10000,Dr. Anibal Malvido,1900-01-01,TRIPLE VIRAL,7
10000,Dr. Anibal Malvido,1900-01-01,ANTI GRIPAL,15
10000,Dr. Anibal Malvido,1900-01-01,HEPATITIS A,4
10000,Dr. Anibal Malvido,1900-01-01,VARICELA,5
10000,Dr. Anibal Malvido,1900-01-01,FIEBRE AMARILLA,10
10000,Dr. Anibal Malvido,1900-01-01,DPT,5
10000,Dr. Anibal Malvido,1900-01-01,DPT (a),12
10000,Dr. Anibal Malvido,1900-01-01,HPV,8
70,Villa Garcia,1900-01-01,HEPATITIS B,1
70,Villa Garcia,1900-01-01,SALK,2
70,Villa Garcia,1900-01-01,PENTAVALENTE,3
70,Villa Garcia,1900-01-01,NEUMOCOCICA CONJUGADA,1
70,Villa Garcia,1900-01-01,TRIPLE VIRAL,1
70,Villa Garcia,1900-01-01,DPT,1
91,Dr. Pedro Blugerman,1900-01-01,SALK,7
91,Dr. Pedro Blugerman,1900-01-01,PENTAVALENTE,7
91,Dr. Pedro Blugerman,1900-01-01,NEUMOCOCICA CONJUGADA,5
91,Dr. Pedro Blugerman,1900-01-01,SABIN ORAL,10
91,Dr. Pedro Blugerman,1900-01-01,TRIPLE VIRAL,5
91,Dr. Pedro Blugerman,1900-01-01,ANTI GRIPAL,10
91,Dr. Pedro Blugerman,1900-01-01,FIEBRE AMARILLA,10
91,Dr. Pedro Blugerman,1900-01-01,DPT,3
91,Dr. Pedro Blugerman,1900-01-01,DOBLE BACTERIANA,5
10002,Dr. Semper,1900-01-01,HEPATITIS B,1
10002,Dr. Semper,1900-01-01,SALK,6
10002,Dr. Semper,1900-01-01,PENTAVALENTE,8
10002,Dr. Semper,1900-01-01,NEUMOCOCICA CONJUGADA,6
10002,Dr. Semper,1900-01-01,TRIPLE VIRAL,5
10002,Dr. Semper,1900-01-01,ANTI GRIPAL,9
10002,Dr. Semper,1900-01-01,MENINGOCOC.,2
10002,Dr. Semper,1900-01-01,DPT,1
10002,Dr. Semper,1900-01-01,DOBLE BACTERIANA,12
10002,Dr. Semper,1900-01-01,NEUMOCOCICA NO CONJUGADA,2
36,Esperanza,1900-01-01,HEPATITIS B,4
36,Esperanza,1900-01-01,PENTAVALENTE,17
36,Esperanza,1900-01-01,NEUMOCOCICA CONJUGADA,15
36,Esperanza,1900-01-01,ANTI GRIPAL,11
36,Esperanza,1900-01-01,HEPATITIS A,4
36,Esperanza,1900-01-01,VARICELA,2
36,Esperanza,1900-01-01,MENINGOCOC.,17
36,Esperanza,1900-01-01,FIEBRE AMARILLA,6
36,Esperanza,1900-01-01,DPT,6
38,Dr. JC Benitez Suarez,1900-01-01,HEPATITIS B,7
38,Dr. JC Benitez Suarez,1900-01-01,SALK,6
38,Dr. JC Benitez Suarez,1900-01-01,ROTAVIRUS,5
38,Dr. JC Benitez Suarez,1900-01-01,PENTAVALENTE,13
38,Dr. JC Benitez Suarez,1900-01-01,ANTI GRIPAL,11
38,Dr. JC Benitez Suarez,1900-01-01,VARICELA,5
38,Dr. JC Benitez Suarez,1900-01-01,MENINGOCOC.,6
38,Dr. JC Benitez Suarez,1900-01-01,DPT,2
38,Dr. JC Benitez Suarez,1900-01-01,DPT (a),7
38,Dr. JC Benitez Suarez,1900-01-01,DOBLE BACTERIANA,11
38,Dr. JC Benitez Suarez,1900-01-01,HPV,3
38,Dr. JC Benitez Suarez,1900-01-01,NEUMOCOCICA NO CONJUGADA,4
79,Quinta Ferre,1900-01-01,HEPATITIS B,3
79,Quinta Ferre,1900-01-01,SALK,20
79,Quinta Ferre,1900-01-01,ROTAVIRUS,8
79,Quinta Ferre,1900-01-01,PENTAVALENTE,12
79,Quinta Ferre,1900-01-01,NEUMOCOCICA CONJUGADA,17
79,Quinta Ferre,1900-01-01,TRIPLE VIRAL,10
79,Quinta Ferre,1900-01-01,ANTI GRIPAL,31
79,Quinta Ferre,1900-01-01,VARICELA,2
79,Quinta Ferre,1900-01-01,MENINGOCOC.,20
79,Quinta Ferre,1900-01-01,DPT,10
79,Quinta Ferre,1900-01-01,DPT (a),7
79,Quinta Ferre,1900-01-01,DOBLE BACTERIANA,6
79,Quinta Ferre,1900-01-01,HPV,7
34,Dr. Marcelino Vera,1900-01-01,PENTAVALENTE,6
34,Dr. Marcelino Vera,1900-01-01,FIEBRE AMARILLA,2
75,Dr. Mauricio Open,1900-01-01,SALK,3
75,Dr. Mauricio Open,1900-01-01,NEUMOCOCICA CONJUGADA,4
75,Dr. Mauricio Open,1900-01-01,ANTI GRIPAL,8
75,Dr. Mauricio Open,1900-01-01,MENINGOCOC.,2
75,Dr. Mauricio Open,1900-01-01,FIEBRE AMARILLA,7
75,Dr. Mauricio Open,1900-01-01,DOBLE BACTERIANA,6
75,Dr. Mauricio Open,1900-01-01,HPV,2
10003,Guemes,1900-01-01,HEPATITIS B,4
10003,Guemes,1900-01-01,SALK,5
10003,Guemes,1900-01-01,ROTAVIRUS,2
10003,Guemes,1900-01-01,PENTAVALENTE,8
10003,Guemes,1900-01-01,NEUMOCOCICA CONJUGADA,3
10003,Guemes,1900-01-01,TRIPLE VIRAL,3
10003,Guemes,1900-01-01,ANTI GRIPAL,17
10003,Guemes,1900-01-01,VARICELA,5
10003,Guemes,1900-01-01,MENINGOCOC.,8
10003,Guemes,1900-01-01,FIEBRE AMARILLA,10
10003,Guemes,1900-01-01,DPT,2
10003,Guemes,1900-01-01,DPT (a),6
10003,Guemes,1900-01-01,NEUMO 23 ,5
42,Dr. Santiago Lorenzo,1900-01-01,SALK,26
42,Dr. Santiago Lorenzo,1900-01-01,ROTAVIRUS,8
42,Dr. Santiago Lorenzo,1900-01-01,PENTAVALENTE,17
42,Dr. Santiago Lorenzo,1900-01-01,NEUMOCOCICA CONJUGADA,13
42,Dr. Santiago Lorenzo,1900-01-01,TRIPLE VIRAL,12
42,Dr. Santiago Lorenzo,1900-01-01,ANTI GRIPAL,25
42,Dr. Santiago Lorenzo,1900-01-01,HEPATITIS A,6
42,Dr. Santiago Lorenzo,1900-01-01,VARICELA,8
42,Dr. Santiago Lorenzo,1900-01-01,MENINGOCOC.,28
42,Dr. Santiago Lorenzo,1900-01-01,FIEBRE AMARILLA,10
42,Dr. Santiago Lorenzo,1900-01-01,DOBLE BACTERIANA,5
127,Santa Catalina,1900-01-01,HEPATITIS A,7
127,Santa Catalina,1900-01-01,PENTAVALENTE,9
127,Santa Catalina,1900-01-01,NEUMOCOCICA CONJUGADA,9
127,Santa Catalina,1900-01-01,TRIPLE VIRAL,2
127,Santa Catalina,1900-01-01,HEPATITIS A,3
127,Santa Catalina,1900-01-01,FIEBRE AMARILLA,10
127,Santa Catalina,1900-01-01,DPT,1
127,Santa Catalina,1900-01-01,DPT (a),6
85,Santa Margarita,1900-01-01,PENTAVALENTE,9
85,Santa Margarita,1900-01-01,ANTI GRIPAL,7
85,Santa Margarita,1900-01-01,MENINGOCOC.,8
85,Santa Margarita,1900-01-01,DOBLE BACTERIANA,1
85,Santa Margarita,1900-01-01,HPV,3
85,Santa Margarita,1900-01-01,NEUMOCOCICA NO CONJUGADA,3
45,Dr. Saul Calmanash,1900-01-01,PENTAVALENTE,6
45,Dr. Saul Calmanash,1900-01-01,ANTI GRIPAL,1
45,Dr. Saul Calmanash,1900-01-01,MENINGOCOC.,6
45,Dr. Saul Calmanash,1900-01-01,DPT,3
45,Dr. Saul Calmanash,1900-01-01,DPT (a),3
45,Dr. Saul Calmanash,1900-01-01,HPV,2
49,Dr. Benjamin Serrano,1900-01-01,SALK,11
49,Dr. Benjamin Serrano,1900-01-01,ROTAVIRUS,6
49,Dr. Benjamin Serrano,1900-01-01,NEUMOCOCICA CONJUGADA,18
49,Dr. Benjamin Serrano,1900-01-01,ANTI GRIPAL,33
49,Dr. Benjamin Serrano,1900-01-01,MENINGOCOC.,5
49,Dr. Benjamin Serrano,1900-01-01,FIEBRE AMARILLA,5
49,Dr. Benjamin Serrano,1900-01-01,DPT,3
49,Dr. Benjamin Serrano,1900-01-01,DOBLE BACTERIANA,9
37,Dr. Sussini,1900-01-01,HEPATITIS A,30
37,Dr. Sussini,1900-01-01,SALK,28
37,Dr. Sussini,1900-01-01,ROTAVIRUS,10
37,Dr. Sussini,1900-01-01,PENTAVALENTE,39
37,Dr. Sussini,1900-01-01,NEUMOCOCICA CONJUGADA,32
37,Dr. Sussini,1900-01-01,TRIPLE VIRAL,26
37,Dr. Sussini,1900-01-01,ANTI GRIPAL,87
37,Dr. Sussini,1900-01-01,HEPATITIS A,12
37,Dr. Sussini,1900-01-01,VARICELA,15
37,Dr. Sussini,1900-01-01,MENINGOCOC.,36
37,Dr. Sussini,1900-01-01,FIEBRE AMARILLA,10
37,Dr. Sussini,1900-01-01,DPT,12
37,Dr. Sussini,1900-01-01,DPT (a),26
37,Dr. Sussini,1900-01-01,DOBLE BACTERIANA,70
37,Dr. Sussini,1900-01-01,HPV,15
37,Dr. Sussini,1900-01-01,NEUMOCOCICA NO CONJUGADA,8
76,Dr. Romilio Monzón,1900-01-01,SALK,10
76,Dr. Romilio Monzón,1900-01-01,ROTAVIRUS,5
76,Dr. Romilio Monzón,1900-01-01,PENTAVALENTE,12
76,Dr. Romilio Monzón,1900-01-01,TRIPLE VIRAL,5
76,Dr. Romilio Monzón,1900-01-01,ANTI GRIPAL,14
76,Dr. Romilio Monzón,1900-01-01,MENINGOCOC.,8
76,Dr. Romilio Monzón,1900-01-01,FIEBRE AMARILLA,4
76,Dr. Romilio Monzón,1900-01-01,HPV,4
47,Dr. Guillermo Rawson,1900-01-01,HEPATITIS B,26
47,Dr. Guillermo Rawson,1900-01-01,SALK,18
47,Dr. Guillermo Rawson,1900-01-01,PENTAVALENTE,15
47,Dr. Guillermo Rawson,1900-01-01,NEUMOCOCICA CONJUGADA,16
47,Dr. Guillermo Rawson,1900-01-01,TRIPLE VIRAL,16
47,Dr. Guillermo Rawson,1900-01-01,ANTI GRIPAL,20
47,Dr. Guillermo Rawson,1900-01-01,HEPATITIS A,6
47,Dr. Guillermo Rawson,1900-01-01,FIEBRE AMARILLA,5
47,Dr. Guillermo Rawson,1900-01-01,DPT,6
47,Dr. Guillermo Rawson,1900-01-01,HPV,4
10001,Dr. Korimblum,1900-01-01,BCG,1
10001,Dr. Korimblum,1900-01-01,SALK,7
10001,Dr. Korimblum,1900-01-01,ANTI GRIPAL,8
10001,Dr. Korimblum,1900-01-01,HEPATITIS A,6
10001,Dr. Korimblum,1900-01-01,ANTI GRIPAL,4
10001,Dr. Korimblum,1900-01-01,HEPATITIS A,2
10001,Dr. Korimblum,1900-01-01,FIEBRE AMARILLA,5
88,Dr. Lifschitz,1900-01-01,HEPATITIS B,5
88,Dr. Lifschitz,1900-01-01,PENTAVALENTE,7
88,Dr. Lifschitz,1900-01-01,NEUMOCOCICA CONJUGADA,7
88,Dr. Lifschitz,1900-01-01,TRIPLE VIRAL,6
88,Dr. Lifschitz,1900-01-01,ANTI GRIPAL,34
88,Dr. Lifschitz,1900-01-01,HEPATITIS A,2
88,Dr. Lifschitz,1900-01-01,VARICELA,1
88,Dr. Lifschitz,1900-01-01,MENINGOCOC.,15
88,Dr. Lifschitz,1900-01-01,DPT,3
88,Dr. Lifschitz,1900-01-01,DOBLE BACTERIANA,7
88,Dr. Lifschitz,1900-01-01,HPV,15
58,Dr. Oscar Pirchi,1900-01-01,SALK,23
58,Dr. Oscar Pirchi,1900-01-01,ROTAVIRUS,9
58,Dr. Oscar Pirchi,1900-01-01,PENTAVALENTE,18
58,Dr. Oscar Pirchi,1900-01-01,NEUMOCOCICA CONJUGADA,13
58,Dr. Oscar Pirchi,1900-01-01,TRIPLE VIRAL,9
58,Dr. Oscar Pirchi,1900-01-01,ANTI GRIPAL,5
58,Dr. Oscar Pirchi,1900-01-01,VARICELA,6
58,Dr. Oscar Pirchi,1900-01-01,MENINGOCOC.,13
58,Dr. Oscar Pirchi,1900-01-01,DPT,6
58,Dr. Oscar Pirchi,1900-01-01,DPT (a),8
58,Dr. Oscar Pirchi,1900-01-01,NEUMOCOCICA NO CONJUGADA,5
71,Villa Chiquita,1900-01-01,HEPATITIS B,4
71,Villa Chiquita,1900-01-01,ROTAVIRUS,3
71,Villa Chiquita,1900-01-01,PENTAVALENTE,7
71,Villa Chiquita,1900-01-01,NEUMOCOCICA CONJUGADA,5
71,Villa Chiquita,1900-01-01,ANTI GRIPAL,5
71,Villa Chiquita,1900-01-01,VARICELA,3
71,Villa Chiquita,1900-01-01,MENINGOCOC.,5
71,Villa Chiquita,1900-01-01,DOBLE BACTERIANA,1
71,Villa Chiquita,1900-01-01,HPV,5
82,Dr. Miguel Rossi Candia,1900-01-01,HEPATITIS B,23
82,Dr. Miguel Rossi Candia,1900-01-01,SALK,15
82,Dr. Miguel Rossi Candia,1900-01-01,NEUMOCOCICA CONJUGADA,13
82,Dr. Miguel Rossi Candia,1900-01-01,GRIPE ,6
82,Dr. Miguel Rossi Candia,1900-01-01,HEPATITIS A,4
82,Dr. Miguel Rossi Candia,1900-01-01,VARICELA,9
82,Dr. Miguel Rossi Candia,1900-01-01,MENINGOCOC.,22
82,Dr. Miguel Rossi Candia,1900-01-01,FIEBRE AMARILLA,7
82,Dr. Miguel Rossi Candia,1900-01-01,DPT (a),16
82,Dr. Miguel Rossi Candia,1900-01-01,DTA,15
82,Dr. Miguel Rossi Candia,1900-01-01,NEUMOCOCICA NO CONJUGADA,1
82,Dr. Miguel Rossi Candia,1900-01-01,GRIPE A,26
51,Dr. Juan Chercoff,1900-01-01,ANTI GRIPAL,1
89,Santa Marta,1900-01-01,NEUMOCOCICA CONJUGADA,3
89,Santa Marta,1900-01-01,ANTI GRIPAL,5
89,Santa Marta,1900-01-01,HEPATITIS A,4
89,Santa Marta,1900-01-01,DPT,1
89,Santa Marta,1900-01-01,NEUMOCOCICA NO CONJUGADA,1
73,San Marcos,1900-01-01,SALK,12
73,San Marcos,1900-01-01,ROTAVIRUS,1
73,San Marcos,1900-01-01,TRIPLE VIRAL,7
73,San Marcos,1900-01-01,ANTI GRIPAL,17
73,San Marcos,1900-01-01,MENINGOCOC.,5
73,San Marcos,1900-01-01,DPT (a),6
73,San Marcos,1900-01-01,HPV,4
73,San Marcos,1900-01-01,NEUMOCOCICA NO CONJUGADA,2
46,Rio Parana,1900-01-01,ROTAVIRUS,9
46,Rio Parana,1900-01-01,NEUMOCOCICA CONJUGADA,15
46,Rio Parana,1900-01-01,TRIPLE VIRAL,6
46,Rio Parana,1900-01-01,ANTI GRIPAL,27
46,Rio Parana,1900-01-01,VARICELA,5
46,Rio Parana,1900-01-01,DPT (a),4
46,Rio Parana,1900-01-01,DOBLE BACTERIANA,4
46,Rio Parana,1900-01-01,HPV,3
32,Dr. Manuel Cassuso,1900-01-01,HEPATITIS B,9
32,Dr. Manuel Cassuso,1900-01-01,SALK,16
32,Dr. Manuel Cassuso,1900-01-01,PENTAVALENTE,19
32,Dr. Manuel Cassuso,1900-01-01,NEUMOCOCICA CONJUGADA,12
32,Dr. Manuel Cassuso,1900-01-01,ANTI GRIPAL,21
32,Dr. Manuel Cassuso,1900-01-01,VARICELA,3
32,Dr. Manuel Cassuso,1900-01-01,MENINGOCOC.,22
32,Dr. Manuel Cassuso,1900-01-01,FIEBRE AMARILLA,16
32,Dr. Manuel Cassuso,1900-01-01,DPT,4
32,Dr. Manuel Cassuso,1900-01-01,DOBLE BACTERIANA,19
62,Pujol,1900-01-01,HEPATITIS B,2
62,Pujol,1900-01-01,SALK,3
62,Pujol,1900-01-01,ROTAVIRUS,1
62,Pujol,1900-01-01,NEUMOCOCICA CONJUGADA,2
62,Pujol,1900-01-01,TRIPLE VIRAL,2
62,Pujol,1900-01-01,ANTI GRIPAL,8
62,Pujol,1900-01-01,MENINGOCOC.,5
62,Pujol,1900-01-01,FIEBRE AMARILLA,3
62,Pujol,1900-01-01,DOBLE BACTERIANA,4
62,Pujol,1900-01-01,NEUMOCOCICA NO CONJUGADA,8
69,Primera Junta,1900-01-01,HEPATITIS B,2
69,Primera Junta,1900-01-01,SALK,3
69,Primera Junta,1900-01-01,PENTAVALENTE,5
69,Primera Junta,1900-01-01,NEUMOCOCICA CONJUGADA,5
69,Primera Junta,1900-01-01,TRIPLE VIRAL,3
69,Primera Junta,1900-01-01,ANTI GRIPAL,6
69,Primera Junta,1900-01-01,HEPATITIS A,2
69,Primera Junta,1900-01-01,VARICELA,2
69,Primera Junta,1900-01-01,DOBLE BACTERIANA,6
69,Primera Junta,1900-01-01,HPV,5
69,Primera Junta,1900-01-01,NEUMOCOCICA NO CONJUGADA,3
48,Dr. Jose de los Reyes Vidal,1900-01-01,SALK,1
48,Dr. Jose de los Reyes Vidal,1900-01-01,PENTAVALENTE,6
48,Dr. Jose de los Reyes Vidal,1900-01-01,TRIPLE VIRAL,3
48,Dr. Jose de los Reyes Vidal,1900-01-01,DPT,1
48,Dr. Jose de los Reyes Vidal,1900-01-01,DPT (a),5
41,Dr. Manuel Gonzalez,1900-01-01,HEPATITIS B,4
41,Dr. Manuel Gonzalez,1900-01-01,PENTAVALENTE,6
41,Dr. Manuel Gonzalez,1900-01-01,NEUMOCOCICA CONJUGADA,1
41,Dr. Manuel Gonzalez,1900-01-01,ANTI GRIPAL,6
41,Dr. Manuel Gonzalez,1900-01-01,VARICELA,1
41,Dr. Manuel Gonzalez,1900-01-01,MENINGOCOC.,6
41,Dr. Manuel Gonzalez,1900-01-01,DPT (a),3
41,Dr. Manuel Gonzalez,1900-01-01,DOBLE BACTERIANA,5
127,Santa Catalina,1900-01-01,HEPATITIS B,3
127,Santa Catalina,1900-01-01,SALK,5
127,Santa Catalina,1900-01-01,ROTAVIRUS,8
127,Santa Catalina,1900-01-01,NEUMOCOCICA CONJUGADA,6
127,Santa Catalina,1900-01-01,MENINGOCOC.,9
127,Santa Catalina,1900-01-01,FIEBRE AMARILLA,8
127,Santa Catalina,1900-01-01,HPV,4
41,Dr. Manuel Gonzalez,1900-01-01,BCG,4
41,Dr. Manuel Gonzalez,1900-01-01,HEPATITIS B,2
41,Dr. Manuel Gonzalez,1900-01-01,SALK,6
41,Dr. Manuel Gonzalez,1900-01-01,ROTAVIRUS,2
41,Dr. Manuel Gonzalez,1900-01-01,PENTAVALENTE,3
41,Dr. Manuel Gonzalez,1900-01-01,TRIPLE VIRAL,8
41,Dr. Manuel Gonzalez,1900-01-01,HEPATITIS A,2
41,Dr. Manuel Gonzalez,1900-01-01,DPT,4
41,Dr. Manuel Gonzalez,1900-01-01,DPT (a),6
31,Dr. Elias Galvan,1900-01-01,SALK,1
31,Dr. Elias Galvan,1900-01-01,PENTAVALENTE,2
31,Dr. Elias Galvan,1900-01-01,NEUMOCOCICA CONJUGADA,2
31,Dr. Elias Galvan,1900-01-01,TRIPLE VIRAL,2
31,Dr. Elias Galvan,1900-01-01,HEPATITIS A,2
31,Dr. Elias Galvan,1900-01-01,VARICELA,1
31,Dr. Elias Galvan,1900-01-01,MENINGOCOC.,3
31,Dr. Elias Galvan,1900-01-01,FIEBRE AMARILLA,4
31,Dr. Elias Galvan,1900-01-01,HPV,2
10002,Dr. Semper,1900-01-01,SALK,2
10002,Dr. Semper,1900-01-01,PENTAVALENTE,3
10002,Dr. Semper,1900-01-01,NEUMOCOCICA CONJUGADA,1
10002,Dr. Semper,1900-01-01,TRIPLE VIRAL,1
10002,Dr. Semper,1900-01-01,ANTI GRIPAL,3
10002,Dr. Semper,1900-01-01,VARICELA,1
10002,Dr. Semper,1900-01-01,DOBLE VIRAL,12
10002,Dr. Semper,1900-01-01,HPV,1
10002,Dr. Semper,1900-01-01,NEUMOCOCICA NO CONJUGADA,1
31,Dr. Elias Galvan,1900-01-01,TRIPLE VIRAL,1
31,Dr. Elias Galvan,1900-01-01,ANTI GRIPAL,1
31,Dr. Elias Galvan,1900-01-01,HEPATITIS A,1
31,Dr. Elias Galvan,1900-01-01,FIEBRE AMARILLA,13
31,Dr. Elias Galvan,1900-01-01,DPT (a),1
31,Dr. Elias Galvan,1900-01-01,DOBLE VIRAL,1
31,Dr. Elias Galvan,1900-01-01,HPV,1
31,Dr. Elias Galvan,1900-01-01,ANTI GRIPAL,12
31,Dr. Elias Galvan,1900-01-01,DOBLE BACTERIANA,3
31,Dr. Elias Galvan,1900-01-01,NEUMOCOCICA NO CONJUGADA,3
47,Dr. Guillermo Rawson,1900-01-01,HEPATITIS B,27
47,Dr. Guillermo Rawson,1900-01-01,SALK,12
47,Dr. Guillermo Rawson,1900-01-01,ROTAVIRUS,6
47,Dr. Guillermo Rawson,1900-01-01,TRIPLE VIRAL,11
47,Dr. Guillermo Rawson,1900-01-01,ANTI GRIPAL,11
47,Dr. Guillermo Rawson,1900-01-01,MENINGOCOC.,18
47,Dr. Guillermo Rawson,1900-01-01,FIEBRE AMARILLA,17
48,Dr. Jose de los Reyes Vidal,1900-01-01,PENTAVALENTE,2
48,Dr. Jose de los Reyes Vidal,1900-01-01,NEUMOCOCICA CONJUGADA,1
48,Dr. Jose de los Reyes Vidal,1900-01-01,TRIPLE VIRAL,2
48,Dr. Jose de los Reyes Vidal,1900-01-01,ANTI GRIPAL,2
48,Dr. Jose de los Reyes Vidal,1900-01-01,MENINGOCOC.,1
48,Dr. Jose de los Reyes Vidal,1900-01-01,FIEBRE AMARILLA,3
51,Dr. Juan Chercoff,1900-01-01,NEUMOCOCICA CONJUGADA,2
51,Dr. Juan Chercoff,1900-01-01,ANTI GRIPAL,4
75,Dr. Mauricio Open,1900-01-01,HEPATITIS B,9
75,Dr. Mauricio Open,1900-01-01,SALK,4
75,Dr. Mauricio Open,1900-01-01,PENTAVALENTE,5
75,Dr. Mauricio Open,1900-01-01,NEUMOCOCICA CONJUGADA,2
75,Dr. Mauricio Open,1900-01-01,ANTI GRIPAL,10
75,Dr. Mauricio Open,1900-01-01,MENINGOCOC.,4
75,Dr. Mauricio Open,1900-01-01,DPT,2
75,Dr. Mauricio Open,1900-01-01,DPT (a),1
75,Dr. Mauricio Open,1900-01-01,DOBLE BACTERIANA,8
91,Dr. Pedro Blugerman,1900-01-01,PENTAVALENTE,11
91,Dr. Pedro Blugerman,1900-01-01,NEUMOCOCICA CONJUGADA,9
91,Dr. Pedro Blugerman,1900-01-01,TRIPLE VIRAL,7
91,Dr. Pedro Blugerman,1900-01-01,ANTI GRIPAL,18
91,Dr. Pedro Blugerman,1900-01-01,FIEBRE AMARILLA,7
91,Dr. Pedro Blugerman,1900-01-01,DPT,5
91,Dr. Pedro Blugerman,1900-01-01,DPT (a),4
91,Dr. Pedro Blugerman,1900-01-01,DOBLE BACTERIANA,4
91,Dr. Pedro Blugerman,1900-01-01,HPV,6
85,Santa Margarita,1900-01-01,MENINGOCOC.,2
76,Dr. Romilio Monzón,1900-01-01,HEPATITIS B,5
76,Dr. Romilio Monzón,1900-01-01,ROTAVIRUS,1
76,Dr. Romilio Monzón,1900-01-01,PENTAVALENTE,9
76,Dr. Romilio Monzón,1900-01-01,NEUMOCOCICA CONJUGADA,4
76,Dr. Romilio Monzón,1900-01-01,TRIPLE VIRAL,1
76,Dr. Romilio Monzón,1900-01-01,ANTI GRIPAL,9
76,Dr. Romilio Monzón,1900-01-01,HEPATITIS A,1
76,Dr. Romilio Monzón,1900-01-01,VARICELA,1
76,Dr. Romilio Monzón,1900-01-01,FIEBRE AMARILLA,1
76,Dr. Romilio Monzón,1900-01-01,DOBLE BACTERIANA,11
76,Dr. Romilio Monzón,1900-01-01,NEUMOCOCICA NO CONJUGADA,1
10004,Centro de distribucion de Vacunas,1900-01-01,PENTAVALENTE,13
10004,Centro de distribucion de Vacunas,1900-01-01,DPT,1
10004,Centro de distribucion de Vacunas,1900-01-01,DOBLE ADULTO ,26
10004,Centro de distribucion de Vacunas,1900-01-01,HEPATITIS B,24
10004,Centro de distribucion de Vacunas,1900-01-01,ANTI AMARILLICA ,16
10004,Centro de distribucion de Vacunas,1900-01-01,NEUMO 13 ,6
10004,Centro de distribucion de Vacunas,1900-01-01,ANTI GRIPAL,8
10004,Centro de distribucion de Vacunas,1900-01-01,MENVEO ,13
10004,Centro de distribucion de Vacunas,1900-01-01,VARICELA,7
54,Itati,1900-01-01,HEPATITIS B,6
54,Itati,1900-01-01,NEUMOCOCICA CONJUGADA,8
54,Itati,1900-01-01,ANTI GRIPAL,5
54,Itati,1900-01-01,FIEBRE AMARILLA,1
54,Itati,1900-01-01,DPT (a),6
54,Itati,1900-01-01,DOBLE BACTERIANA,1
73,San Marcos,1900-01-01,SALK,3
73,San Marcos,1900-01-01,PENTAVALENTE,2
73,San Marcos,1900-01-01,NEUMOCOCICA CONJUGADA,3
73,San Marcos,1900-01-01,ANTI GRIPAL,3
73,San Marcos,1900-01-01,HEPATITIS A,1
73,San Marcos,1900-01-01,MENINGOCOC.,4
73,San Marcos,1900-01-01,DOBLE BACTERIANA,1
70,Villa Garcia,1900-01-01,SALK,4
70,Villa Garcia,1900-01-01,PENTAVALENTE,4
70,Villa Garcia,1900-01-01,NEUMOCOCICA CONJUGADA,2
70,Villa Garcia,1900-01-01,MENINGOCOC.,1
70,Villa Garcia,1900-01-01,DOBLE BACTERIANA,3
34,Dr. Marcelino Vera,1900-01-01,SALK,2
34,Dr. Marcelino Vera,1900-01-01,PENTAVALENTE,3
34,Dr. Marcelino Vera,1900-01-01,ANTI GRIPAL,3
34,Dr. Marcelino Vera,1900-01-01,FIEBRE AMARILLA,3
34,Dr. Marcelino Vera,1900-01-01,DPT (a),4
42,Dr. Santiago Lorenzo,1900-01-01,HEPATITIS B,1
42,Dr. Santiago Lorenzo,1900-01-01,PENTAVALENTE,27
42,Dr. Santiago Lorenzo,1900-01-01,TRIPLE VIRAL,6
42,Dr. Santiago Lorenzo,1900-01-01,HEPATITIS A,3
42,Dr. Santiago Lorenzo,1900-01-01,MENINGOCOC.,17
42,Dr. Santiago Lorenzo,1900-01-01,DPT,3
42,Dr. Santiago Lorenzo,1900-01-01,DPT (a),4
42,Dr. Santiago Lorenzo,1900-01-01,DOBLE BACTERIANA,7
42,Dr. Santiago Lorenzo,1900-01-01,HPV,6
42,Dr. Santiago Lorenzo,1900-01-01,NEUMOCOCICA NO CONJUGADA,1
37,Dr. Sussini,1900-01-01,SALK,14
37,Dr. Sussini,1900-01-01,ROTAVIRUS,1
37,Dr. Sussini,1900-01-01,PENTAVALENTE,10
37,Dr. Sussini,1900-01-01,NEUMOCOCICA CONJUGADA,9
37,Dr. Sussini,1900-01-01,TRIPLE VIRAL,9
37,Dr. Sussini,1900-01-01,ANTI GRIPAL,14
37,Dr. Sussini,1900-01-01,HEPATITIS A,6
37,Dr. Sussini,1900-01-01,MENINGOCOC.,18
37,Dr. Sussini,1900-01-01,DPT,2
37,Dr. Sussini,1900-01-01,DPT (a),12
37,Dr. Sussini,1900-01-01,DOBLE BACTERIANA,36
37,Dr. Sussini,1900-01-01,HPV,4
37,Dr. Sussini,1900-01-01,NEUMOCOCICA NO CONJUGADA,1
62,Pujol,1900-01-01,ROTAVIRUS,6
62,Pujol,1900-01-01,PENTAVALENTE,5
62,Pujol,1900-01-01,NEUMOCOCICA CONJUGADA,7
62,Pujol,1900-01-01,ANTI GRIPAL,5
62,Pujol,1900-01-01,VARICELA,2
62,Pujol,1900-01-01,MENINGOCOC.,4
62,Pujol,1900-01-01,FIEBRE AMARILLA,2
62,Pujol,1900-01-01,HPV,2
46,Rio Parana,1900-01-01,SALK,10
46,Rio Parana,1900-01-01,ROTAVIRUS,4
46,Rio Parana,1900-01-01,PENTAVALENTE,10
46,Rio Parana,1900-01-01,TRIPLE VIRAL,2
46,Rio Parana,1900-01-01,ANTI GRIPAL,11
46,Rio Parana,1900-01-01,MENINGOCOC.,6
10000,Dr. Anibal Malvido,1900-01-01,SALK,22
10000,Dr. Anibal Malvido,1900-01-01,ROTAVIRUS,10
10000,Dr. Anibal Malvido,1900-01-01,PENTAVALENTE,21
10000,Dr. Anibal Malvido,1900-01-01,NEUMOCOCICA CONJUGADA,19
10000,Dr. Anibal Malvido,1900-01-01,TRIPLE VIRAL,14
10000,Dr. Anibal Malvido,1900-01-01,ANTI GRIPAL,23
10000,Dr. Anibal Malvido,1900-01-01,HEPATITIS A,6
10000,Dr. Anibal Malvido,1900-01-01,FIEBRE AMARILLA,9
10000,Dr. Anibal Malvido,1900-01-01,DPT,9
10000,Dr. Anibal Malvido,1900-01-01,DPT (a),17
45,Dr. Saul Calmanash,1900-01-01,SALK,10
45,Dr. Saul Calmanash,1900-01-01,ROTAVIRUS,10
45,Dr. Saul Calmanash,1900-01-01,PENTAVALENTE,10
45,Dr. Saul Calmanash,1900-01-01,NEUMOCOCICA CONJUGADA,4
45,Dr. Saul Calmanash,1900-01-01,TRIPLE VIRAL,37
45,Dr. Saul Calmanash,1900-01-01,VARICELA,4
45,Dr. Saul Calmanash,1900-01-01,MENINGOCOC.,7
45,Dr. Saul Calmanash,1900-01-01,DPT (a),7
89,Santa Marta,1900-01-01,NEUMOCOCICA CONJUGADA,5
89,Santa Marta,1900-01-01,TRIPLE VIRAL,6
89,Santa Marta,1900-01-01,DPT (a),7
89,Santa Marta,1900-01-01,NEUMOCOCICA NO CONJUGADA,8
88,Dr. Lifschitz,1900-01-01,PENTAVALENTE,6
88,Dr. Lifschitz,1900-01-01,TRIPLE VIRAL,7
88,Dr. Lifschitz,1900-01-01,ANTI GRIPAL,12
88,Dr. Lifschitz,1900-01-01,NEUMOCOCICA NO CONJUGADA,2
79,Quinta Ferre,1900-01-01,HEPATITIS B,8
79,Quinta Ferre,1900-01-01,SALK,14
79,Quinta Ferre,1900-01-01,ROTAVIRUS,5
79,Quinta Ferre,1900-01-01,PENTAVALENTE,10
79,Quinta Ferre,1900-01-01,NEUMOCOCICA CONJUGADA,10
79,Quinta Ferre,1900-01-01,ANTI GRIPAL,10
79,Quinta Ferre,1900-01-01,HEPATITIS A,4
79,Quinta Ferre,1900-01-01,VARICELA,1
79,Quinta Ferre,1900-01-01,DPT,15
79,Quinta Ferre,1900-01-01,DPT (a),15
79,Quinta Ferre,1900-01-01,DOBLE BACTERIANA,4
79,Quinta Ferre,1900-01-01,HPV,5
38,Dr. JC Benitez Suarez,1900-01-01,SALK,17
38,Dr. JC Benitez Suarez,1900-01-01,PENTAVALENTE,16
38,Dr. JC Benitez Suarez,1900-01-01,NEUMOCOCICA CONJUGADA,11
38,Dr. JC Benitez Suarez,1900-01-01,TRIPLE VIRAL,6
38,Dr. JC Benitez Suarez,1900-01-01,VARICELA,7
38,Dr. JC Benitez Suarez,1900-01-01,MENINGOCOC.,21
38,Dr. JC Benitez Suarez,1900-01-01,FIEBRE AMARILLA,18
38,Dr. JC Benitez Suarez,1900-01-01,DPT (a),11
82,Dr. Miguel Rossi Candia,1900-01-01,HEPATITIS B,16
82,Dr. Miguel Rossi Candia,1900-01-01,SALK,27
82,Dr. Miguel Rossi Candia,1900-01-01,PENTAVALENTE,23
82,Dr. Miguel Rossi Candia,1900-01-01,GRIPE,12
82,Dr. Miguel Rossi Candia,1900-01-01,HEPATITIS A,6
82,Dr. Miguel Rossi Candia,1900-01-01,VARICELA,4
82,Dr. Miguel Rossi Candia,1900-01-01,DPT (a),21
82,Dr. Miguel Rossi Candia,1900-01-01,HPV,12
69,Primera Junta,1900-01-01,NEUMOCOCICA CONJUGADA,6
69,Primera Junta,1900-01-01,ANTI GRIPAL,2
69,Primera Junta,1900-01-01,VARICELA,3
69,Primera Junta,1900-01-01,FIEBRE AMARILLA,9
69,Primera Junta,1900-01-01,DOBLE BACTERIANA,21
69,Primera Junta,1900-01-01,HPV,6
69,Primera Junta,1900-01-01,NEUMOCOCICA NO CONJUGADA,2
58,Dr. Oscar Pirchi,1900-01-01,SALK,14
58,Dr. Oscar Pirchi,1900-01-01,NEUMOCOCICA CONJUGADA,9
58,Dr. Oscar Pirchi,1900-01-01,TRIPLE VIRAL,2
58,Dr. Oscar Pirchi,1900-01-01,ANTI GRIPAL,9
58,Dr. Oscar Pirchi,1900-01-01,HEPATITIS A,4
58,Dr. Oscar Pirchi,1900-01-01,VARICELA,2
58,Dr. Oscar Pirchi,1900-01-01,FIEBRE AMARILLA,6
58,Dr. Oscar Pirchi,1900-01-01,DPT,1
58,Dr. Oscar Pirchi,1900-01-01,DPT (a),14
58,Dr. Oscar Pirchi,1900-01-01,HPV,10
58,Dr. Oscar Pirchi,1900-01-01,NEUMOCOCICA NO CONJUGADA,2
32,Dr. Manuel Cassuso,1900-01-01,PENTAVALENTE,10
32,Dr. Manuel Cassuso,1900-01-01,ANTI GRIPAL,13
32,Dr. Manuel Cassuso,1900-01-01,HEPATITIS A,4
32,Dr. Manuel Cassuso,1900-01-01,MENINGOCOC.,10
32,Dr. Manuel Cassuso,1900-01-01,DPT (a),9
32,Dr. Manuel Cassuso,1900-01-01,DOBLE BACTERIANA,3
32,Dr. Manuel Cassuso,1900-01-01,HPV,7
10003,Guemes,1900-01-01,HEPATITIS B,5
10003,Guemes,1900-01-01,SALK,7
10003,Guemes,1900-01-01,NEUMOCOCICA CONJUGADA,2
10003,Guemes,1900-01-01,ANTI GRIPAL,6
10003,Guemes,1900-01-01,VARICELA,3
10003,Guemes,1900-01-01,MENINGOCOC.,10
10003,Guemes,1900-01-01,DOBLE ADULTO ,11
10003,Guemes,1900-01-01,NEUMO23,1
36,Esperanza,1900-01-01,SALK,24
36,Esperanza,1900-01-01,PENTAVALENTE,21
36,Esperanza,1900-01-01,NEUMOCOCICA CONJUGADA,17
36,Esperanza,1900-01-01,TRIPLE VIRAL,15
36,Esperanza,1900-01-01,HEPATITIS A,7
36,Esperanza,1900-01-01,MENINGOCOC.,21
36,Esperanza,1900-01-01,FIEBRE AMARILLA,9
36,Esperanza,1900-01-01,DPT (a),5
36,Esperanza,1900-01-01,HPV,6
71,Villa Chiquita,1900-01-01,HEPATITIS B,3
71,Villa Chiquita,1900-01-01,SALK,6
71,Villa Chiquita,1900-01-01,ROTAVIRUS,5
71,Villa Chiquita,1900-01-01,VARICELA,2
71,Villa Chiquita,1900-01-01,MENINGOCOC.,6
71,Villa Chiquita,1900-01-01,DPT,4
71,Villa Chiquita,1900-01-01,DPT (a),4
71,Villa Chiquita,1900-01-01,HPV,3
10001,Dr. Korimblum,1900-01-01,BCG,2
10001,Dr. Korimblum,1900-01-01,SALK,6
10001,Dr. Korimblum,1900-01-01,ROTAVIRUS,6
10001,Dr. Korimblum,1900-01-01,SABIN ORAL,9
10001,Dr. Korimblum,1900-01-01,ANTI GRIPAL,3
10001,Dr. Korimblum,1900-01-01,DPT,6
10001,Dr. Korimblum,1900-01-01,DPT (a),2
10001,Dr. Korimblum,1900-01-01,HPV,3
49,Dr. Benjamin Serrano,1900-01-01,SALK,12
49,Dr. Benjamin Serrano,1900-01-01,ROTAVIRUS,4
49,Dr. Benjamin Serrano,1900-01-01,NEUMOCOCICA CONJUGADA,8
49,Dr. Benjamin Serrano,1900-01-01,TRIPLE VIRAL,2
49,Dr. Benjamin Serrano,1900-01-01,ANTI GRIPAL,7
49,Dr. Benjamin Serrano,1900-01-01,DPT (a),8
90,Sapucay,1900-01-01,SALK,3
90,Sapucay,1900-01-01,PENTAVALENTE,2
90,Sapucay,1900-01-01,NEUMOCOCICA CONJUGADA,1
90,Sapucay,1900-01-01,ANTI GRIPAL,7
90,Sapucay,1900-01-01,DPT (a),2
90,Sapucay,1900-01-01,SALK,15
90,Sapucay,1900-01-01,ROTAVIRUS,4
90,Sapucay,1900-01-01,PENTAVALENTE,11
90,Sapucay,1900-01-01,ANTI GRIPAL,11
90,Sapucay,1900-01-01,HPV,4
73,San Marcos,1900-01-01,SALK,5
73,San Marcos,1900-01-01,ROTAVIRUS,3
73,San Marcos,1900-01-01,PENTAVALENTE,7
73,San Marcos,1900-01-01,ANTI GRIPAL,7
73,San Marcos,1900-01-01,VARICELA,3
73,San Marcos,1900-01-01,DPT (a),3
73,San Marcos,1900-01-01,DOBLE BACTERIANA,6
73,San Marcos,1900-01-01,HPV,2
85,Santa Margarita,1900-01-01,HEPATITIS B,1
85,Santa Margarita,1900-01-01,PENTAVALENTE,1
85,Santa Margarita,1900-01-01,ANTI GRIPAL,2
127,Santa Catalina,1900-01-01,HEPATITIS B,5
127,Santa Catalina,1900-01-01,ANTI GRIPAL,7
127,Santa Catalina,1900-01-01,HPV,1
45,Dr. Saul Calmanash,1900-01-01,NEUMOCOCICA CONJUGADA,1
45,Dr. Saul Calmanash,1900-01-01,TRIPLE VIRAL,1
45,Dr. Saul Calmanash,1900-01-01,ANTI GRIPAL,3
45,Dr. Saul Calmanash,1900-01-01,MENINGOCOC.,2
45,Dr. Saul Calmanash,1900-01-01,HPV,1
90,Sapucay,1900-01-01,SALK,8
90,Sapucay,1900-01-01,NEUMOCOCICA CONJUGADA,4
90,Sapucay,1900-01-01,TRIPLE VIRAL,6
90,Sapucay,1900-01-01,HEPATITIS A,4
90,Sapucay,1900-01-01,DOBLE BACTERIANA,2
90,Sapucay,1900-01-01,HPV,3
34,Dr. Marcelino Vera,1900-01-01,NEUMOCOCICA CONJUGADA,4
34,Dr. Marcelino Vera,1900-01-01,DPT (a),1
75,Dr. Mauricio Open,1900-01-01,SALK,2
75,Dr. Mauricio Open,1900-01-01,PENTAVALENTE,2
75,Dr. Mauricio Open,1900-01-01,NEUMOCOCICA CONJUGADA,1
75,Dr. Mauricio Open,1900-01-01,ANTI GRIPAL,5
75,Dr. Mauricio Open,1900-01-01,MENINGOCOC.,1
75,Dr. Mauricio Open,1900-01-01,FIEBRE AMARILLA,2
75,Dr. Mauricio Open,1900-01-01,DPT (a),3
91,Dr. Pedro Blugerman,1900-01-01,SALK,6
91,Dr. Pedro Blugerman,1900-01-01,PENTAVALENTE,5
91,Dr. Pedro Blugerman,1900-01-01,NEUMOCOCICA CONJUGADA,4
91,Dr. Pedro Blugerman,1900-01-01,ANTI GRIPAL,4
91,Dr. Pedro Blugerman,1900-01-01,MENINGOCOC.,6
91,Dr. Pedro Blugerman,1900-01-01,FIEBRE AMARILLA,4
47,Dr. Guillermo Rawson,1900-01-01,SALK,8
47,Dr. Guillermo Rawson,1900-01-01,ROTAVIRUS,5
47,Dr. Guillermo Rawson,1900-01-01,PENTAVALENTE,7
47,Dr. Guillermo Rawson,1900-01-01,TRIPLE VIRAL,12
47,Dr. Guillermo Rawson,1900-01-01,ANTI GRIPAL,143
47,Dr. Guillermo Rawson,1900-01-01,VARICELA,2
47,Dr. Guillermo Rawson,1900-01-01,DPT,16
47,Dr. Guillermo Rawson,1900-01-01,DOBLE BACTERIANA,24
47,Dr. Guillermo Rawson,1900-01-01,NEUMOCOCICA NO CONJUGADA,1
58,Dr. Oscar Pirchi,1900-01-01,H,3
58,Dr. Oscar Pirchi,1900-01-01,SA,9
58,Dr. Oscar Pirchi,1900-01-01,ROTAVIRUS,47
58,Dr. Oscar Pirchi,1900-01-01,PENTAVALENTE,8
58,Dr. Oscar Pirchi,1900-01-01,NEUMOCOCICA CONJUGADA,7
58,Dr. Oscar Pirchi,1900-01-01,TRIPLE VIRAL,3
58,Dr. Oscar Pirchi,1900-01-01,VARICELA,1
58,Dr. Oscar Pirchi,1900-01-01,MENINGOCOC.,9
58,Dr. Oscar Pirchi,1900-01-01,DPT (a),6
58,Dr. Oscar Pirchi,1900-01-01,DOBLE BACTERIANA,9
82,Dr. Miguel Rossi Candia,1900-01-01,HEPATITIS B,7
82,Dr. Miguel Rossi Candia,1900-01-01,ROTAVIRUS,6
82,Dr. Miguel Rossi Candia,1900-01-01,PENTAVALENTE,12
82,Dr. Miguel Rossi Candia,1900-01-01,TRIPLE VIRAL,4
82,Dr. Miguel Rossi Candia,1900-01-01,ANTI GRIPAL,6
82,Dr. Miguel Rossi Candia,1900-01-01,MENINGOCOC.,13
82,Dr. Miguel Rossi Candia,1900-01-01,DPT,1
82,Dr. Miguel Rossi Candia,1900-01-01,DTA,13
38,Dr. JC Benitez Suarez,1900-01-01,HEPATITIS B,8
38,Dr. JC Benitez Suarez,1900-01-01,ROTAVIRUS,1
38,Dr. JC Benitez Suarez,1900-01-01,PENTAVALENTE,6
38,Dr. JC Benitez Suarez,1900-01-01,NEUMOCOCICA CONJUGADA,1
38,Dr. JC Benitez Suarez,1900-01-01,SABIN ORAL,1
38,Dr. JC Benitez Suarez,1900-01-01,TRIPLE VIRAL,3
38,Dr. JC Benitez Suarez,1900-01-01,ANTI GRIPAL,9
38,Dr. JC Benitez Suarez,1900-01-01,VARICELA,3
38,Dr. JC Benitez Suarez,1900-01-01,MENINGOCOC.,11
38,Dr. JC Benitez Suarez,1900-01-01,DPT,15
38,Dr. JC Benitez Suarez,1900-01-01,DPT (a),2
38,Dr. JC Benitez Suarez,1900-01-01,DOBLE BACTERIANA,9
38,Dr. JC Benitez Suarez,1900-01-01,HPV,6
10000,Dr. Anibal Malvido,1900-01-01,SALK,5
10000,Dr. Anibal Malvido,1900-01-01,PENTAVALENTE,18
10000,Dr. Anibal Malvido,1900-01-01,NEUMOCOCICA CONJUGADA,8
10000,Dr. Anibal Malvido,1900-01-01,TRIPLE VIRAL,4
10000,Dr. Anibal Malvido,1900-01-01,ANTI GRIPAL,8
10000,Dr. Anibal Malvido,1900-01-01,HEPATITIS A,2
10000,Dr. Anibal Malvido,1900-01-01,MENINGOCOC.,16
10000,Dr. Anibal Malvido,1900-01-01,FIEBRE AMARILLA,4
10000,Dr. Anibal Malvido,1900-01-01,DPT,2
10000,Dr. Anibal Malvido,1900-01-01,DPT (a),9
10000,Dr. Anibal Malvido,1900-01-01,DOBLE BACTERIANA,4
10000,Dr. Anibal Malvido,1900-01-01,HPV,6
76,Dr. Romilio Monzón,1900-01-01,HEPATITIS B,2
76,Dr. Romilio Monzón,1900-01-01,TRIPLE VIRAL,2
76,Dr. Romilio Monzón,1900-01-01,ANTI GRIPAL,3
76,Dr. Romilio Monzón,1900-01-01,VARICELA,2
76,Dr. Romilio Monzón,1900-01-01,MENINGOCOC.,4
76,Dr. Romilio Monzón,1900-01-01,DPT (a),3
76,Dr. Romilio Monzón,1900-01-01,HPV,2
10003,Guemes,1900-01-01,HEPATITIS B,3
10003,Guemes,1900-01-01,ROTAVIRUS,6
10003,Guemes,1900-01-01,NEUMOCOCICA CONJUGADA,4
10003,Guemes,1900-01-01,TRIPLE VIRAL,9
10003,Guemes,1900-01-01,ANTI GRIPAL,2
10003,Guemes,1900-01-01,MENINGOCOC.,9
10003,Guemes,1900-01-01,FIEBRE AMARILLA,1
10003,Guemes,1900-01-01,DOBLE BACTERIANA,1
10003,Guemes,1900-01-01,DOBLE VIRAL,4
89,Santa Marta,1900-01-01,PENTAVALENTE,1
89,Santa Marta,1900-01-01,MENINGOCOC.,3
89,Santa Marta,1900-01-01,DOBLE BACTERIANA,6
71,Villa Chiquita,1900-01-01,SALK,5
71,Villa Chiquita,1900-01-01,PENTAVALENTE,1
71,Villa Chiquita,1900-01-01,NEUMOCOCICA CONJUGADA,2
71,Villa Chiquita,1900-01-01,TRIPLE VIRAL,4
71,Villa Chiquita,1900-01-01,ANTI GRIPAL,2
71,Villa Chiquita,1900-01-01,HEPATITIS A,1
71,Villa Chiquita,1900-01-01,DPT,1
71,Villa Chiquita,1900-01-01,DPT (a),2
71,Villa Chiquita,1900-01-01,HPV,1
42,Dr. Santiago Lorenzo,1900-01-01,ROTAVIRUS,7
42,Dr. Santiago Lorenzo,1900-01-01,NEUMOCOCICA CONJUGADA,11
42,Dr. Santiago Lorenzo,1900-01-01,TRIPLE VIRAL,10
42,Dr. Santiago Lorenzo,1900-01-01,MENINGOCOC.,22
42,Dr. Santiago Lorenzo,1900-01-01,DPT,6
42,Dr. Santiago Lorenzo,1900-01-01,DPT (a),5
42,Dr. Santiago Lorenzo,1900-01-01,DOBLE BACTERIANA,6
49,Dr. Benjamin Serrano,1900-01-01,ROTAVIRUS,5
49,Dr. Benjamin Serrano,1900-01-01,PENTAVALENTE,9
49,Dr. Benjamin Serrano,1900-01-01,NEUMOCOCICA CONJUGADA,7
49,Dr. Benjamin Serrano,1900-01-01,TRIPLE VIRAL,1
49,Dr. Benjamin Serrano,1900-01-01,ANTI GRIPAL,9
49,Dr. Benjamin Serrano,1900-01-01,VARICELA,1
49,Dr. Benjamin Serrano,1900-01-01,FIEBRE AMARILLA,4
70,Villa Garcia,1900-01-01,SALK,3
70,Villa Garcia,1900-01-01,PENTAVALENTE,2
62,Pujol,1900-01-01,PENTAVALENTE,6
62,Pujol,1900-01-01,NEUMOCOCICA CONJUGADA,1
62,Pujol,1900-01-01,ANTI GRIPAL,2
48,Dr. Jose de los Reyes Vidal,1900-01-01,HEPATITIS B,6
48,Dr. Jose de los Reyes Vidal,1900-01-01,MENINGOCOC.,3
48,Dr. Jose de los Reyes Vidal,1900-01-01,FIEBRE AMARILLA,2
48,Dr. Jose de los Reyes Vidal,1900-01-01,DPT (a),4
48,Dr. Jose de los Reyes Vidal,1900-01-01,DOBLE BACTERIANA,6
31,Dr. Elias Galvan,1900-01-01,ANTI GRIPAL,2
31,Dr. Elias Galvan,1900-01-01,DOBLE BACTERIANA,1
37,Dr. Sussini,1900-01-01,HEPATITIS A,19
37,Dr. Sussini,1900-01-01,SALK,1
37,Dr. Sussini,1900-01-01,ROTAVIRUS,13
37,Dr. Sussini,1900-01-01,PENTAVALENTE,21
37,Dr. Sussini,1900-01-01,NEUMOCOCICA CONJUGADA,15
37,Dr. Sussini,1900-01-01,ANTI GRIPAL,17
37,Dr. Sussini,1900-01-01,VARICELA,9
37,Dr. Sussini,1900-01-01,MENINGOCOC.,27
37,Dr. Sussini,1900-01-01,FIEBRE AMARILLA,5
37,Dr. Sussini,1900-01-01,DPT (a),21
37,Dr. Sussini,1900-01-01,DOBLE BACTERIANA,42
36,Esperanza,1900-01-01,ROTAVIRUS,2
36,Esperanza,1900-01-01,PENTAVALENTE,7
36,Esperanza,1900-01-01,NEUMOCOCICA CONJUGADA,6
36,Esperanza,1900-01-01,TRIPLE VIRAL,5
36,Esperanza,1900-01-01,MENINGOCOC.,10
36,Esperanza,1900-01-01,FIEBRE AMARILLA,3
36,Esperanza,1900-01-01,HPV,4
36,Esperanza,1900-01-01,NEUMOCOCICA NO CONJUGADA,1
32,Dr. Manuel Cassuso,1900-01-01,SALK,11
32,Dr. Manuel Cassuso,1900-01-01,ROTAVIRUS,4
32,Dr. Manuel Cassuso,1900-01-01,PENTAVALENTE,13
32,Dr. Manuel Cassuso,1900-01-01,TRIPLE VIRAL,10
32,Dr. Manuel Cassuso,1900-01-01,ANTI GRIPAL,17
32,Dr. Manuel Cassuso,1900-01-01,MENINGOCOC.,11
32,Dr. Manuel Cassuso,1900-01-01,FIEBRE AMARILLA,3
32,Dr. Manuel Cassuso,1900-01-01,DOBLE BACTERIANA,8
46,Rio Parana,1900-01-01,SALK,7
46,Rio Parana,1900-01-01,PENTAVALENTE,14
46,Rio Parana,1900-01-01,ANTI GRIPAL,3
46,Rio Parana,1900-01-01,MENINGOCOC.,11
46,Rio Parana,1900-01-01,DPT,4
46,Rio Parana,1900-01-01,DPT (a),2
46,Rio Parana,1900-01-01,HPV,4
69,Primera Junta,1900-01-01,HEPATITIS B,3
69,Primera Junta,1900-01-01,DOBLE VIRAL,3
69,Primera Junta,1900-01-01,HPV,2
31,Dr. Elias Galvan,1900-01-01,HEPATITIS B,4
31,Dr. Elias Galvan,1900-01-01,ANTI GRIPAL,13
31,Dr. Elias Galvan,1900-01-01,DOBLE BACTERIANA,4
31,Dr. Elias Galvan,1900-01-01,NEUMOCOCICA NO CONJUGADA,4
70,Villa Garcia,1900-01-01,PENTAVALENTE,5
70,Villa Garcia,1900-01-01,NEUMOCOCICA CONJUGADA,6
70,Villa Garcia,1900-01-01,ANTI GRIPAL,1
10000,Dr. Anibal Malvido,1900-01-01,SALK,8
10000,Dr. Anibal Malvido,1900-01-01,ROTAVIRUS,16
10000,Dr. Anibal Malvido,1900-01-01,PENTAVALENTE,31
10000,Dr. Anibal Malvido,1900-01-01,NEUMOCOCICA CONJUGADA,29
10000,Dr. Anibal Malvido,1900-01-01,ANTI GRIPAL,6
10000,Dr. Anibal Malvido,1900-01-01,HEPATITIS A,5
10000,Dr. Anibal Malvido,1900-01-01,VARICELA,2
10000,Dr. Anibal Malvido,1900-01-01,MENINGOCOC.,20
10000,Dr. Anibal Malvido,1900-01-01,FIEBRE AMARILLA,2
10000,Dr. Anibal Malvido,1900-01-01,DPT,1
10000,Dr. Anibal Malvido,1900-01-01,DOBLE BACTERIANA,6
10000,Dr. Anibal Malvido,1900-01-01,HPV,5
10000,Dr. Anibal Malvido,1900-01-01,NEUMOCOCICA NO CONJUGADA,1
10001,Dr. Korimblum,1900-01-01,PENTAVALENTE,6
10001,Dr. Korimblum,1900-01-01,SABIN ORAL,6
10001,Dr. Korimblum,1900-01-01,ANTI GRIPAL,1
10001,Dr. Korimblum,1900-01-01,DPT (a),4
10001,Dr. Korimblum,1900-01-01,NEUMOCOCICA NO CONJUGADA,3
54,Itati,1900-01-01,HEPATITIS B,1
54,Itati,1900-01-01,SALK,3
54,Itati,1900-01-01,ROTAVIRUS,1
54,Itati,1900-01-01,PENTAVALENTE,4
54,Itati,1900-01-01,NEUMOCOCICA CONJUGADA,2
54,Itati,1900-01-01,ANTI GRIPAL,6
79,Quinta Ferre,1900-01-01,HEPATITIS B,7
79,Quinta Ferre,1900-01-01,ANTI GRIPAL,15
79,Quinta Ferre,1900-01-01,MENINGOCOC.,10
79,Quinta Ferre,1900-01-01,FIEBRE AMARILLA,6
79,Quinta Ferre,1900-01-01,DPT,12
88,Dr. Lifschitz,1900-01-01,SALK,1
88,Dr. Lifschitz,1900-01-01,ROTAVIRUS,1
88,Dr. Lifschitz,1900-01-01,TRIPLE VIRAL,2
88,Dr. Lifschitz,1900-01-01,ANTI GRIPAL,11
88,Dr. Lifschitz,1900-01-01,MENINGOCOC.,12
88,Dr. Lifschitz,1900-01-01,FIEBRE AMARILLA,3
88,Dr. Lifschitz,1900-01-01,DPT (a),6
88,Dr. Lifschitz,1900-01-01,HPV,4
41,Dr. Manuel Gonzalez,1900-01-01,MENINGOCOC.,2
75,Dr. Mauricio Open,1900-01-01,HEPATITIS B,16
75,Dr. Mauricio Open,1900-01-01,ROTAVIRUS,5
75,Dr. Mauricio Open,1900-01-01,NEUMOCOCICA CONJUGADA,8
75,Dr. Mauricio Open,1900-01-01,TRIPLE VIRAL,3
75,Dr. Mauricio Open,1900-01-01,ANTI GRIPAL,4
75,Dr. Mauricio Open,1900-01-01,HEPATITIS A,3
75,Dr. Mauricio Open,1900-01-01,MENINGOCOC.,3
75,Dr. Mauricio Open,1900-01-01,FIEBRE AMARILLA,6
75,Dr. Mauricio Open,1900-01-01,DOBLE BACTERIANA,17
75,Dr. Mauricio Open,1900-01-01,NEUMOCOCICA NO CONJUGADA,2
127,Santa Catalina,1900-01-01,ANTI GRIPAL,4
127,Santa Catalina,1900-01-01,FIEBRE AMARILLA,2
127,Santa Catalina,1900-01-01,HPV,3
91,Dr. Pedro Blugerman,1900-01-01,HEPATITIS B,3
91,Dr. Pedro Blugerman,1900-01-01,SALK,12
91,Dr. Pedro Blugerman,1900-01-01,PENTAVALENTE,14
91,Dr. Pedro Blugerman,1900-01-01,HEPATITIS A,4
91,Dr. Pedro Blugerman,1900-01-01,VARICELA,10
91,Dr. Pedro Blugerman,1900-01-01,MENINGOCOC.,12
91,Dr. Pedro Blugerman,1900-01-01,HPV,2
47,Dr. Guillermo Rawson,1900-01-01,SALK,3
47,Dr. Guillermo Rawson,1900-01-01,PENTAVALENTE,8
47,Dr. Guillermo Rawson,1900-01-01,NEUMOCOCICA CONJUGADA,5
47,Dr. Guillermo Rawson,1900-01-01,TRIPLE VIRAL,3
47,Dr. Guillermo Rawson,1900-01-01,ANTI GRIPAL,3
47,Dr. Guillermo Rawson,1900-01-01,FIEBRE AMARILLA,4
47,Dr. Guillermo Rawson,1900-01-01,DPT (a),5
47,Dr. Guillermo Rawson,1900-01-01,DOBLE VIRAL,1
47,Dr. Guillermo Rawson,1900-01-01,HPV,7
10002,Dr. Semper,1900-01-01,MENINGOCOC.,1
10002,Dr. Semper,1900-01-01,DPT (a),4
76,Dr. Romilio Monzón,1900-01-01,HEPATITIS B,8
76,Dr. Romilio Monzón,1900-01-01,SALK,2
76,Dr. Romilio Monzón,1900-01-01,ROTAVIRUS,4
76,Dr. Romilio Monzón,1900-01-01,PENTAVALENTE,5
76,Dr. Romilio Monzón,1900-01-01,NEUMOCOCICA CONJUGADA,6
76,Dr. Romilio Monzón,1900-01-01,ANTI GRIPAL,2
76,Dr. Romilio Monzón,1900-01-01,MENINGOCOC.,6
76,Dr. Romilio Monzón,1900-01-01,FIEBRE AMARILLA,2
76,Dr. Romilio Monzón,1900-01-01,DPT (a),4
62,Pujol,1900-01-01,NEUMOCOCICA CONJUGADA,4
32,Dr. Manuel Cassuso,1900-01-01,SALK,6
32,Dr. Manuel Cassuso,1900-01-01,ROTAVIRUS,2
32,Dr. Manuel Cassuso,1900-01-01,PENTAVALENTE,7
32,Dr. Manuel Cassuso,1900-01-01,NEUMOCOCICA CONJUGADA,8
32,Dr. Manuel Cassuso,1900-01-01,TRIPLE VIRAL,6
32,Dr. Manuel Cassuso,1900-01-01,MENINGOCOC.,3
32,Dr. Manuel Cassuso,1900-01-01,DPT,1
32,Dr. Manuel Cassuso,1900-01-01,DPT (a),3
32,Dr. Manuel Cassuso,1900-01-01,DOBLE BACTERIANA,7
10003,Guemes,1900-01-01,HEPATITIS B,2
10003,Guemes,1900-01-01,SALK,2
10003,Guemes,1900-01-01,ROTAVIRUS,1
10003,Guemes,1900-01-01,PENTAVALENTE,3
10003,Guemes,1900-01-01,VARICELA,1
10003,Guemes,1900-01-01,MENINGOCOC.,2
10003,Guemes,1900-01-01,DPT (a),1
10003,Guemes,1900-01-01,DOBLE BACTERIANA,5
10003,Guemes,1900-01-01,HPV,3
10003,Guemes,1900-01-01,NEUMOCOCICA NO CONJUGADA,1
36,Esperanza,1900-01-01,ROTAVIRUS,14
36,Esperanza,1900-01-01,NEUMOCOCICA CONJUGADA,19
36,Esperanza,1900-01-01,ANTI GRIPAL,12
36,Esperanza,1900-01-01,MENINGOCOC.,25
36,Esperanza,1900-01-01,FIEBRE AMARILLA,17
36,Esperanza,1900-01-01,DPT (a),17
36,Esperanza,1900-01-01,HPV,21
73,San Marcos,1900-01-01,PENTAVALENTE,5
73,San Marcos,1900-01-01,NEUMOCOCICA CONJUGADA,1
73,San Marcos,1900-01-01,TRIPLE VIRAL,1
73,San Marcos,1900-01-01,ANTI GRIPAL,4
73,San Marcos,1900-01-01,DPT (a),2
73,San Marcos,1900-01-01,NEUMOCOCICA NO CONJUGADA,1
42,Dr. Santiago Lorenzo,1900-01-01,SALK,18
42,Dr. Santiago Lorenzo,1900-01-01,PENTAVALENTE,18
42,Dr. Santiago Lorenzo,1900-01-01,VARICELA,3
42,Dr. Santiago Lorenzo,1900-01-01,MENINGOCOC.,15
42,Dr. Santiago Lorenzo,1900-01-01,DPT (a),3
42,Dr. Santiago Lorenzo,1900-01-01,HPV,4
90,Sapucay,1900-01-01,NEUMOCOCICA CONJUGADA,3
90,Sapucay,1900-01-01,ANTI GRIPAL,4
90,Sapucay,1900-01-01,VARICELA,1
71,Villa Chiquita,1900-01-01,HEPATITIS B,7
71,Villa Chiquita,1900-01-01,SALK,3
71,Villa Chiquita,1900-01-01,NEUMOCOCICA CONJUGADA,3
71,Villa Chiquita,1900-01-01,ANTI GRIPAL,3
71,Villa Chiquita,1900-01-01,MENINGOCOC.,1
46,Rio Parana,1900-01-01,SALK,1
46,Rio Parana,1900-01-01,ANTI GRIPAL,5
46,Rio Parana,1900-01-01,MENINGOCOC.,14
46,Rio Parana,1900-01-01,FIEBRE AMARILLA,5
46,Rio Parana,1900-01-01,DPT,1
38,Dr. JC Benitez Suarez,1900-01-01,ANTI GRIPAL,2
38,Dr. JC Benitez Suarez,1900-01-01,VARICELA,2
38,Dr. JC Benitez Suarez,1900-01-01,DPT,5
79,Quinta Ferre,1900-01-01,HEPATITIS B,10
79,Quinta Ferre,1900-01-01,ROTAVIRUS,6
79,Quinta Ferre,1900-01-01,PENTAVALENTE,6
79,Quinta Ferre,1900-01-01,NEUMOCOCICA CONJUGADA,8
79,Quinta Ferre,1900-01-01,ANTI GRIPAL,5
79,Quinta Ferre,1900-01-01,MENINGOCOC.,6
79,Quinta Ferre,1900-01-01,DPT,8
45,Dr. Saul Calmanash,1900-01-01,HEPATITIS B,1
45,Dr. Saul Calmanash,1900-01-01,PENTAVALENTE,5
45,Dr. Saul Calmanash,1900-01-01,NEUMOCOCICA CONJUGADA,2
45,Dr. Saul Calmanash,1900-01-01,ANTI GRIPAL,4
45,Dr. Saul Calmanash,1900-01-01,DPT,10
69,Primera Junta,1900-01-01,TRIPLE VIRAL,1
69,Primera Junta,1900-01-01,HEPATITIS A,1
69,Primera Junta,1900-01-01,MENINGOCOC.,1
69,Primera Junta,1900-01-01,DPT (a),3
69,Primera Junta,1900-01-01,DOBLE BACTERIANA,2
37,Dr. Sussini,1900-01-01,HEPATITIS A,28
37,Dr. Sussini,1900-01-01,SALK,5
37,Dr. Sussini,1900-01-01,ROTAVIRUS,7
37,Dr. Sussini,1900-01-01,PENTAVALENTE,18
37,Dr. Sussini,1900-01-01,NEUMOCOCICA CONJUGADA,13
37,Dr. Sussini,1900-01-01,ANTI GRIPAL,37
37,Dr. Sussini,1900-01-01,MENINGOCOC.,39
37,Dr. Sussini,1900-01-01,DPT (a),27
37,Dr. Sussini,1900-01-01,DOBLE BACTERIANA,57
37,Dr. Sussini,1900-01-01,NEUMOCOCICA NO CONJUGADA,3
10001,Dr. Korimblum,1900-01-01,SALK,2
10001,Dr. Korimblum,1900-01-01,PENTAVALENTE,4
10001,Dr. Korimblum,1900-01-01,SABIN ORAL,2
10001,Dr. Korimblum,1900-01-01,ANTI GRIPAL,2
10001,Dr. Korimblum,1900-01-01,MENINGOCOC.,1
10001,Dr. Korimblum,1900-01-01,DOBLE BACTERIANA,1
54,Itati,1900-01-01,HEPATITIS B,3
54,Itati,1900-01-01,SALK,2
54,Itati,1900-01-01,NEUMOCOCICA CONJUGADA,5
54,Itati,1900-01-01,TRIPLE VIRAL,2
54,Itati,1900-01-01,ANTI GRIPAL,4
54,Itati,1900-01-01,MENINGOCOC.,4
58,Dr. Oscar Pirchi,1900-01-01,SALK,2
58,Dr. Oscar Pirchi,1900-01-01,ROTAVIRUS,2
58,Dr. Oscar Pirchi,1900-01-01,PENTAVALENTE,2
58,Dr. Oscar Pirchi,1900-01-01,NEUMOCOCICA CONJUGADA,4
58,Dr. Oscar Pirchi,1900-01-01,TRIPLE VIRAL,1
58,Dr. Oscar Pirchi,1900-01-01,ANTI GRIPAL,2
58,Dr. Oscar Pirchi,1900-01-01,HEPATITIS A,1
88,Dr. Lifschitz,1900-01-01,HEPATITIS B,2
88,Dr. Lifschitz,1900-01-01,ANTI GRIPAL,21
88,Dr. Lifschitz,1900-01-01,MENINGOCOC.,8
88,Dr. Lifschitz,1900-01-01,DPT (a),3
82,Dr. Miguel Rossi Candia,1900-01-01,SALK,17
82,Dr. Miguel Rossi Candia,1900-01-01,ROTAVIRUS,8
82,Dr. Miguel Rossi Candia,1900-01-01,NEUMOCOCICA CONJUGADA,14
82,Dr. Miguel Rossi Candia,1900-01-01,TRIPLE VIRAL,9
82,Dr. Miguel Rossi Candia,1900-01-01,ANTI GRIPAL,11
82,Dr. Miguel Rossi Candia,1900-01-01,HEPATITIS A,7
82,Dr. Miguel Rossi Candia,1900-01-01,VARICELA,10
82,Dr. Miguel Rossi Candia,1900-01-01,MENINGOCOC.,18
82,Dr. Miguel Rossi Candia,1900-01-01,DPT (a),12
82,Dr. Miguel Rossi Candia,1900-01-01,DTA,6
82,Dr. Miguel Rossi Candia,1900-01-01,HPV,6
82,Dr. Miguel Rossi Candia,1900-01-01,GRIPE A,4
34,Dr. Marcelino Vera,1900-01-01,ANTI GRIPAL,2
34,Dr. Marcelino Vera,1900-01-01,FIEBRE AMARILLA,4
34,Dr. Marcelino Vera,1900-01-01,HPV,4
10004,Centro de distribucion de Vacunas,1900-01-01,SALK,11
10004,Centro de distribucion de Vacunas,1900-01-01,DOBLE ADULTO ,29
10004,Centro de distribucion de Vacunas,1900-01-01,HEPATITIS A,1
10004,Centro de distribucion de Vacunas,1900-01-01,HEPATITIS B,34
10004,Centro de distribucion de Vacunas,1900-01-01,ANTI AMARILLICA ,4
10004,Centro de distribucion de Vacunas,1900-01-01,NEUMO 13 ,8
10004,Centro de distribucion de Vacunas,1900-01-01,VARICELA,6
10004,Centro de distribucion de Vacunas,1900-01-01,SALK,9
10004,Centro de distribucion de Vacunas,1900-01-01,PENTAVALENTE,12
10004,Centro de distribucion de Vacunas,1900-01-01,DOBLE ADULTO ,8
10004,Centro de distribucion de Vacunas,1900-01-01,TRIPLE VIRAL,1
10004,Centro de distribucion de Vacunas,1900-01-01,ANTI AMARILLICA ,2
10004,Centro de distribucion de Vacunas,1900-01-01,NEUMO 13 ,12
10004,Centro de distribucion de Vacunas,1900-01-01,HPV,8
10004,Centro de distribucion de Vacunas,1900-01-01,ANTIGRIPAL ADULTO ,2
10004,Centro de distribucion de Vacunas,1900-01-01,ANTIGRIPAL PEDIATRICO,2
10004,Centro de distribucion de Vacunas,1900-01-01,MENANTRA ,1
49,Dr. Benjamin Serrano,1900-01-01,HEPATITIS B,3
49,Dr. Benjamin Serrano,1900-01-01,SALK,4
49,Dr. Benjamin Serrano,1900-01-01,TRIPLE VIRAL,4
49,Dr. Benjamin Serrano,1900-01-01,ANTI GRIPAL,2
49,Dr. Benjamin Serrano,1900-01-01,FIEBRE AMARILLA,3
49,Dr. Benjamin Serrano,1900-01-01,DPT,1
49,Dr. Benjamin Serrano,1900-01-01,DPT (a),12
49,Dr. Benjamin Serrano,1900-01-01,HPV,9
49,Dr. Benjamin Serrano,1900-01-01,NEUMOCOCICA NO CONJUGADA,3
89,Santa Marta,1900-01-01,HEPATITIS B,3
89,Santa Marta,1900-01-01,PENTAVALENTE,4
89,Santa Marta,1900-01-01,ANTI GRIPAL,4
89,Santa Marta,1900-01-01,MENINGOCOC.,2
89,Santa Marta,1900-01-01,DPT (a),1
41,Dr. Manuel Gonzalez,1900-01-01,SALK,5
41,Dr. Manuel Gonzalez,1900-01-01,TRIPLE VIRAL,3
36,Esperanza,1900-01-01,HEPATITIS B,3
36,Esperanza,1900-01-01,SALK,34
36,Esperanza,1900-01-01,PENTAVALENTE,19
36,Esperanza,1900-01-01,NEUMOCOCICA CONJUGADA,8
36,Esperanza,1900-01-01,TRIPLE VIRAL,12
36,Esperanza,1900-01-01,VARICELA,10
36,Esperanza,1900-01-01,MENINGOCOC.,31
36,Esperanza,1900-01-01,FIEBRE AMARILLA,18
36,Esperanza,1900-01-01,DPT (a),19
36,Esperanza,1900-01-01,HPV,22
91,Dr. Pedro Blugerman,1900-01-01,HEPATITIS B,7
91,Dr. Pedro Blugerman,1900-01-01,SALK,15
91,Dr. Pedro Blugerman,1900-01-01,ROTAVIRUS,10
91,Dr. Pedro Blugerman,1900-01-01,MENINGOCOC.,10
91,Dr. Pedro Blugerman,1900-01-01,FIEBRE AMARILLA,6
91,Dr. Pedro Blugerman,1900-01-01,DPT (a),8
91,Dr. Pedro Blugerman,1900-01-01,DOBLE VIRAL,5
91,Dr. Pedro Blugerman,1900-01-01,HPV,4
76,Dr. Romilio Monzón,1900-01-01,SALK,18
76,Dr. Romilio Monzón,1900-01-01,PENTAVALENTE,14
76,Dr. Romilio Monzón,1900-01-01,NEUMOCOCICA CONJUGADA,12
76,Dr. Romilio Monzón,1900-01-01,MENINGOCOC.,10
76,Dr. Romilio Monzón,1900-01-01,DPT,4
76,Dr. Romilio Monzón,1900-01-01,HPV,7
54,Itati,1900-01-01,HEPATITIS B,2
54,Itati,1900-01-01,NEUMOCOCICA CONJUGADA,1
54,Itati,1900-01-01,HPV,3
10004,Centro de distribucion de Vacunas,1900-01-01,SALK,26
10004,Centro de distribucion de Vacunas,1900-01-01,DPT,17
10004,Centro de distribucion de Vacunas,1900-01-01,DOBLE ADULTO,16
10004,Centro de distribucion de Vacunas,1900-01-01,HEPATITIS B,15
10004,Centro de distribucion de Vacunas,1900-01-01,DPT (a),5
10004,Centro de distribucion de Vacunas,1900-01-01,NEUMO 13 ,10
10004,Centro de distribucion de Vacunas,1900-01-01,MENVEO ,11
10004,Centro de distribucion de Vacunas,1900-01-01,VARICELA,19
10004,Centro de distribucion de Vacunas,1900-01-01,ANTI GRIPAL,2
47,Dr. Guillermo Rawson,1900-01-01,HEPATITIS B,32
47,Dr. Guillermo Rawson,1900-01-01,SALK,27
47,Dr. Guillermo Rawson,1900-01-01,PENTAVALENTE,29
47,Dr. Guillermo Rawson,1900-01-01,TRIPLE VIRAL,80
47,Dr. Guillermo Rawson,1900-01-01,MENINGOCOC.,16
47,Dr. Guillermo Rawson,1900-01-01,FIEBRE AMARILLA,16
47,Dr. Guillermo Rawson,1900-01-01,DPT (a),9
47,Dr. Guillermo Rawson,1900-01-01,DOBLE BACTERIANA,32
47,Dr. Guillermo Rawson,1900-01-01,HPV,21
62,Pujol,1900-01-01,TRIPLE VIRAL,5
62,Pujol,1900-01-01,ANTI GRIPAL,4
62,Pujol,1900-01-01,HPV,5
34,Dr. Marcelino Vera,1900-01-01,SALK,7
34,Dr. Marcelino Vera,1900-01-01,VARICELA,2
34,Dr. Marcelino Vera,1900-01-01,DOBLE VIRAL,3
70,Villa Garcia,1900-01-01,MENINGOCOC.,5
70,Villa Garcia,1900-01-01,HPV,4
49,Dr. Benjamin Serrano,1900-01-01,SALK,7
49,Dr. Benjamin Serrano,1900-01-01,ROTAVIRUS,1
49,Dr. Benjamin Serrano,1900-01-01,NEUMOCOCICA CONJUGADA,4
49,Dr. Benjamin Serrano,1900-01-01,ANTI GRIPAL,11
49,Dr. Benjamin Serrano,1900-01-01,VARICELA,6
49,Dr. Benjamin Serrano,1900-01-01,MENINGOCOC.,6
49,Dr. Benjamin Serrano,1900-01-01,FIEBRE AMARILLA,9
49,Dr. Benjamin Serrano,1900-01-01,DPT (a),3
49,Dr. Benjamin Serrano,1900-01-01,DOBLE BACTERIANA,4
71,Villa Chiquita,1900-01-01,TRIPLE VIRAL,7
71,Villa Chiquita,1900-01-01,ANTI GRIPAL,1
71,Villa Chiquita,1900-01-01,VARICELA,8
71,Villa Chiquita,1900-01-01,MENINGOCOC.,4
89,Santa Marta,1900-01-01,HEPATITIS B,9
89,Santa Marta,1900-01-01,PENTAVALENTE,11
89,Santa Marta,1900-01-01,NEUMOCOCICA CONJUGADA,16
48,Dr. Jose de los Reyes Vidal,1900-01-01,NEUMOCOCICA CONJUGADA,2
48,Dr. Jose de los Reyes Vidal,1900-01-01,ANTI GRIPAL,9
48,Dr. Jose de los Reyes Vidal,1900-01-01,VARICELA,4
48,Dr. Jose de los Reyes Vidal,1900-01-01,DPT,8
48,Dr. Jose de los Reyes Vidal,1900-01-01,DPT (a),9
48,Dr. Jose de los Reyes Vidal,1900-01-01,HPV,4
127,Santa Catalina,1900-01-01,TRIPLE VIRAL,6
127,Santa Catalina,1900-01-01,VARICELA,6
127,Santa Catalina,1900-01-01,DPT,3
127,Santa Catalina,1900-01-01,HPV,8
10003,Guemes,1900-01-01,SALK,14
10003,Guemes,1900-01-01,ROTAVIRUS,4
10003,Guemes,1900-01-01,PENTAVALENTE,11
10003,Guemes,1900-01-01,NEUMOCOCICA CONJUGADA,8
10003,Guemes,1900-01-01,TRIPLE VIRAL,8
10003,Guemes,1900-01-01,ANTI GRIPAL,3
10003,Guemes,1900-01-01,VARICELA,10
10003,Guemes,1900-01-01,FIEBRE AMARILLA,18
10003,Guemes,1900-01-01,DPT,5
10003,Guemes,1900-01-01,DOBLE ADULTO,6
10003,Guemes,1900-01-01,HPV,12
85,Santa Margarita,1900-01-01,FIEBRE AMARILLA,5
82,Dr. Miguel Rossi Candia,1900-01-01,HEPATITIS B,9
82,Dr. Miguel Rossi Candia,1900-01-01,NEUMOCOCICA CONJUGADA,6
82,Dr. Miguel Rossi Candia,1900-01-01,GRIPE ,3
82,Dr. Miguel Rossi Candia,1900-01-01,HEPATITIS A,2
82,Dr. Miguel Rossi Candia,1900-01-01,VARICELA,12
82,Dr. Miguel Rossi Candia,1900-01-01,DPT,12
82,Dr. Miguel Rossi Candia,1900-01-01,DPT (a),18
82,Dr. Miguel Rossi Candia,1900-01-01,DTA,16
38,Dr. JC Benitez Suarez,1900-01-01,NEUMOCOCICA CONJUGADA,3
38,Dr. JC Benitez Suarez,1900-01-01,ANTI GRIPAL,1
38,Dr. JC Benitez Suarez,1900-01-01,MENINGOCOC.,5
38,Dr. JC Benitez Suarez,1900-01-01,FIEBRE AMARILLA,5
38,Dr. JC Benitez Suarez,1900-01-01,DPT,3
38,Dr. JC Benitez Suarez,1900-01-01,DPT (a),5
38,Dr. JC Benitez Suarez,1900-01-01,DOBLE BACTERIANA,1
32,Dr. Manuel Cassuso,1900-01-01,HEPATITIS B,1
32,Dr. Manuel Cassuso,1900-01-01,SALK,17
32,Dr. Manuel Cassuso,1900-01-01,PENTAVALENTE,9
32,Dr. Manuel Cassuso,1900-01-01,TRIPLE VIRAL,13
32,Dr. Manuel Cassuso,1900-01-01,ANTI GRIPAL,16
32,Dr. Manuel Cassuso,1900-01-01,HEPATITIS A,8
32,Dr. Manuel Cassuso,1900-01-01,VARICELA,14
32,Dr. Manuel Cassuso,1900-01-01,MENINGOCOC.,21
32,Dr. Manuel Cassuso,1900-01-01,FIEBRE AMARILLA,12
32,Dr. Manuel Cassuso,1900-01-01,HPV,21
90,Sapucay,1900-01-01,PENTAVALENTE,4
90,Sapucay,1900-01-01,TRIPLE VIRAL,4
90,Sapucay,1900-01-01,ANTI GRIPAL,1
46,Rio Parana,1900-01-01,SALK,24
46,Rio Parana,1900-01-01,NEUMOCOCICA CONJUGADA,11
46,Rio Parana,1900-01-01,TRIPLE VIRAL,14
46,Rio Parana,1900-01-01,VARICELA,10
46,Rio Parana,1900-01-01,FIEBRE AMARILLA,1
46,Rio Parana,1900-01-01,HPV,16
42,Dr. Santiago Lorenzo,1900-01-01,SALK,38
42,Dr. Santiago Lorenzo,1900-01-01,PENTAVALENTE,21
42,Dr. Santiago Lorenzo,1900-01-01,TRIPLE VIRAL,15
42,Dr. Santiago Lorenzo,1900-01-01,ANTI GRIPAL,21
42,Dr. Santiago Lorenzo,1900-01-01,VARICELA,16
42,Dr. Santiago Lorenzo,1900-01-01,MENINGOCOC.,21
42,Dr. Santiago Lorenzo,1900-01-01,FIEBRE AMARILLA,13
42,Dr. Santiago Lorenzo,1900-01-01,DOBLE BACTERIANA,3
73,San Marcos,1900-01-01,HEPATITIS B,3
73,San Marcos,1900-01-01,SALK,10
73,San Marcos,1900-01-01,FIEBRE AMARILLA,1
73,San Marcos,1900-01-01,DPT,7
10001,Dr. Korimblum,1900-01-01,PENTAVALENTE,8
10001,Dr. Korimblum,1900-01-01,SABIN ORAL,12
10001,Dr. Korimblum,1900-01-01,TRIPLE VIRAL,5
10001,Dr. Korimblum,1900-01-01,MENINGOCOC.,3
10001,Dr. Korimblum,1900-01-01,DOBLE BACTERIANA,2
75,Dr. Mauricio Open,1900-01-01,HEPATITIS B,11
75,Dr. Mauricio Open,1900-01-01,PENTAVALENTE,1
75,Dr. Mauricio Open,1900-01-01,NEUMO 13 ,1
75,Dr. Mauricio Open,1900-01-01,TRIPLE VIRAL,6
75,Dr. Mauricio Open,1900-01-01,ANTI GRIPAL,1
75,Dr. Mauricio Open,1900-01-01,VARICELA,2
75,Dr. Mauricio Open,1900-01-01,DOBLE BACTERIANA,12
79,Quinta Ferre,1900-01-01,SALK,19
79,Quinta Ferre,1900-01-01,HEPATITIS A,3
79,Quinta Ferre,1900-01-01,DPT (a),12
79,Quinta Ferre,1900-01-01,HPV,11
88,Dr. Lifschitz,1900-01-01,HEPATITIS B,1
88,Dr. Lifschitz,1900-01-01,SALK,14
88,Dr. Lifschitz,1900-01-01,NEUMOCOCICA CONJUGADA,8
88,Dr. Lifschitz,1900-01-01,TRIPLE VIRAL,10
88,Dr. Lifschitz,1900-01-01,ANTI GRIPAL,13
88,Dr. Lifschitz,1900-01-01,HEPATITIS A,5
88,Dr. Lifschitz,1900-01-01,VARICELA,7
88,Dr. Lifschitz,1900-01-01,MENINGOCOC.,5
88,Dr. Lifschitz,1900-01-01,FIEBRE AMARILLA,10
88,Dr. Lifschitz,1900-01-01,HPV,7
79,Quinta Ferre,1900-01-01,SALK,6
79,Quinta Ferre,1900-01-01,PENTAVALENTE,3
79,Quinta Ferre,1900-01-01,ANTI GRIPAL,2
79,Quinta Ferre,1900-01-01,FIEBRE AMARILLA,4
79,Quinta Ferre,1900-01-01,DPT (a),4
79,Quinta Ferre,1900-01-01,DOBLE BACTERIANA,9
10000,Dr. Anibal Malvido,1900-01-01,SALK,43
10000,Dr. Anibal Malvido,1900-01-01,ROTAVIRUS,13
10000,Dr. Anibal Malvido,1900-01-01,PENTAVALENTE,24
10000,Dr. Anibal Malvido,1900-01-01,NEUMOCOCICA CONJUGADA,24
10000,Dr. Anibal Malvido,1900-01-01,TRIPLE VIRAL,18
10000,Dr. Anibal Malvido,1900-01-01,ANTI GRIPAL,1
10000,Dr. Anibal Malvido,1900-01-01,VARICELA,13
10000,Dr. Anibal Malvido,1900-01-01,MENINGOCOC.,31
10000,Dr. Anibal Malvido,1900-01-01,DPT,17
10000,Dr. Anibal Malvido,1900-01-01,DPT (a),13
10000,Dr. Anibal Malvido,1900-01-01,HPV,17
10000,Dr. Anibal Malvido,1900-01-01,NEUMOCOCICA CONJUGADA,1
37,Dr. Sussini,1900-01-01,SALK,75
37,Dr. Sussini,1900-01-01,ROTAVIRUS,8
37,Dr. Sussini,1900-01-01,PENTAVALENTE,29
37,Dr. Sussini,1900-01-01,NEUMOCOCICA CONJUGADA,22
37,Dr. Sussini,1900-01-01,TRIPLE VIRAL,36
37,Dr. Sussini,1900-01-01,ANTI GRIPAL,46
37,Dr. Sussini,1900-01-01,VARICELA,28
37,Dr. Sussini,1900-01-01,MENINGOCOC.,33
37,Dr. Sussini,1900-01-01,FIEBRE AMARILLA,15
37,Dr. Sussini,1900-01-01,DPT,38
37,Dr. Sussini,1900-01-01,DPT (a),16
37,Dr. Sussini,1900-01-01,DOBLE BACTERIANA,21
37,Dr. Sussini,1900-01-01,HPV,26
10002,Dr. Semper,1900-01-01,HEPATITIS B,3
10002,Dr. Semper,1900-01-01,SALK,8
10002,Dr. Semper,1900-01-01,SABIN ORAL,8
10002,Dr. Semper,1900-01-01,TRIPLE VIRAL,69
10002,Dr. Semper,1900-01-01,VARICELA,7
10002,Dr. Semper,1900-01-01,MENINGOCOC.,13
10002,Dr. Semper,1900-01-01,DPT (a),16
10002,Dr. Semper,1900-01-01,HPV,16
45,Dr. Saul Calmanash,1900-01-01,SALK,11
45,Dr. Saul Calmanash,1900-01-01,ROTAVIRUS,7
45,Dr. Saul Calmanash,1900-01-01,PENTAVALENTE,9
45,Dr. Saul Calmanash,1900-01-01,NEUMOCOCICA CONJUGADA,7
45,Dr. Saul Calmanash,1900-01-01,ANTI GRIPAL,7
45,Dr. Saul Calmanash,1900-01-01,VARICELA,3
45,Dr. Saul Calmanash,1900-01-01,DPT (a),5
45,Dr. Saul Calmanash,1900-01-01,HPV,8
41,Dr. Manuel Gonzalez,1900-01-01,VARICELA,7
58,Dr. Oscar Pirchi,1900-01-01,SALK,22
58,Dr. Oscar Pirchi,1900-01-01,ROTAVIRUS,6
58,Dr. Oscar Pirchi,1900-01-01,PENTAVALENTE,14
58,Dr. Oscar Pirchi,1900-01-01,TRIPLE VIRAL,13
58,Dr. Oscar Pirchi,1900-01-01,DPT,7
58,Dr. Oscar Pirchi,1900-01-01,DOBLE BACTERIANA,1
58,Dr. Oscar Pirchi,1900-01-01,HPV,11
10004,Centro de distribucion de Vacunas,1900-01-01,SALK,4
10004,Centro de distribucion de Vacunas,1900-01-01,PENTAVALENTE,3
10004,Centro de distribucion de Vacunas,1900-01-01,DOBLE ADULTO ,20
10004,Centro de distribucion de Vacunas,1900-01-01,TRIPLE VIRAL,7
10004,Centro de distribucion de Vacunas,1900-01-01,DPT (a),13
10004,Centro de distribucion de Vacunas,1900-01-01,MENVEO,11
10004,Centro de distribucion de Vacunas,1900-01-01,VARICELA ,8
10004,Centro de distribucion de Vacunas,1900-01-01,ANTIGRIPAL PEDIATRICO ,2
10004,Centro de distribucion de Vacunas,1900-01-01,ANTIGRIPAL ADULTO ,7
10004,Centro de distribucion de Vacunas,1900-01-01,OTROS ,1
76,Dr. Romilio Monzón,1900-01-01,ROTAVIRUS,7
76,Dr. Romilio Monzón,1900-01-01,ANTI GRIPAL,12
76,Dr. Romilio Monzón,1900-01-01,VARICELA,7
76,Dr. Romilio Monzón,1900-01-01,MENINGOCOC.,16
76,Dr. Romilio Monzón,1900-01-01,FIEBRE AMARILLA,3
76,Dr. Romilio Monzón,1900-01-01,DPT,6
76,Dr. Romilio Monzón,1900-01-01,DPT (a),10
76,Dr. Romilio Monzón,1900-01-01,DOBLE BACTERIANA,10
76,Dr. Romilio Monzón,1900-01-01,HPV,18
54,Itati,1900-01-01,SALK,10
54,Itati,1900-01-01,PENTAVALENTE,6
54,Itati,1900-01-01,ANTI GRIPAL,13
54,Itati,1900-01-01,HEPATITIS A,3
54,Itati,1900-01-01,VARICELA,6
54,Itati,1900-01-01,FIEBRE AMARILLA,3
54,Itati,1900-01-01,DPT (a),3
70,Villa Garcia,1900-01-01,ANTI GRIPAL,13
70,Villa Garcia,1900-01-01,MENINGOCOC.,4
70,Villa Garcia,1900-01-01,HPV,6
38,Dr. JC Benitez Suarez,1900-01-01,HEPATITIS B,3
38,Dr. JC Benitez Suarez,1900-01-01,SALK,9
38,Dr. JC Benitez Suarez,1900-01-01,ROTAVIRUS,3
38,Dr. JC Benitez Suarez,1900-01-01,TRIPLE VIRAL,7
38,Dr. JC Benitez Suarez,1900-01-01,DPT (a),13
36,Esperanza,1900-01-01,SALK,50
36,Esperanza,1900-01-01,ROTAVIRUS,8
36,Esperanza,1900-01-01,PENTAVALENTE,34
36,Esperanza,1900-01-01,NEUMOCOCICA CONJUGADA,20
36,Esperanza,1900-01-01,TRIPLE VIRAL,25
36,Esperanza,1900-01-01,HEPATITIS A,9
36,Esperanza,1900-01-01,VARICELA,33
36,Esperanza,1900-01-01,MENINGOCOC.,64
36,Esperanza,1900-01-01,FIEBRE AMARILLA,51
36,Esperanza,1900-01-01,DPT,15
36,Esperanza,1900-01-01,HPV,39
36,Esperanza,1900-01-01,NEUMOCOCICA NO CONJUGADA,4
91,Dr. Pedro Blugerman,1900-01-01,ROTAVIRUS,6
91,Dr. Pedro Blugerman,1900-01-01,PENTAVALENTE,8
91,Dr. Pedro Blugerman,1900-01-01,NEUMOCOCICA CONJUGADA,13
91,Dr. Pedro Blugerman,1900-01-01,HEPATITIS A,6
91,Dr. Pedro Blugerman,1900-01-01,MENINGOCOC.,11
91,Dr. Pedro Blugerman,1900-01-01,DPT,8
91,Dr. Pedro Blugerman,1900-01-01,HPV,12
62,Pujol,1900-01-01,PENTAVALENTE,2
62,Pujol,1900-01-01,ANTI GRIPAL,7
10002,Dr. Semper,1900-01-01,SALK,11
10002,Dr. Semper,1900-01-01,PENTAVALENTE,10
10002,Dr. Semper,1900-01-01,MENINGOCOC.,6
10002,Dr. Semper,1900-01-01,FIEBRE AMARILLA,2
10002,Dr. Semper,1900-01-01,DPT (a),5
10002,Dr. Semper,1900-01-01,HPV,10
48,Dr. Jose de los Reyes Vidal,1900-01-01,HEPATITIS B,2
48,Dr. Jose de los Reyes Vidal,1900-01-01,DOBLE VIRAL,5
48,Dr. Jose de los Reyes Vidal,1900-01-01,HPV,8
85,Santa Margarita,1900-01-01,SALK,7
85,Santa Margarita,1900-01-01,NEUMOCOCICA CONJUGADA,8
85,Santa Margarita,1900-01-01,TRIPLE VIRAL,8
85,Santa Margarita,1900-01-01,HEPATITIS A,6
85,Santa Margarita,1900-01-01,MENINGOCOC.,16
85,Santa Margarita,1900-01-01,DPT (a),9
85,Santa Margarita,1900-01-01,HPV,8
127,Santa Catalina,1900-01-01,SALK,7
127,Santa Catalina,1900-01-01,NEUMOCOCICA CONJUGADA,3
127,Santa Catalina,1900-01-01,VARICELA,7
127,Santa Catalina,1900-01-01,MENINGOCOC.,4
127,Santa Catalina,1900-01-01,FIEBRE AMARILLA,6
34,Dr. Marcelino Vera,1900-01-01,SALK,12
34,Dr. Marcelino Vera,1900-01-01,PENTAVALENTE,5
34,Dr. Marcelino Vera,1900-01-01,TRIPLE VIRAL,12
34,Dr. Marcelino Vera,1900-01-01,VARICELA,12
34,Dr. Marcelino Vera,1900-01-01,DPT,10
34,Dr. Marcelino Vera,1900-01-01,DOBLE VIRAL,2
34,Dr. Marcelino Vera,1900-01-01,HPV,6
31,Dr. Elias Galvan,1900-01-01,SALK,6
31,Dr. Elias Galvan,1900-01-01,ROTAVIRUS,1
31,Dr. Elias Galvan,1900-01-01,PENTAVALENTE,8
31,Dr. Elias Galvan,1900-01-01,TRIPLE VIRAL,3
31,Dr. Elias Galvan,1900-01-01,VARICELA,6
31,Dr. Elias Galvan,1900-01-01,MENINGOCOC.,7
75,Dr. Mauricio Open,1900-01-01,SALK,15
75,Dr. Mauricio Open,1900-01-01,ROTAVIRUS,6
75,Dr. Mauricio Open,1900-01-01,PENTAVALENTE,13
75,Dr. Mauricio Open,1900-01-01,NEUMOCOCICA CONJUGADA,12
75,Dr. Mauricio Open,1900-01-01,ANTI GRIPAL,7
75,Dr. Mauricio Open,1900-01-01,VARICELA,8
75,Dr. Mauricio Open,1900-01-01,MENINGOCOC.,14
75,Dr. Mauricio Open,1900-01-01,FIEBRE AMARILLA,12
75,Dr. Mauricio Open,1900-01-01,DPT (a),11
75,Dr. Mauricio Open,1900-01-01,DOBLE BACTERIANA,13
75,Dr. Mauricio Open,1900-01-01,HPV,16
79,Quinta Ferre,1900-01-01,HEPATITIS B,12
79,Quinta Ferre,1900-01-01,SALK,25
79,Quinta Ferre,1900-01-01,TRIPLE VIRAL,16
79,Quinta Ferre,1900-01-01,ANTI GRIPAL,13
79,Quinta Ferre,1900-01-01,VARICELA,12
79,Quinta Ferre,1900-01-01,MENINGOCOC.,8
79,Quinta Ferre,1900-01-01,DPT (a),11
79,Quinta Ferre,1900-01-01,DOBLE BACTERIANA,13
79,Quinta Ferre,1900-01-01,HPV,12
90,Sapucay,1900-01-01,SALK,11
90,Sapucay,1900-01-01,TRIPLE VIRAL,8
90,Sapucay,1900-01-01,ANTI GRIPAL,3
90,Sapucay,1900-01-01,VARICELA,7
90,Sapucay,1900-01-01,DPT (a),4
89,Santa Marta,1900-01-01,SALK,13
89,Santa Marta,1900-01-01,PENTAVALENTE,6
89,Santa Marta,1900-01-01,NEUMOCOCICA CONJUGADA,8
89,Santa Marta,1900-01-01,TRIPLE VIRAL,17
89,Santa Marta,1900-01-01,VARICELA,19
89,Santa Marta,1900-01-01,MENINGOCOC.,19
89,Santa Marta,1900-01-01,DPT,13
89,Santa Marta,1900-01-01,DPT (a),13
89,Santa Marta,1900-01-01,DOBLE VIRAL,17
89,Santa Marta,1900-01-01,HPV,10
89,Santa Marta,1900-01-01,NEUMOCOCICA NO CONJUGADA,4
45,Dr. Saul Calmanash,1900-01-01,SALK,9
45,Dr. Saul Calmanash,1900-01-01,TRIPLE VIRAL,6
45,Dr. Saul Calmanash,1900-01-01,ANTI GRIPAL,27
45,Dr. Saul Calmanash,1900-01-01,VARICELA,7
45,Dr. Saul Calmanash,1900-01-01,MENINGOCOC.,11
45,Dr. Saul Calmanash,1900-01-01,DPT,6
45,Dr. Saul Calmanash,1900-01-01,NEUMOCOCICA NO CONJUGADA,1
46,Rio Parana,1900-01-01,SALK,17
46,Rio Parana,1900-01-01,NEUMOCOCICA CONJUGADA,5
46,Rio Parana,1900-01-01,TRIPLE VIRAL,10
46,Rio Parana,1900-01-01,HEPATITIS A,1
46,Rio Parana,1900-01-01,VARICELA,19
46,Rio Parana,1900-01-01,MENINGOCOC.,3
46,Rio Parana,1900-01-01,DPT (a),12
46,Rio Parana,1900-01-01,HPV,14
49,Dr. Benjamin Serrano,1900-01-01,SALK,14
49,Dr. Benjamin Serrano,1900-01-01,NEUMOCOCICA CONJUGADA,14
49,Dr. Benjamin Serrano,1900-01-01,TRIPLE VIRAL,17
49,Dr. Benjamin Serrano,1900-01-01,ANTI GRIPAL,3
49,Dr. Benjamin Serrano,1900-01-01,VARICELA,13
49,Dr. Benjamin Serrano,1900-01-01,MENINGOCOC.,16
49,Dr. Benjamin Serrano,1900-01-01,FIEBRE AMARILLA,2
49,Dr. Benjamin Serrano,1900-01-01,DPT,13
49,Dr. Benjamin Serrano,1900-01-01,DPT (a),20
49,Dr. Benjamin Serrano,1900-01-01,NEUMOCOCICA NO CONJUGADA,1
71,Villa Chiquita,1900-01-01,HEPATITIS B,5
71,Villa Chiquita,1900-01-01,SALK,11
71,Villa Chiquita,1900-01-01,PENTAVALENTE,11
71,Villa Chiquita,1900-01-01,TRIPLE VIRAL,10
71,Villa Chiquita,1900-01-01,ANTI GRIPAL,9
71,Villa Chiquita,1900-01-01,HEPATITIS A,4
71,Villa Chiquita,1900-01-01,MENINGOCOC.,8
71,Villa Chiquita,1900-01-01,FIEBRE AMARILLA,9
71,Villa Chiquita,1900-01-01,DPT,5
71,Villa Chiquita,1900-01-01,HPV,11
51,Dr. Juan Chercoff,1900-01-01,SALK,3
51,Dr. Juan Chercoff,1900-01-01,ROTAVIRUS,2
88,Dr. Lifschitz,1900-01-01,SALK,13
88,Dr. Lifschitz,1900-01-01,TRIPLE VIRAL,5
88,Dr. Lifschitz,1900-01-01,VARICELA,8
88,Dr. Lifschitz,1900-01-01,DPT,5
88,Dr. Lifschitz,1900-01-01,HPV,3
88,Dr. Lifschitz,1900-01-01,HEPATITIS B,10
73,San Marcos,1900-01-01,ROTAVIRUS,11
73,San Marcos,1900-01-01,NEUMOCOCICA CONJUGADA,9
73,San Marcos,1900-01-01,TRIPLE VIRAL,10
73,San Marcos,1900-01-01,ANTI GRIPAL,6
73,San Marcos,1900-01-01,HEPATITIS A,17
73,San Marcos,1900-01-01,FIEBRE AMARILLA,6
73,San Marcos,1900-01-01,DPT,3
73,San Marcos,1900-01-01,HPV,11
42,Dr. Santiago Lorenzo,1900-01-01,SALK,34
42,Dr. Santiago Lorenzo,1900-01-01,NEUMOCOCICA CONJUGADA,26
42,Dr. Santiago Lorenzo,1900-01-01,VARICELA,11
42,Dr. Santiago Lorenzo,1900-01-01,MENINGOCOC.,29
42,Dr. Santiago Lorenzo,1900-01-01,DOBLE BACTERIANA,12
42,Dr. Santiago Lorenzo,1900-01-01,HPV,5
10001,Dr. Korimblum,1900-01-01,TRIPLE VIRAL,3
10001,Dr. Korimblum,1900-01-01,MENINGOCOC.,8
10001,Dr. Korimblum,1900-01-01,DPT,3
32,Dr. Manuel Cassuso,1900-01-01,SALK,12
32,Dr. Manuel Cassuso,1900-01-01,ROTAVIRUS,3
32,Dr. Manuel Cassuso,1900-01-01,PENTAVALENTE,11
32,Dr. Manuel Cassuso,1900-01-01,ANTI GRIPAL,19
32,Dr. Manuel Cassuso,1900-01-01,VARICELA,10
32,Dr. Manuel Cassuso,1900-01-01,MENINGOCOC.,23
32,Dr. Manuel Cassuso,1900-01-01,DPT,5
32,Dr. Manuel Cassuso,1900-01-01,DPT (a),14
32,Dr. Manuel Cassuso,1900-01-01,HPV,18
37,Dr. Sussini,1900-01-01,SALK,80
37,Dr. Sussini,1900-01-01,PENTAVALENTE,45
37,Dr. Sussini,1900-01-01,NEUMOCOCICA CONJUGADA,33
37,Dr. Sussini,1900-01-01,TRIPLE VIRAL,57
37,Dr. Sussini,1900-01-01,HEPATITIS A,38
37,Dr. Sussini,1900-01-01,VARICELA,14
37,Dr. Sussini,1900-01-01,MENINGOCOC.,57
37,Dr. Sussini,1900-01-01,FIEBRE AMARILLA,73
37,Dr. Sussini,1900-01-01,DPT,14
37,Dr. Sussini,1900-01-01,DPT (a),35
37,Dr. Sussini,1900-01-01,DOBLE BACTERIANA,67
37,Dr. Sussini,1900-01-01,HPV,56
37,Dr. Sussini,1900-01-01,NEUMOCOCICA NO CONJUGADA,62
10000,Dr. Anibal Malvido,1900-01-01,SALK,57
10000,Dr. Anibal Malvido,1900-01-01,ROTAVIRUS,22
10000,Dr. Anibal Malvido,1900-01-01,PENTAVALENTE,32
10000,Dr. Anibal Malvido,1900-01-01,ANTI GRIPAL,18
10000,Dr. Anibal Malvido,1900-01-01,HEPATITIS A,7
10000,Dr. Anibal Malvido,1900-01-01,VARICELA,30
10000,Dr. Anibal Malvido,1900-01-01,MENINGOCOC.,48
10000,Dr. Anibal Malvido,1900-01-01,FIEBRE AMARILLA,7
10000,Dr. Anibal Malvido,1900-01-01,DPT,24
10000,Dr. Anibal Malvido,1900-01-01,DPT (a),34
10000,Dr. Anibal Malvido,1900-01-01,DOBLE BACTERIANA,12
10000,Dr. Anibal Malvido,1900-01-01,HPV,22
10003,Guemes,1900-01-01,SALK,13
10003,Guemes,1900-01-01,TRIPLE VIRAL,13
10003,Guemes,1900-01-01,ANTI GRIPAL,11
10003,Guemes,1900-01-01,VARICELA,6
10003,Guemes,1900-01-01,FIEBRE AMARILLA,5
10003,Guemes,1900-01-01,DPT,10
10003,Guemes,1900-01-01,DPT (a),8
10003,Guemes,1900-01-01,DOBLE ADULTO ,5
10003,Guemes,1900-01-01,HPV,9
69,Primera Junta,1900-01-01,SALK,20
69,Primera Junta,1900-01-01,ROTAVIRUS,6
69,Primera Junta,1900-01-01,PENTAVALENTE,11
69,Primera Junta,1900-01-01,NEUMOCOCICA CONJUGADA,12
69,Primera Junta,1900-01-01,TRIPLE VIRAL,18
69,Primera Junta,1900-01-01,ANTI GRIPAL,10
69,Primera Junta,1900-01-01,VARICELA,22
69,Primera Junta,1900-01-01,MENINGOCOC.,18
69,Primera Junta,1900-01-01,FIEBRE AMARILLA,11
69,Primera Junta,1900-01-01,DPT,12
69,Primera Junta,1900-01-01,DPT (a),18
69,Primera Junta,1900-01-01,HPV,16
31,Dr. Elias Galvan,1900-01-01,NEUMOCOCICA NO CONJUGADA,1
58,Dr. Oscar Pirchi,1900-01-01,MENINGOCOC.,6
58,Dr. Oscar Pirchi,1900-01-01,DPT,5
58,Dr. Oscar Pirchi,1900-01-01,DOBLE BACTERIANA,4
82,Dr. Miguel Rossi Candia,1900-01-01,SALK,21
82,Dr. Miguel Rossi Candia,1900-01-01,PENTAVALENTE,13
82,Dr. Miguel Rossi Candia,1900-01-01,VARICELA,14
82,Dr. Miguel Rossi Candia,1900-01-01,MENINGOCOC.,12
82,Dr. Miguel Rossi Candia,1900-01-01,NEUMOCOCICA NO CONJUGADA,2
82,Dr. Miguel Rossi Candia,1900-01-01,GRIPE A ,28
41,Dr. Manuel Gonzalez,1900-01-01,NEUMOCOCICA CONJUGADA,14
41,Dr. Manuel Gonzalez,1900-01-01,ANTI GRIPAL,16
41,Dr. Manuel Gonzalez,1900-01-01,MENINGOCOC.,7
41,Dr. Manuel Gonzalez,1900-01-01,DPT,3
41,Dr. Manuel Gonzalez,1900-01-01,DPT (a),4
41,Dr. Manuel Gonzalez,1900-01-01,HPV,4
41,Dr. Manuel Gonzalez,1900-01-01,NEUMOCOCICA NO CONJUGADA,3
49,Dr. Benjamin Serrano,1900-01-01,HEPATITIS B,7
49,Dr. Benjamin Serrano,1900-01-01,ANTI GRIPAL,26
49,Dr. Benjamin Serrano,1900-01-01,MENINGOCOC.,21
49,Dr. Benjamin Serrano,1900-01-01,FIEBRE AMARILLA,7
49,Dr. Benjamin Serrano,1900-01-01,DPT,2
49,Dr. Benjamin Serrano,1900-01-01,DPT (a),15
49,Dr. Benjamin Serrano,1900-01-01,DOBLE BACTERIANA,7
32,Dr. Manuel Cassuso,1900-01-01,HEPATITIS B,14
32,Dr. Manuel Cassuso,1900-01-01,SALK,30
32,Dr. Manuel Cassuso,1900-01-01,TRIPLE VIRAL,25
32,Dr. Manuel Cassuso,1900-01-01,ANTI GRIPAL,76
32,Dr. Manuel Cassuso,1900-01-01,HEPATITIS A,10
32,Dr. Manuel Cassuso,1900-01-01,VARICELA,1
32,Dr. Manuel Cassuso,1900-01-01,MENINGOCOC.,26
32,Dr. Manuel Cassuso,1900-01-01,FIEBRE AMARILLA,27
32,Dr. Manuel Cassuso,1900-01-01,DPT (a),19
32,Dr. Manuel Cassuso,1900-01-01,HPV,25
32,Dr. Manuel Cassuso,1900-01-01,NEUMOCOCICA NO CONJUGADA,2
75,Dr. Mauricio Open,1900-01-01,SALK,8
75,Dr. Mauricio Open,1900-01-01,NEUMOCOCICA CONJUGADA,7
75,Dr. Mauricio Open,1900-01-01,NEUMO 23,1
75,Dr. Mauricio Open,1900-01-01,TRIPLE VIRAL,8
75,Dr. Mauricio Open,1900-01-01,ANTI GRIPAL,54
75,Dr. Mauricio Open,1900-01-01,DPT (a),7
75,Dr. Mauricio Open,1900-01-01,HPV,7
46,Rio Parana,1900-01-01,SALK,27
46,Rio Parana,1900-01-01,ROTAVIRUS,13
46,Rio Parana,1900-01-01,PENTAVALENTE,24
46,Rio Parana,1900-01-01,NEUMOCOCICA CONJUGADA,16
46,Rio Parana,1900-01-01,TRIPLE VIRAL,18
46,Rio Parana,1900-01-01,ANTI GRIPAL,70
46,Rio Parana,1900-01-01,HEPATITIS A,8
46,Rio Parana,1900-01-01,VARICELA,3
46,Rio Parana,1900-01-01,MENINGOCOC.,21
46,Rio Parana,1900-01-01,DPT,11
46,Rio Parana,1900-01-01,HPV,17
54,Itati,1900-01-01,SALK,9
54,Itati,1900-01-01,ROTAVIRUS,3
54,Itati,1900-01-01,ANTI GRIPAL,57
54,Itati,1900-01-01,DPT,4
54,Itati,1900-01-01,DOBLE BACTERIANA,2
54,Itati,1900-01-01,NEUMOCOCICA NO CONJUGADA,2
10004,Centro de distribucion de Vacunas,1900-01-01,SALK,7
10004,Centro de distribucion de Vacunas,1900-01-01,PENTAVALENTE,5
10004,Centro de distribucion de Vacunas,1900-01-01,DPT,6
10004,Centro de distribucion de Vacunas,1900-01-01,DOBLE ADULTO,26
10004,Centro de distribucion de Vacunas,1900-01-01,DPT (a),10
10004,Centro de distribucion de Vacunas,1900-01-01,NEUMO 13,34
10004,Centro de distribucion de Vacunas,1900-01-01,NEUMO 23,21
10004,Centro de distribucion de Vacunas,1900-01-01,MENVEO,7
10004,Centro de distribucion de Vacunas,1900-01-01,ANTIGRIPAL ADULTO,155
10003,Guemes,1900-01-01,HEPATITIS B,9
10003,Guemes,1900-01-01,SALK,20
10003,Guemes,1900-01-01,PENTAVALENTE,13
10003,Guemes,1900-01-01,NEUMOCOCICA CONJUGADA,12
10003,Guemes,1900-01-01,TRIPLE VIRAL,21
10003,Guemes,1900-01-01,ANTI GRIPAL,83
10003,Guemes,1900-01-01,HEPATITIS A,5
10003,Guemes,1900-01-01,VARICELA,4
10003,Guemes,1900-01-01,MENINGOCOC.,21
10003,Guemes,1900-01-01,DPT,13
10003,Guemes,1900-01-01,DPT (a),16
10003,Guemes,1900-01-01,DOBLE ADULTO ,18
10003,Guemes,1900-01-01,HPV,18
71,Villa Chiquita,1900-01-01,HEPATITIS B,6
71,Villa Chiquita,1900-01-01,SALK,10
71,Villa Chiquita,1900-01-01,PENTAVALENTE,3
71,Villa Chiquita,1900-01-01,ANTI GRIPAL,20
71,Villa Chiquita,1900-01-01,HEPATITIS A,3
71,Villa Chiquita,1900-01-01,DPT (a),7
79,Quinta Ferre,1900-01-01,HEPATITIS B,23
79,Quinta Ferre,1900-01-01,PENTAVALENTE,15
79,Quinta Ferre,1900-01-01,TRIPLE VIRAL,11
79,Quinta Ferre,1900-01-01,ANTI GRIPAL,9
79,Quinta Ferre,1900-01-01,VARICELA,10
79,Quinta Ferre,1900-01-01,MENINGOCOC.,14
79,Quinta Ferre,1900-01-01,DPT (a),9
79,Quinta Ferre,1900-01-01,DOBLE VIRAL,21
79,Quinta Ferre,1900-01-01,HPV,10
79,Quinta Ferre,1900-01-01,NEUMOCOCICA NO CONJUGADA,4
37,Dr. Sussini,1900-01-01,HEPATITIS A,22
37,Dr. Sussini,1900-01-01,SALK,46
37,Dr. Sussini,1900-01-01,ROTAVIRUS,19
37,Dr. Sussini,1900-01-01,PENTAVALENTE,36
37,Dr. Sussini,1900-01-01,NEUMOCOCICA CONJUGADA,31
37,Dr. Sussini,1900-01-01,TRIPLE VIRAL,19
37,Dr. Sussini,1900-01-01,ANTI GRIPAL,98
37,Dr. Sussini,1900-01-01,VARICELA,5
37,Dr. Sussini,1900-01-01,MENINGOCOC.,44
37,Dr. Sussini,1900-01-01,FIEBRE AMARILLA,1
37,Dr. Sussini,1900-01-01,DPT (a),37
37,Dr. Sussini,1900-01-01,DOBLE BACTERIANA,39
37,Dr. Sussini,1900-01-01,HPV,21
37,Dr. Sussini,1900-01-01,NEUMOCOCICA NO CONJUGADA,14
73,San Marcos,1900-01-01,SALK,9
73,San Marcos,1900-01-01,PENTAVALENTE,8
73,San Marcos,1900-01-01,NEUMOCOCICA CONJUGADA,7
73,San Marcos,1900-01-01,TRIPLE VIRAL,8
73,San Marcos,1900-01-01,ANTI GRIPAL,20
73,San Marcos,1900-01-01,VARICELA,4
73,San Marcos,1900-01-01,HPV,6
10002,Dr. Semper,1900-01-01,SALK,12
10002,Dr. Semper,1900-01-01,ROTAVIRUS,3
10002,Dr. Semper,1900-01-01,PENTAVALENTE,12
10002,Dr. Semper,1900-01-01,NEUMOCOCICA CONJUGADA,7
10002,Dr. Semper,1900-01-01,ANTI GRIPAL,56
10002,Dr. Semper,1900-01-01,MENINGOCOC.,10
10002,Dr. Semper,1900-01-01,FIEBRE AMARILLA,1
10002,Dr. Semper,1900-01-01,DPT,4
10002,Dr. Semper,1900-01-01,DOBLE BACTERIANA,20
69,Primera Junta,1900-01-01,HEPATITIS B,14
69,Primera Junta,1900-01-01,SALK,19
69,Primera Junta,1900-01-01,ROTAVIRUS,8
69,Primera Junta,1900-01-01,PENTAVALENTE,14
69,Primera Junta,1900-01-01,NEUMOCOCICA CONJUGADA,19
69,Primera Junta,1900-01-01,TRIPLE VIRAL,14
69,Primera Junta,1900-01-01,ANTI GRIPAL,61
69,Primera Junta,1900-01-01,HEPATITIS A,8
69,Primera Junta,1900-01-01,VARICELA,12
69,Primera Junta,1900-01-01,MENINGOCOC.,17
69,Primera Junta,1900-01-01,FIEBRE AMARILLA,5
69,Primera Junta,1900-01-01,DPT (a),12
69,Primera Junta,1900-01-01,HPV,13
62,Pujol,1900-01-01,SALK,7
62,Pujol,1900-01-01,ANTI GRIPAL,46
62,Pujol,1900-01-01,NEUMOCOCICA NO CONJUGADA,4
42,Dr. Santiago Lorenzo,1900-01-01,PENTAVALENTE,15
42,Dr. Santiago Lorenzo,1900-01-01,ANTI GRIPAL,26
42,Dr. Santiago Lorenzo,1900-01-01,VARICELA,14
42,Dr. Santiago Lorenzo,1900-01-01,MENINGOCOC.,14
42,Dr. Santiago Lorenzo,1900-01-01,DOBLE BACTERIANA,13
91,Dr. Pedro Blugerman,1900-01-01,SALK,21
91,Dr. Pedro Blugerman,1900-01-01,NEUMOCOCICA CONJUGADA,24
91,Dr. Pedro Blugerman,1900-01-01,ANTI GRIPAL,74
91,Dr. Pedro Blugerman,1900-01-01,VARICELA,16
91,Dr. Pedro Blugerman,1900-01-01,MENINGOCOC.,13
91,Dr. Pedro Blugerman,1900-01-01,DPT,6
91,Dr. Pedro Blugerman,1900-01-01,DPT (a),9
91,Dr. Pedro Blugerman,1900-01-01,DOBLE VIRAL,9
36,Esperanza,1900-01-01,SALK,44
36,Esperanza,1900-01-01,PENTAVALENTE,32
36,Esperanza,1900-01-01,TRIPLE VIRAL,20
36,Esperanza,1900-01-01,ANTI GRIPAL,51
36,Esperanza,1900-01-01,VARICELA,24
36,Esperanza,1900-01-01,MENINGOCOC.,58
36,Esperanza,1900-01-01,FIEBRE AMARILLA,45
36,Esperanza,1900-01-01,HPV,38
36,Esperanza,1900-01-01,NEUMOCOCICA NO CONJUGADA,5
76,Dr. Romilio Monzón,1900-01-01,SALK,15
76,Dr. Romilio Monzón,1900-01-01,PENTAVALENTE,15
76,Dr. Romilio Monzón,1900-01-01,NEUMOCOCICA CONJUGADA,20
76,Dr. Romilio Monzón,1900-01-01,ANTI GRIPAL,71
76,Dr. Romilio Monzón,1900-01-01,MENINGOCOC.,14
76,Dr. Romilio Monzón,1900-01-01,DOBLE BACTERIANA,8
76,Dr. Romilio Monzón,1900-01-01,HPV,9
76,Dr. Romilio Monzón,1900-01-01,NEUMOCOCICA NO CONJUGADA,3
89,Santa Marta,1900-01-01,HEPATITIS B,8
89,Santa Marta,1900-01-01,SALK,12
89,Santa Marta,1900-01-01,PENTAVALENTE,12
89,Santa Marta,1900-01-01,ANTI GRIPAL,71
89,Santa Marta,1900-01-01,MENINGOCOC.,18
89,Santa Marta,1900-01-01,FIEBRE AMARILLA,9
89,Santa Marta,1900-01-01,DPT,5
89,Santa Marta,1900-01-01,HPV,7
48,Dr. Jose de los Reyes Vidal,1900-01-01,HEPATITIS B,4
48,Dr. Jose de los Reyes Vidal,1900-01-01,SALK,5
48,Dr. Jose de los Reyes Vidal,1900-01-01,PENTAVALENTE,1
48,Dr. Jose de los Reyes Vidal,1900-01-01,NEUMOCOCICA CONJUGADA,4
48,Dr. Jose de los Reyes Vidal,1900-01-01,VARICELA,7
48,Dr. Jose de los Reyes Vidal,1900-01-01,FIEBRE AMARILLA,1
48,Dr. Jose de los Reyes Vidal,1900-01-01,DPT (a),7
48,Dr. Jose de los Reyes Vidal,1900-01-01,DOBLE BACTERIANA,4
48,Dr. Jose de los Reyes Vidal,1900-01-01,NEUMOCOCICA NO CONJUGADA,3
45,Dr. Saul Calmanash,1900-01-01,SALK,18
45,Dr. Saul Calmanash,1900-01-01,PENTAVALENTE,13
45,Dr. Saul Calmanash,1900-01-01,TRIPLE VIRAL,9
45,Dr. Saul Calmanash,1900-01-01,ANTI GRIPAL,10
45,Dr. Saul Calmanash,1900-01-01,VARICELA,6
45,Dr. Saul Calmanash,1900-01-01,DPT (a),13
45,Dr. Saul Calmanash,1900-01-01,HPV,14
34,Dr. Marcelino Vera,1900-01-01,MENINGOCOC.,5
34,Dr. Marcelino Vera,1900-01-01,HPV,5
34,Dr. Marcelino Vera,1900-01-01,NEUMOCOCICA NO CONJUGADA,3
90,Sapucay,1900-01-01,HEPATITIS B,3
90,Sapucay,1900-01-01,ROTAVIRUS,2
90,Sapucay,1900-01-01,PENTAVALENTE,6
90,Sapucay,1900-01-01,TRIPLE VIRAL,11
90,Sapucay,1900-01-01,ANTI GRIPAL,64
90,Sapucay,1900-01-01,MENINGOCOC.,10
90,Sapucay,1900-01-01,DPT (a),11
90,Sapucay,1900-01-01,HPV,8
51,Dr. Juan Chercoff,1900-01-01,ANTI GRIPAL,45
10000,Dr. Anibal Malvido,1900-01-01,NEUMOCOCICA CONJUGADA,22
10000,Dr. Anibal Malvido,1900-01-01,TRIPLE VIRAL,16
10000,Dr. Anibal Malvido,1900-01-01,ANTI GRIPAL,74
10000,Dr. Anibal Malvido,1900-01-01,MENINGOCOC.,51
10000,Dr. Anibal Malvido,1900-01-01,DPT,10
10000,Dr. Anibal Malvido,1900-01-01,DPT (a),29
10000,Dr. Anibal Malvido,1900-01-01,HPV,39
127,Santa Catalina,1900-01-01,SALK,10
127,Santa Catalina,1900-01-01,ANTI GRIPAL,29
127,Santa Catalina,1900-01-01,FIEBRE AMARILLA,1
127,Santa Catalina,1900-01-01,DPT,5
82,Dr. Miguel Rossi Candia,1900-01-01,SALK,38
82,Dr. Miguel Rossi Candia,1900-01-01,PENTAVALENTE,32
82,Dr. Miguel Rossi Candia,1900-01-01,TRIPLE VIRAL,28
82,Dr. Miguel Rossi Candia,1900-01-01,GRIPE,16
82,Dr. Miguel Rossi Candia,1900-01-01,FIEBRE AMARILLA,4
82,Dr. Miguel Rossi Candia,1900-01-01,DPT,13
82,Dr. Miguel Rossi Candia,1900-01-01,DPT (a),23
82,Dr. Miguel Rossi Candia,1900-01-01,DTA,26
82,Dr. Miguel Rossi Candia,1900-01-01,HPV,20
82,Dr. Miguel Rossi Candia,1900-01-01,NEUMOCOCICA NO CONJUGADA,5
82,Dr. Miguel Rossi Candia,1900-01-01,GRIPE A,43
82,Dr. Miguel Rossi Candia,1900-01-01,GRIPE +65,16
10001,Dr. Korimblum,1900-01-01,NEUMO 23 ,9
10001,Dr. Korimblum,1900-01-01,PENTAVALENTE,12
10001,Dr. Korimblum,1900-01-01,SABIN ORAL,11
10001,Dr. Korimblum,1900-01-01,ANTI GRIPAL,45
10001,Dr. Korimblum,1900-01-01,VARICELA,4
10001,Dr. Korimblum,1900-01-01,DPT,2
88,Dr. Lifschitz,1900-01-01,SALK,17
88,Dr. Lifschitz,1900-01-01,NEUMOCOCICA CONJUGADA,9
88,Dr. Lifschitz,1900-01-01,TRIPLE VIRAL,12
88,Dr. Lifschitz,1900-01-01,ANTI GRIPAL,18
88,Dr. Lifschitz,1900-01-01,MENINGOCOC.,17
88,Dr. Lifschitz,1900-01-01,FIEBRE AMARILLA,15
88,Dr. Lifschitz,1900-01-01,DOBLE BACTERIANA,8
88,Dr. Lifschitz,1900-01-01,HPV,12
31,Dr. Elias Galvan,1900-01-01,ANTI GRIPAL,27
58,Dr. Oscar Pirchi,1900-01-01,HEPATITIS B,13
58,Dr. Oscar Pirchi,1900-01-01,ROTAVIRUS,11
58,Dr. Oscar Pirchi,1900-01-01,PENTAVALENTE,17
58,Dr. Oscar Pirchi,1900-01-01,NEUMOCOCICA CONJUGADA,18
58,Dr. Oscar Pirchi,1900-01-01,ANTI GRIPAL,67
58,Dr. Oscar Pirchi,1900-01-01,MENINGOCOC.,20
58,Dr. Oscar Pirchi,1900-01-01,DPT,12
58,Dr. Oscar Pirchi,1900-01-01,DPT (a),13
58,Dr. Oscar Pirchi,1900-01-01,DOBLE BACTERIANA,16
58,Dr. Oscar Pirchi,1900-01-01,HPV,14
41,Dr. Manuel Gonzalez,1900-01-01,PENTAVALENTE,1
41,Dr. Manuel Gonzalez,1900-01-01,ANTI GRIPAL,34
41,Dr. Manuel Gonzalez,1900-01-01,VARICELA,5
41,Dr. Manuel Gonzalez,1900-01-01,MENINGOCOC.,10
41,Dr. Manuel Gonzalez,1900-01-01,HPV,11
75,Dr. Mauricio Open,1900-01-01,NEUMOCOCICA CONJUGADA,3
75,Dr. Mauricio Open,1900-01-01,NEUMO23,6
75,Dr. Mauricio Open,1900-01-01,TRIPLE VIRAL,5
75,Dr. Mauricio Open,1900-01-01,ANTI GRIPAL,37
75,Dr. Mauricio Open,1900-01-01,VARICELA,12
75,Dr. Mauricio Open,1900-01-01,FIEBRE AMARILLA,4
127,Santa Catalina,1900-01-01,ANTI GRIPAL,49
127,Santa Catalina,1900-01-01,VARICELA,16
127,Santa Catalina,1900-01-01,DPT,7
127,Santa Catalina,1900-01-01,HPV,10
127,Santa Catalina,1900-01-01,NEUMOCOCICA NO CONJUGADA,3
85,Santa Margarita,1900-01-01,PENTAVALENTE,3
85,Santa Margarita,1900-01-01,NEUMOCOCICA CONJUGADA,1
85,Santa Margarita,1900-01-01,TRIPLE VIRAL,4
85,Santa Margarita,1900-01-01,ANTI GRIPAL,15
85,Santa Margarita,1900-01-01,DPT (a),5
91,Dr. Pedro Blugerman,1900-01-01,SALK,13
91,Dr. Pedro Blugerman,1900-01-01,PENTAVALENTE,13
91,Dr. Pedro Blugerman,1900-01-01,NEUMOCOCICA CONJUGADA,8
91,Dr. Pedro Blugerman,1900-01-01,ANTI GRIPAL,38
91,Dr. Pedro Blugerman,1900-01-01,DPT (a),10
71,Villa Chiquita,1900-01-01,ROTAVIRUS,14
71,Villa Chiquita,1900-01-01,ANTI GRIPAL,45
71,Villa Chiquita,1900-01-01,DPT,7
71,Villa Chiquita,1900-01-01,HPV,6
34,Dr. Marcelino Vera,1900-01-01,HEPATITIS B,14
34,Dr. Marcelino Vera,1900-01-01,NEUMOCOCICA CONJUGADA,6
34,Dr. Marcelino Vera,1900-01-01,TRIPLE VIRAL,35
34,Dr. Marcelino Vera,1900-01-01,HEPATITIS A,4
34,Dr. Marcelino Vera,1900-01-01,VARICELA,5
34,Dr. Marcelino Vera,1900-01-01,DPT,5
36,Esperanza,1900-01-01,HEPATITIS B,8
36,Esperanza,1900-01-01,HEPATITIS B,7
36,Esperanza,1900-01-01,SALK,3
36,Esperanza,1900-01-01,ROTAVIRUS,6
36,Esperanza,1900-01-01,NEUMOCOCICA CONJUGADA,5
36,Esperanza,1900-01-01,TRIPLE VIRAL,52
36,Esperanza,1900-01-01,ANTI GRIPAL,3
36,Esperanza,1900-01-01,HEPATITIS A,16
36,Esperanza,1900-01-01,VARICELA,9
36,Esperanza,1900-01-01,DPT,7
36,Esperanza,1900-01-01,DTA,9
36,Esperanza,1900-01-01,HPV,1
47,Dr. Guillermo Rawson,1900-01-01,HEPATITIS B,15
47,Dr. Guillermo Rawson,1900-01-01,SALK,22
47,Dr. Guillermo Rawson,1900-01-01,ROTAVIRUS,8
47,Dr. Guillermo Rawson,1900-01-01,PENTAVALENTE,17
47,Dr. Guillermo Rawson,1900-01-01,NEUMOCOCICA CONJUGADA,15
47,Dr. Guillermo Rawson,1900-01-01,ANTI GRIPAL,22
47,Dr. Guillermo Rawson,1900-01-01,VARICELA,12
47,Dr. Guillermo Rawson,1900-01-01,MENINGOCOC.,26
47,Dr. Guillermo Rawson,1900-01-01,FIEBRE AMARILLA,14
47,Dr. Guillermo Rawson,1900-01-01,DPT,19
47,Dr. Guillermo Rawson,1900-01-01,DPT (a),15
47,Dr. Guillermo Rawson,1900-01-01,DOBLE BACTERIANA,19
47,Dr. Guillermo Rawson,1900-01-01,NEUMOCOCICA NO CONJUGADA,9
42,Dr. Santiago Lorenzo,1900-01-01,SALK,28
42,Dr. Santiago Lorenzo,1900-01-01,ROTAVIRUS,9
42,Dr. Santiago Lorenzo,1900-01-01,PENTAVALENTE,20
42,Dr. Santiago Lorenzo,1900-01-01,TRIPLE VIRAL,19
42,Dr. Santiago Lorenzo,1900-01-01,ANTI GRIPAL,30
42,Dr. Santiago Lorenzo,1900-01-01,VARICELA,6
42,Dr. Santiago Lorenzo,1900-01-01,DPT,8
42,Dr. Santiago Lorenzo,1900-01-01,DPT (a),10
42,Dr. Santiago Lorenzo,1900-01-01,HPV,3
42,Dr. Santiago Lorenzo,1900-01-01,NEUMOCOCICA NO CONJUGADA,2
45,Dr. Saul Calmanash,1900-01-01,ANTI GRIPAL,2
45,Dr. Saul Calmanash,1900-01-01,HEPATITIS A,7
45,Dr. Saul Calmanash,1900-01-01,MENINGOCOC.,10
47,Dr. Guillermo Rawson,1900-01-01,HEPATITIS B,47
47,Dr. Guillermo Rawson,1900-01-01,SALK,10
47,Dr. Guillermo Rawson,1900-01-01,ROTAVIRUS,4
47,Dr. Guillermo Rawson,1900-01-01,NEUMOCOCICA CONJUGADA,314
47,Dr. Guillermo Rawson,1900-01-01,TRIPLE VIRAL,8
47,Dr. Guillermo Rawson,1900-01-01,ANTI GRIPAL,4
47,Dr. Guillermo Rawson,1900-01-01,VARICELA,10
47,Dr. Guillermo Rawson,1900-01-01,FIEBRE AMARILLA,9
47,Dr. Guillermo Rawson,1900-01-01,DPT,4
47,Dr. Guillermo Rawson,1900-01-01,DOBLE BACTERIANA,45
47,Dr. Guillermo Rawson,1900-01-01,DOBLE VIRAL,4
47,Dr. Guillermo Rawson,1900-01-01,HPV,16
90,Sapucay,1900-01-01,HEPATITIS B,5
90,Sapucay,1900-01-01,TRIPLE VIRAL,5
90,Sapucay,1900-01-01,ANTI GRIPAL,47
90,Sapucay,1900-01-01,FIEBRE AMARILLA,1
90,Sapucay,1900-01-01,DPT,3
90,Sapucay,1900-01-01,DPT (a),5
90,Sapucay,1900-01-01,DOBLE BACTERIANA,5
90,Sapucay,1900-01-01,HPV,5
90,Sapucay,1900-01-01,NEUMOCOCICA NO CONJUGADA,4
79,Quinta Ferre,1900-01-01,SALK,15
79,Quinta Ferre,1900-01-01,DPT (a),16
79,Quinta Ferre,1900-01-01,DOBLE BACTERIANA,7
79,Quinta Ferre,1900-01-01,HPV,16
73,San Marcos,1900-01-01,HEPATITIS B,8
73,San Marcos,1900-01-01,SALK,8
73,San Marcos,1900-01-01,NEUMOCOCICA CONJUGADA,5
73,San Marcos,1900-01-01,TRIPLE VIRAL,4
73,San Marcos,1900-01-01,ANTI GRIPAL,21
73,San Marcos,1900-01-01,MENINGOCOC.,9
73,San Marcos,1900-01-01,FIEBRE AMARILLA,12
73,San Marcos,1900-01-01,DOBLE BACTERIANA,8
73,San Marcos,1900-01-01,HPV,9
73,San Marcos,1900-01-01,NEUMOCOCICA NO CONJUGADA,9
73,San Marcos,1900-01-01,SABIN ORAL,1
89,Santa Marta,1900-01-01,HEPATITIS B,6
89,Santa Marta,1900-01-01,TRIPLE VIRAL,7
89,Santa Marta,1900-01-01,ANTI GRIPAL,28
89,Santa Marta,1900-01-01,VARICELA,9
89,Santa Marta,1900-01-01,MENINGOCOC.,9
89,Santa Marta,1900-01-01,FIEBRE AMARILLA,4
89,Santa Marta,1900-01-01,DPT (a),9
89,Santa Marta,1900-01-01,HPV,11
89,Santa Marta,1900-01-01,NEUMOCOCICA NO CONJUGADA,9
10000,Dr. Anibal Malvido,1900-01-01,SALK,29
10000,Dr. Anibal Malvido,1900-01-01,PENTAVALENTE,26
10000,Dr. Anibal Malvido,1900-01-01,NEUMOCOCICA CONJUGADA,16
10000,Dr. Anibal Malvido,1900-01-01,ANTI GRIPAL,47
10000,Dr. Anibal Malvido,1900-01-01,VARICELA,20
10000,Dr. Anibal Malvido,1900-01-01,MENINGOCOC.,24
46,Rio Parana,1900-01-01,ANTI GRIPAL,24
46,Rio Parana,1900-01-01,DOBLE BACTERIANA,6
46,Rio Parana,1900-01-01,HPV,11
69,Primera Junta,1900-01-01,SALK,11
69,Primera Junta,1900-01-01,ROTAVIRUS,4
69,Primera Junta,1900-01-01,TRIPLE VIRAL,4
69,Primera Junta,1900-01-01,ANTI GRIPAL,12
69,Primera Junta,1900-01-01,MENINGOCOC.,8
69,Primera Junta,1900-01-01,NEUMOCOCICA NO CONJUGADA,8
32,Dr. Manuel Cassuso,1900-01-01,HEPATITIS B,16
32,Dr. Manuel Cassuso,1900-01-01,SALK,28
32,Dr. Manuel Cassuso,1900-01-01,ROTAVIRUS,10
32,Dr. Manuel Cassuso,1900-01-01,PENTAVALENTE,20
32,Dr. Manuel Cassuso,1900-01-01,NEUMOCOCICA CONJUGADA,17
32,Dr. Manuel Cassuso,1900-01-01,TRIPLE VIRAL,12
32,Dr. Manuel Cassuso,1900-01-01,ANTI GRIPAL,32
32,Dr. Manuel Cassuso,1900-01-01,HEPATITIS A,5
32,Dr. Manuel Cassuso,1900-01-01,MENINGOCOC.,24
32,Dr. Manuel Cassuso,1900-01-01,FIEBRE AMARILLA,4
32,Dr. Manuel Cassuso,1900-01-01,DPT (a),15
32,Dr. Manuel Cassuso,1900-01-01,DOBLE BACTERIANA,14
10003,Guemes,1900-01-01,ROTAVIRUS,5
10003,Guemes,1900-01-01,PENTAVALENTE,9
10003,Guemes,1900-01-01,ANTI GRIPAL,5
10003,Guemes,1900-01-01,HEPATITIS A,3
10003,Guemes,1900-01-01,DPT (a),9
10003,Guemes,1900-01-01,DOBLE ADULTO,11
88,Dr. Lifschitz,1900-01-01,HEPATITIS B,7
88,Dr. Lifschitz,1900-01-01,SALK,15
88,Dr. Lifschitz,1900-01-01,ROTAVIRUS,12
88,Dr. Lifschitz,1900-01-01,PENTAVALENTE,13
88,Dr. Lifschitz,1900-01-01,NEUMOCOCICA CONJUGADA,13
88,Dr. Lifschitz,1900-01-01,ANTI GRIPAL,38
88,Dr. Lifschitz,1900-01-01,VARICELA,10
88,Dr. Lifschitz,1900-01-01,MENINGOCOC.,22
88,Dr. Lifschitz,1900-01-01,DPT,10
88,Dr. Lifschitz,1900-01-01,DPT (a),11
88,Dr. Lifschitz,1900-01-01,NEUMOCOCICA NO CONJUGADA,12
10002,Dr. Semper,1900-01-01,PENTAVALENTE,7
10002,Dr. Semper,1900-01-01,MENINGOCOC.,7
10002,Dr. Semper,1900-01-01,DPT (a),8
62,Pujol,1900-01-01,TRIPLE VIRAL,7
62,Pujol,1900-01-01,VARICELA,8
62,Pujol,1900-01-01,MENINGOCOC.,6
10001,Dr. Korimblum,1900-01-01,ROTAVIRUS,2
10001,Dr. Korimblum,1900-01-01,PENTAVALENTE,21
10001,Dr. Korimblum,1900-01-01,ANTI GRIPAL,16
10001,Dr. Korimblum,1900-01-01,HPV,2
38,Dr. JC Benitez Suarez,1900-01-01,HEPATITIS B,1
38,Dr. JC Benitez Suarez,1900-01-01,SALK,3
38,Dr. JC Benitez Suarez,1900-01-01,NEUMOCOCICA CONJUGADA,2
38,Dr. JC Benitez Suarez,1900-01-01,TRIPLE VIRAL,2
38,Dr. JC Benitez Suarez,1900-01-01,ANTI GRIPAL,13
38,Dr. JC Benitez Suarez,1900-01-01,MENINGOCOC.,4
38,Dr. JC Benitez Suarez,1900-01-01,FIEBRE AMARILLA,4
38,Dr. JC Benitez Suarez,1900-01-01,DPT,4
58,Dr. Oscar Pirchi,1900-01-01,SALK,11
58,Dr. Oscar Pirchi,1900-01-01,TRIPLE VIRAL,6
58,Dr. Oscar Pirchi,1900-01-01,ANTI GRIPAL,29
58,Dr. Oscar Pirchi,1900-01-01,MENINGOCOC.,5
58,Dr. Oscar Pirchi,1900-01-01,DOBLE BACTERIANA,8
31,Dr. Elias Galvan,1900-01-01,ANTI GRIPAL,3
31,Dr. Elias Galvan,1900-01-01,MENINGOCOC.,1
37,Dr. Sussini,1900-01-01,HEPATITIS A,51
37,Dr. Sussini,1900-01-01,SALK,67
37,Dr. Sussini,1900-01-01,ROTAVIRUS,29
37,Dr. Sussini,1900-01-01,PENTAVALENTE,57
37,Dr. Sussini,1900-01-01,NEUMOCOCICA CONJUGADA,49
37,Dr. Sussini,1900-01-01,TRIPLE VIRAL,23
37,Dr. Sussini,1900-01-01,ANTI GRIPAL,137
37,Dr. Sussini,1900-01-01,MENINGOCOC.,67
37,Dr. Sussini,1900-01-01,FIEBRE AMARILLA,8
37,Dr. Sussini,1900-01-01,DPT (a),44
37,Dr. Sussini,1900-01-01,DOBLE BACTERIANA,79
37,Dr. Sussini,1900-01-01,HPV,32
37,Dr. Sussini,1900-01-01,NEUMOCOCICA NO CONJUGADA,28
82,Dr. Miguel Rossi Candia,1900-01-01,SALK,14
82,Dr. Miguel Rossi Candia,1900-01-01,TRIPLE VIRAL,7
82,Dr. Miguel Rossi Candia,1900-01-01,GRIPE,3
82,Dr. Miguel Rossi Candia,1900-01-01,DPT,4
82,Dr. Miguel Rossi Candia,1900-01-01,DPT (a),14
82,Dr. Miguel Rossi Candia,1900-01-01,HPV,11
82,Dr. Miguel Rossi Candia,1900-01-01,BCG,7
82,Dr. Miguel Rossi Candia,1900-01-01,NEUMOCOCICA NO CONJUGADA,28
82,Dr. Miguel Rossi Candia,1900-01-01,GRIPE A ,29
85,Santa Margarita,1900-01-01,ANTI GRIPAL,14
85,Santa Margarita,1900-01-01,MENINGOCOC.,4
85,Santa Margarita,1900-01-01,FIEBRE AMARILLA,2
85,Santa Margarita,1900-01-01,NEUMOCOCICA NO CONJUGADA,2
34,Dr. Marcelino Vera,1900-01-01,ANTI GRIPAL,24
10004,Centro de distribucion de Vacunas,1900-01-01,DOBLE ADULTO ,38
10004,Centro de distribucion de Vacunas,1900-01-01,TRIPLE VIRAL,2
10004,Centro de distribucion de Vacunas,1900-01-01,HEPATITIS B,33
10004,Centro de distribucion de Vacunas,1900-01-01,DPT (a),2
10004,Centro de distribucion de Vacunas,1900-01-01,ANTI AMARILLICA ,1
10004,Centro de distribucion de Vacunas,1900-01-01,NEUMO 13 ,18
10004,Centro de distribucion de Vacunas,1900-01-01,MENVEO,5
10004,Centro de distribucion de Vacunas,1900-01-01,VARICELA ,6
10004,Centro de distribucion de Vacunas,1900-01-01,ANTIGRIPAL PEDIATRICO,7
10004,Centro de distribucion de Vacunas,1900-01-01,ANTIGRIPAL ADULTO,45
10000,Dr. Anibal Malvido,1900-01-01,HEPATITIS B,3
10000,Dr. Anibal Malvido,1900-01-01,SALK,28
10000,Dr. Anibal Malvido,1900-01-01,PENTAVALENTE,23
10000,Dr. Anibal Malvido,1900-01-01,ANTI GRIPAL,31
10000,Dr. Anibal Malvido,1900-01-01,MENINGOCOC.,23
10000,Dr. Anibal Malvido,1900-01-01,DPT (a),14
10000,Dr. Anibal Malvido,1900-01-01,HPV,9
10000,Dr. Anibal Malvido,1900-01-01,NEUMOCOCICA NO CONJUGADA,2
73,San Marcos,1900-01-01,HEPATITIS B,4
73,San Marcos,1900-01-01,ROTAVIRUS,7
73,San Marcos,1900-01-01,ANTI GRIPAL,19
73,San Marcos,1900-01-01,DPT,2
42,Dr. Santiago Lorenzo,1900-01-01,SALK,27
42,Dr. Santiago Lorenzo,1900-01-01,ROTAVIRUS,4
42,Dr. Santiago Lorenzo,1900-01-01,TRIPLE VIRAL,18
42,Dr. Santiago Lorenzo,1900-01-01,ANTI GRIPAL,32
42,Dr. Santiago Lorenzo,1900-01-01,FIEBRE AMARILLA,1
42,Dr. Santiago Lorenzo,1900-01-01,DOBLE BACTERIANA,9
42,Dr. Santiago Lorenzo,1900-01-01,NEUMOCOCICA NO CONJUGADA,7
70,Villa Garcia,1900-01-01,ANTI GRIPAL,15
70,Villa Garcia,1900-01-01,MENINGOCOC.,2
70,Villa Garcia,1900-01-01,DOBLE BACTERIANA,5
71,Villa Chiquita,1900-01-01,SALK,2
71,Villa Chiquita,1900-01-01,MENINGOCOC.,3
71,Villa Chiquita,1900-01-01,FIEBRE AMARILLA,5
10001,Dr. Korimblum,1900-01-01,SALK,5
10001,Dr. Korimblum,1900-01-01,ROTAVIRUS,5
10001,Dr. Korimblum,1900-01-01,ANTI GRIPAL,13
10001,Dr. Korimblum,1900-01-01,PREVENAR 13 ,9
45,Dr. Saul Calmanash,1900-01-01,SALK,4
45,Dr. Saul Calmanash,1900-01-01,ANTI GRIPAL,11
45,Dr. Saul Calmanash,1900-01-01,DOBLE BACTERIANA,5
127,Santa Catalina,1900-01-01,HEPATITIS B,8
127,Santa Catalina,1900-01-01,ANTI GRIPAL,26
127,Santa Catalina,1900-01-01,MENINGOCOC.,2
127,Santa Catalina,1900-01-01,FIEBRE AMARILLA,3
127,Santa Catalina,1900-01-01,DPT (a),4
48,Dr. Jose de los Reyes Vidal,1900-01-01,ROTAVIRUS,4
48,Dr. Jose de los Reyes Vidal,1900-01-01,PENTAVALENTE,8
48,Dr. Jose de los Reyes Vidal,1900-01-01,NEUMOCOCICA CONJUGADA,7
48,Dr. Jose de los Reyes Vidal,1900-01-01,VARICELA,2
48,Dr. Jose de los Reyes Vidal,1900-01-01,MENINGOCOC.,9
48,Dr. Jose de los Reyes Vidal,1900-01-01,DPT,6
48,Dr. Jose de los Reyes Vidal,1900-01-01,DOBLE BACTERIANA,3
48,Dr. Jose de los Reyes Vidal,1900-01-01,DOBLE VIRAL,2
48,Dr. Jose de los Reyes Vidal,1900-01-01,HPV,5
51,Dr. Juan Chercoff,1900-01-01,NEUMOCOCICA CONJUGADA,4
51,Dr. Juan Chercoff,1900-01-01,ANTI GRIPAL,8
90,Sapucay,1900-01-01,ROTAVIRUS,5
90,Sapucay,1900-01-01,PENTAVALENTE,9
90,Sapucay,1900-01-01,NEUMOCOCICA CONJUGADA,17
90,Sapucay,1900-01-01,ANTI GRIPAL,34
90,Sapucay,1900-01-01,MENINGOCOC.,9
90,Sapucay,1900-01-01,DPT (a),3
90,Sapucay,1900-01-01,HPV,6
79,Quinta Ferre,1900-01-01,ROTAVIRUS,9
79,Quinta Ferre,1900-01-01,PENTAVALENTE,16
79,Quinta Ferre,1900-01-01,NEUMOCOCICA CONJUGADA,14
79,Quinta Ferre,1900-01-01,ANTI GRIPAL,20
79,Quinta Ferre,1900-01-01,NEUMOCOCICA NO CONJUGADA,11
32,Dr. Manuel Cassuso,1900-01-01,HEPATITIS B,4
32,Dr. Manuel Cassuso,1900-01-01,NEUMOCOCICA CONJUGADA,2
32,Dr. Manuel Cassuso,1900-01-01,ANTI GRIPAL,2
32,Dr. Manuel Cassuso,1900-01-01,DPT (a),1
32,Dr. Manuel Cassuso,1900-01-01,DOBLE BACTERIANA,5
32,Dr. Manuel Cassuso,1900-01-01,HPV,1
91,Dr. Pedro Blugerman,1900-01-01,SALK,17
91,Dr. Pedro Blugerman,1900-01-01,NEUMOCOCICA CONJUGADA,19
91,Dr. Pedro Blugerman,1900-01-01,ANTI GRIPAL,21
91,Dr. Pedro Blugerman,1900-01-01,HPV,3
76,Dr. Romilio Monzón,1900-01-01,HEPATITIS B,13
76,Dr. Romilio Monzón,1900-01-01,NEUMOCOCICA NO CONJUGADA,15
76,Dr. Romilio Monzón,1900-01-01,TRIPLE VIRAL,4
76,Dr. Romilio Monzón,1900-01-01,VARICELA,6
76,Dr. Romilio Monzón,1900-01-01,DOBLE BACTERIANA,9
76,Dr. Romilio Monzón,1900-01-01,NEUMOCOCICA NO CONJUGADA,2
62,Pujol,1900-01-01,ANTI GRIPAL,20
62,Pujol,1900-01-01,NEUMOCOCICA NO CONJUGADA,3
88,Dr. Lifschitz,1900-01-01,SALK,18
88,Dr. Lifschitz,1900-01-01,ROTAVIRUS,20
88,Dr. Lifschitz,1900-01-01,NEUMOCOCICA CONJUGADA,10
88,Dr. Lifschitz,1900-01-01,TRIPLE VIRAL,16
88,Dr. Lifschitz,1900-01-01,ANTI GRIPAL,25
88,Dr. Lifschitz,1900-01-01,HEPATITIS A,12
88,Dr. Lifschitz,1900-01-01,VARICELA,9
88,Dr. Lifschitz,1900-01-01,DPT,23
88,Dr. Lifschitz,1900-01-01,DPT (a),12
88,Dr. Lifschitz,1900-01-01,NEUMOCOCICA NO CONJUGADA,16
47,Dr. Guillermo Rawson,1900-01-01,SALK,40
47,Dr. Guillermo Rawson,1900-01-01,ROTAVIRUS,45
47,Dr. Guillermo Rawson,1900-01-01,PENTAVALENTE,54
47,Dr. Guillermo Rawson,1900-01-01,NEUMOCOCICA CONJUGADA,34
47,Dr. Guillermo Rawson,1900-01-01,TRIPLE VIRAL,32
47,Dr. Guillermo Rawson,1900-01-01,ANTI GRIPAL,49
47,Dr. Guillermo Rawson,1900-01-01,HEPATITIS A,20
47,Dr. Guillermo Rawson,1900-01-01,VARICELA,20
47,Dr. Guillermo Rawson,1900-01-01,MENINGOCOC.,60
47,Dr. Guillermo Rawson,1900-01-01,DPT,79
47,Dr. Guillermo Rawson,1900-01-01,DPT (a),43
47,Dr. Guillermo Rawson,1900-01-01,HPV,40
47,Dr. Guillermo Rawson,1900-01-01,NEUMOCOCICA NO CONJUGADA,17
54,Itati,1900-01-01,HEPATITIS B,4
54,Itati,1900-01-01,ANTI GRIPAL,18
54,Itati,1900-01-01,DOBLE BACTERIANA,10
54,Itati,1900-01-01,HPV,7
54,Itati,1900-01-01,NEUMOCOCICA NO CONJUGADA,6
89,Santa Marta,1900-01-01,SALK,4
89,Santa Marta,1900-01-01,NEUMOCOCICA CONJUGADA,12
89,Santa Marta,1900-01-01,ANTI GRIPAL,20
89,Santa Marta,1900-01-01,HEPATITIS A,2
89,Santa Marta,1900-01-01,FIEBRE AMARILLA,16
89,Santa Marta,1900-01-01,DPT (a),11
89,Santa Marta,1900-01-01,MAYOR 65,8
89,Santa Marta,1900-01-01,ANTIPEDIATRICO ,5
89,Santa Marta,1900-01-01,ANT. PEDIAYTICO ,7
46,Rio Parana,1900-01-01,ROTAVIRUS,6
46,Rio Parana,1900-01-01,PENTAVALENTE,17
46,Rio Parana,1900-01-01,TRIPLE VIRAL,8
46,Rio Parana,1900-01-01,ANTI GRIPAL,23
46,Rio Parana,1900-01-01,MENINGOCOC.,18
46,Rio Parana,1900-01-01,DPT (a),8
36,Esperanza,1900-01-01,SALK,19
36,Esperanza,1900-01-01,PENTAVALENTE,14
36,Esperanza,1900-01-01,NEUMOCOCICA CONJUGADA,11
36,Esperanza,1900-01-01,ANTI GRIPAL,40
36,Esperanza,1900-01-01,MENINGOCOC.,12
36,Esperanza,1900-01-01,FIEBRE AMARILLA,8
38,Dr. JC Benitez Suarez,1900-01-01,PENTAVALENTE,3
38,Dr. JC Benitez Suarez,1900-01-01,NEUMOCOCICA CONJUGADA,4
38,Dr. JC Benitez Suarez,1900-01-01,TRIPLE VIRAL,1
38,Dr. JC Benitez Suarez,1900-01-01,ANTI GRIPAL,16
38,Dr. JC Benitez Suarez,1900-01-01,MENINGOCOC.,3
69,Primera Junta,1900-01-01,DPT (a),1
10003,Guemes,1900-01-01,HEPATITIS B,22
10003,Guemes,1900-01-01,SALK,10
10003,Guemes,1900-01-01,PENTAVALENTE,7
10003,Guemes,1900-01-01,NEUMOCOCICA CONJUGADA,13
10003,Guemes,1900-01-01,TRIPLE VIRAL,5
10003,Guemes,1900-01-01,ANTI GRIPAL,40
10003,Guemes,1900-01-01,MENINGOCOC.,14
10003,Guemes,1900-01-01,DPT (a),5
10003,Guemes,1900-01-01,DOBLE ADULTO ,17
10003,Guemes,1900-01-01,NEUMO 23,10
10003,Guemes,1900-01-01,HPV,6
10002,Dr. Semper,1900-01-01,SALK,14
10002,Dr. Semper,1900-01-01,PENTAVALENTE,11
10002,Dr. Semper,1900-01-01,ANTI GRIPAL,26
10002,Dr. Semper,1900-01-01,VARICELA,9
10002,Dr. Semper,1900-01-01,MENINGOCOC.,9
10002,Dr. Semper,1900-01-01,DOBLE BACTERIANA,14
10002,Dr. Semper,1900-01-01,HPV,8
58,Dr. Oscar Pirchi,1900-01-01,HEPATITIS B,6
58,Dr. Oscar Pirchi,1900-01-01,SALK,9
58,Dr. Oscar Pirchi,1900-01-01,PENTAVALENTE,7
58,Dr. Oscar Pirchi,1900-01-01,NEUMOCOCICA CONJUGADA,11
58,Dr. Oscar Pirchi,1900-01-01,ANTI GRIPAL,25
82,Dr. Miguel Rossi Candia,1900-01-01,SALK,31
82,Dr. Miguel Rossi Candia,1900-01-01,ROTAVIRUS,19
82,Dr. Miguel Rossi Candia,1900-01-01,NEUMOCOCICA CONJUGADA,24
82,Dr. Miguel Rossi Candia,1900-01-01,HEPATITIS A,10
82,Dr. Miguel Rossi Candia,1900-01-01,MENINGOCOC.,7
82,Dr. Miguel Rossi Candia,1900-01-01,DPT,15
82,Dr. Miguel Rossi Candia,1900-01-01,DPT (a),13
82,Dr. Miguel Rossi Candia,1900-01-01,DTA,19
82,Dr. Miguel Rossi Candia,1900-01-01,HPV,16
82,Dr. Miguel Rossi Candia,1900-01-01,HPV,10
82,Dr. Miguel Rossi Candia,1900-01-01,NEUMOCOCICA NO CONJUGADA,4
82,Dr. Miguel Rossi Candia,1900-01-01,GRIPE A,31
41,Dr. Manuel Gonzalez,1900-01-01,HEPATITIS B,6
41,Dr. Manuel Gonzalez,1900-01-01,NEUMOCOCICA CONJUGADA,6
41,Dr. Manuel Gonzalez,1900-01-01,ANTI GRIPAL,8
41,Dr. Manuel Gonzalez,1900-01-01,VARICELA,6
41,Dr. Manuel Gonzalez,1900-01-01,FIEBRE AMARILLA,8
41,Dr. Manuel Gonzalez,1900-01-01,HPV,1
41,Dr. Manuel Gonzalez,1900-01-01,PENTAVALENTE,4
41,Dr. Manuel Gonzalez,1900-01-01,TRIPLE VIRAL,4
41,Dr. Manuel Gonzalez,1900-01-01,ANTI GRIPAL,11
41,Dr. Manuel Gonzalez,1900-01-01,MENINGOCOC.,4
41,Dr. Manuel Gonzalez,1900-01-01,FIEBRE AMARILLA,3
47,Dr. Guillermo Rawson,1900-01-01,HEPATITIS B,40
47,Dr. Guillermo Rawson,1900-01-01,NEUMOCOCICA CONJUGADA,28
47,Dr. Guillermo Rawson,1900-01-01,TRIPLE VIRAL,15
47,Dr. Guillermo Rawson,1900-01-01,ANTI GRIPAL,48
47,Dr. Guillermo Rawson,1900-01-01,VARICELA,17
47,Dr. Guillermo Rawson,1900-01-01,MENINGOCOC.,17
47,Dr. Guillermo Rawson,1900-01-01,FIEBRE AMARILLA,7
47,Dr. Guillermo Rawson,1900-01-01,DPT (a),11
47,Dr. Guillermo Rawson,1900-01-01,DOBLE BACTERIANA,50
47,Dr. Guillermo Rawson,1900-01-01,NEUMOCOCICA NO CONJUGADA,13
91,Dr. Pedro Blugerman,1900-01-01,ROTAVIRUS,16
91,Dr. Pedro Blugerman,1900-01-01,TRIPLE VIRAL,11
91,Dr. Pedro Blugerman,1900-01-01,ANTI GRIPAL,13
76,Dr. Romilio Monzón,1900-01-01,HEPATITIS B,7
76,Dr. Romilio Monzón,1900-01-01,SALK,8
76,Dr. Romilio Monzón,1900-01-01,PENTAVALENTE,16
76,Dr. Romilio Monzón,1900-01-01,DPT,9
76,Dr. Romilio Monzón,1900-01-01,DPT (a),2
76,Dr. Romilio Monzón,1900-01-01,DOBLE BACTERIANA,3
76,Dr. Romilio Monzón,1900-01-01,HPV,5
48,Dr. Jose de los Reyes Vidal,1900-01-01,HEPATITIS B,7
48,Dr. Jose de los Reyes Vidal,1900-01-01,SALK,6
48,Dr. Jose de los Reyes Vidal,1900-01-01,PENTAVALENTE,3
48,Dr. Jose de los Reyes Vidal,1900-01-01,ANTI GRIPAL,12
48,Dr. Jose de los Reyes Vidal,1900-01-01,MENINGOCOC.,8
48,Dr. Jose de los Reyes Vidal,1900-01-01,NEUMOCOCICA NO CONJUGADA,1
54,Itati,1900-01-01,HEPATITIS B,5
54,Itati,1900-01-01,PENTAVALENTE,9
54,Itati,1900-01-01,NEUMOCOCICA CONJUGADA,4
54,Itati,1900-01-01,DPT (a),4
54,Itati,1900-01-01,HPV,5
42,Dr. Santiago Lorenzo,1900-01-01,SALK,13
42,Dr. Santiago Lorenzo,1900-01-01,ROTAVIRUS,2
42,Dr. Santiago Lorenzo,1900-01-01,PENTAVALENTE,7
42,Dr. Santiago Lorenzo,1900-01-01,NEUMOCOCICA CONJUGADA,5
42,Dr. Santiago Lorenzo,1900-01-01,HEPATITIS A,2
42,Dr. Santiago Lorenzo,1900-01-01,MENINGOCOC.,5
45,Dr. Saul Calmanash,1900-01-01,SALK,15
45,Dr. Saul Calmanash,1900-01-01,PENTAVALENTE,8
45,Dr. Saul Calmanash,1900-01-01,NEUMOCOCICA CONJUGADA,8
45,Dr. Saul Calmanash,1900-01-01,TRIPLE VIRAL,12
45,Dr. Saul Calmanash,1900-01-01,ANTI GRIPAL,24
45,Dr. Saul Calmanash,1900-01-01,NEUMOCOCICA NO CONJUGADA,9
73,San Marcos,1900-01-01,HEPATITIS B,6
73,San Marcos,1900-01-01,ANTI GRIPAL,28
73,San Marcos,1900-01-01,FIEBRE AMARILLA,5
73,San Marcos,1900-01-01,DOBLE BACTERIANA,10
10001,Dr. Korimblum,1900-01-01,BCG,6
10001,Dr. Korimblum,1900-01-01,ANTI GRIPAL,7
10001,Dr. Korimblum,1900-01-01,VARICELA,5
10001,Dr. Korimblum,1900-01-01,MENINGOCOC.,7
10001,Dr. Korimblum,1900-01-01,DOBLE BACTERIANA,6
49,Dr. Benjamin Serrano,1900-01-01,NEUMOCOCICA CONJUGADA,10
49,Dr. Benjamin Serrano,1900-01-01,ANTI GRIPAL,25
49,Dr. Benjamin Serrano,1900-01-01,DPT,4
49,Dr. Benjamin Serrano,1900-01-01,DOBLE BACTERIANA,3
49,Dr. Benjamin Serrano,1900-01-01,HPV,6
86,Paso Martinez,1900-01-01,ANTI GRIPAL,51
34,Dr. Marcelino Vera,1900-01-01,ANTI GRIPAL,13
34,Dr. Marcelino Vera,1900-01-01,VARICELA,6
71,Villa Chiquita,1900-01-01,SALK,8
71,Villa Chiquita,1900-01-01,ROTAVIRUS,6
71,Villa Chiquita,1900-01-01,NEUMOCOCICA CONJUGADA,11
71,Villa Chiquita,1900-01-01,ANTI GRIPAL,14
71,Villa Chiquita,1900-01-01,DPT,6
71,Villa Chiquita,1900-01-01,NEUMOCOCICA CONJUGADA,8
49,Dr. Benjamin Serrano,1900-01-01,SALK,1
49,Dr. Benjamin Serrano,1900-01-01,PENTAVALENTE,2
49,Dr. Benjamin Serrano,1900-01-01,NEUMOCOCICA CONJUGADA,5
49,Dr. Benjamin Serrano,1900-01-01,TRIPLE VIRAL,3
49,Dr. Benjamin Serrano,1900-01-01,ANTI GRIPAL,19
49,Dr. Benjamin Serrano,1900-01-01,DPT (a),2
49,Dr. Benjamin Serrano,1900-01-01,DOBLE BACTERIANA,1
49,Dr. Benjamin Serrano,1900-01-01,HPV,2
70,Villa Garcia,1900-01-01,HEPATITIS B,9
70,Villa Garcia,1900-01-01,NEUMOCOCICA CONJUGADA,10
70,Villa Garcia,1900-01-01,ANTI GRIPAL,18
70,Villa Garcia,1900-01-01,MENINGOCOC.,13
70,Villa Garcia,1900-01-01,DPT (a),6
70,Villa Garcia,1900-01-01,DOBLE BACTERIANA,12
70,Villa Garcia,1900-01-01,HPV,10
90,Sapucay,1900-01-01,ANTI GRIPAL,36
90,Sapucay,1900-01-01,VARICELA,3
127,Santa Catalina,1900-01-01,ANTI GRIPAL,13
10000,Dr. Anibal Malvido,1900-01-01,HEPATITIS B,7
10000,Dr. Anibal Malvido,1900-01-01,SALK,21
10000,Dr. Anibal Malvido,1900-01-01,PENTAVALENTE,19
10000,Dr. Anibal Malvido,1900-01-01,ANTI GRIPAL,29
10000,Dr. Anibal Malvido,1900-01-01,VARICELA,10
10000,Dr. Anibal Malvido,1900-01-01,DOBLE BACTERIANA,13
10000,Dr. Anibal Malvido,1900-01-01,HPV,18
31,Dr. Elias Galvan,1900-01-01,PENTAVALENTE,1
31,Dr. Elias Galvan,1900-01-01,NEUMOCOCICA CONJUGADA,1
31,Dr. Elias Galvan,1900-01-01,ANTI GRIPAL,5
36,Esperanza,1900-01-01,ROTAVIRUS,5
36,Esperanza,1900-01-01,PENTAVALENTE,18
36,Esperanza,1900-01-01,NEUMOCOCICA CONJUGADA,14
36,Esperanza,1900-01-01,TRIPLE VIRAL,11
36,Esperanza,1900-01-01,ANTI GRIPAL,47
36,Esperanza,1900-01-01,VARICELA,22
36,Esperanza,1900-01-01,MENINGOCOC.,16
36,Esperanza,1900-01-01,DPT (a),3
36,Esperanza,1900-01-01,DTA,6
79,Quinta Ferre,1900-01-01,ROTAVIRUS,58
79,Quinta Ferre,1900-01-01,ANTI GRIPAL,23
79,Quinta Ferre,1900-01-01,VARICELA,7
79,Quinta Ferre,1900-01-01,MENINGOCOC.,12
79,Quinta Ferre,1900-01-01,DPT,16
79,Quinta Ferre,1900-01-01,NEUMOCOCICA NO CONJUGADA,5
10002,Dr. Semper,1900-01-01,SABIN ORAL,3
10002,Dr. Semper,1900-01-01,ANTI GRIPAL,12
10002,Dr. Semper,1900-01-01,MENINGOCOC.,5
10002,Dr. Semper,1900-01-01,DOBLE BACTERIANA,8
75,Dr. Mauricio Open,1900-01-01,DOBLE BACTERIANA,5
75,Dr. Mauricio Open,1900-01-01,NEUMOCOCICA NO CONJUGADA,1
69,Primera Junta,1900-01-01,SALK,5
69,Primera Junta,1900-01-01,DOBLE BACTERIANA,3
89,Santa Marta,1900-01-01,ROTAVIRUS,7
89,Santa Marta,1900-01-01,ANTI GRIPAL,30
89,Santa Marta,1900-01-01,HPV,4
10003,Guemes,1900-01-01,HEPATITIS B,11
10003,Guemes,1900-01-01,SALK,12
10003,Guemes,1900-01-01,NEUMOCOCICA CONJUGADA,7
10003,Guemes,1900-01-01,TRIPLE VIRAL,6
10003,Guemes,1900-01-01,DPT,4
10003,Guemes,1900-01-01,DOBLE BACTERIANA,14
10003,Guemes,1900-01-01,HPV,11
10003,Guemes,1900-01-01,NEUMO 23,7
46,Rio Parana,1900-01-01,HEPATITIS B,5
46,Rio Parana,1900-01-01,SALK,29
46,Rio Parana,1900-01-01,ROTAVIRUS,12
46,Rio Parana,1900-01-01,ANTI GRIPAL,61
46,Rio Parana,1900-01-01,VARICELA,6
46,Rio Parana,1900-01-01,HPV,10
10004,Centro de distribucion de Vacunas,1900-01-01,PENTAVALENTE,9
10004,Centro de distribucion de Vacunas,1900-01-01,TRIPLE VIRAL,3
10004,Centro de distribucion de Vacunas,1900-01-01,NEUMO 23 ,6
10004,Centro de distribucion de Vacunas,1900-01-01,MENVEO,12
10004,Centro de distribucion de Vacunas,1900-01-01,ANTI GRIPAL,18
10004,Centro de distribucion de Vacunas,1900-01-01,BEXSERO ,1
41,Dr. Manuel Gonzalez,1900-01-01,ROTAVIRUS,4
41,Dr. Manuel Gonzalez,1900-01-01,ANTI GRIPAL,3
41,Dr. Manuel Gonzalez,1900-01-01,VARICELA,3
41,Dr. Manuel Gonzalez,1900-01-01,DOBLE BACTERIANA,4
37,Dr. Sussini,1900-01-01,HEPATITIS A,26
37,Dr. Sussini,1900-01-01,SALK,19
37,Dr. Sussini,1900-01-01,PENTAVALENTE,19
37,Dr. Sussini,1900-01-01,NEUMOCOCICA CONJUGADA,14
37,Dr. Sussini,1900-01-01,TRIPLE VIRAL,7
37,Dr. Sussini,1900-01-01,ANTI GRIPAL,31
37,Dr. Sussini,1900-01-01,VARICELA,3
37,Dr. Sussini,1900-01-01,MENINGOCOC.,16
37,Dr. Sussini,1900-01-01,DPT (a),17
37,Dr. Sussini,1900-01-01,DOBLE BACTERIANA,32
37,Dr. Sussini,1900-01-01,HPV,13
38,Dr. JC Benitez Suarez,1900-01-01,ROTAVIRUS,12
38,Dr. JC Benitez Suarez,1900-01-01,TRIPLE VIRAL,13
38,Dr. JC Benitez Suarez,1900-01-01,ANTI GRIPAL,21
38,Dr. JC Benitez Suarez,1900-01-01,VARICELA,12
38,Dr. JC Benitez Suarez,1900-01-01,DPT,8
38,Dr. JC Benitez Suarez,1900-01-01,DPT (a),19
38,Dr. JC Benitez Suarez,1900-01-01,DOBLE VIRAL,22
82,Dr. Miguel Rossi Candia,1900-01-01,SALK,20
82,Dr. Miguel Rossi Candia,1900-01-01,ROTAVIRUS,10
82,Dr. Miguel Rossi Candia,1900-01-01,PENTAVALENTE,17
82,Dr. Miguel Rossi Candia,1900-01-01,GRIPE ,7
82,Dr. Miguel Rossi Candia,1900-01-01,HEPATITIS A,15
82,Dr. Miguel Rossi Candia,1900-01-01,VARICELA,20
82,Dr. Miguel Rossi Candia,1900-01-01,DPT,7
82,Dr. Miguel Rossi Candia,1900-01-01,DPT (a),9
82,Dr. Miguel Rossi Candia,1900-01-01,DTA,23
82,Dr. Miguel Rossi Candia,1900-01-01,NEUMOCOCICA NO CONJUGADA,6
82,Dr. Miguel Rossi Candia,1900-01-01,GRIPE A,34
58,Dr. Oscar Pirchi,1900-01-01,HEPATITIS B,5
58,Dr. Oscar Pirchi,1900-01-01,PENTAVALENTE,15
58,Dr. Oscar Pirchi,1900-01-01,ANTI GRIPAL,27
58,Dr. Oscar Pirchi,1900-01-01,MENINGOCOC.,15
58,Dr. Oscar Pirchi,1900-01-01,DOBLE BACTERIANA,12
88,Dr. Lifschitz,1900-01-01,SALK,20
88,Dr. Lifschitz,1900-01-01,ROTAVIRUS,8
88,Dr. Lifschitz,1900-01-01,PENTAVALENTE,8
88,Dr. Lifschitz,1900-01-01,ANTI GRIPAL,32
88,Dr. Lifschitz,1900-01-01,HEPATITIS A,8
88,Dr. Lifschitz,1900-01-01,VARICELA,6
88,Dr. Lifschitz,1900-01-01,HPV,13
88,Dr. Lifschitz,1900-01-01,NEUMOCOCICA NO CONJUGADA,7
47,Dr. Guillermo Rawson,1900-01-01,HEPATITIS B,25
47,Dr. Guillermo Rawson,1900-01-01,SALK,21
47,Dr. Guillermo Rawson,1900-01-01,PENTAVALENTE,12
47,Dr. Guillermo Rawson,1900-01-01,TRIPLE VIRAL,17
47,Dr. Guillermo Rawson,1900-01-01,HEPATITIS A,10
47,Dr. Guillermo Rawson,1900-01-01,DPT,7
47,Dr. Guillermo Rawson,1900-01-01,DOBLE BACTERIANA,30
47,Dr. Guillermo Rawson,1900-01-01,HPV,10
54,Itati,1900-01-01,HEPATITIS B,7
54,Itati,1900-01-01,SALK,20
54,Itati,1900-01-01,NEUMOCOCICA CONJUGADA,10
54,Itati,1900-01-01,TRIPLE VIRAL,16
54,Itati,1900-01-01,MENINGOCOC.,12
54,Itati,1900-01-01,DPT,8
54,Itati,1900-01-01,DOBLE BACTERIANA,11
91,Dr. Pedro Blugerman,1900-01-01,ROTAVIRUS,19
91,Dr. Pedro Blugerman,1900-01-01,PENTAVALENTE,31
91,Dr. Pedro Blugerman,1900-01-01,TRIPLE VIRAL,8
91,Dr. Pedro Blugerman,1900-01-01,ANTI GRIPAL,15
91,Dr. Pedro Blugerman,1900-01-01,HEPATITIS A,10
91,Dr. Pedro Blugerman,1900-01-01,VARICELA,3
91,Dr. Pedro Blugerman,1900-01-01,MENINGOCOC.,36
91,Dr. Pedro Blugerman,1900-01-01,DPT (a),13
91,Dr. Pedro Blugerman,1900-01-01,NEUMOCOCICA NO CONJUGADA,21
127,Santa Catalina,1900-01-01,SALK,9
127,Santa Catalina,1900-01-01,NEUMOCOCICA CONJUGADA,8
127,Santa Catalina,1900-01-01,TRIPLE VIRAL,1
127,Santa Catalina,1900-01-01,MENINGOCOC.,10
127,Santa Catalina,1900-01-01,DOBLE BACTERIANA,1
127,Santa Catalina,1900-01-01,HPV,5
85,Santa Margarita,1900-01-01,SALK,2
85,Santa Margarita,1900-01-01,ANTI GRIPAL,3
76,Dr. Romilio Monzón,1900-01-01,HEPATITIS B,6
76,Dr. Romilio Monzón,1900-01-01,TRIPLE VIRAL,15
76,Dr. Romilio Monzón,1900-01-01,ANTI GRIPAL,25
76,Dr. Romilio Monzón,1900-01-01,HEPATITIS A,8
76,Dr. Romilio Monzón,1900-01-01,DPT (a),15
48,Dr. Jose de los Reyes Vidal,1900-01-01,SALK,12
48,Dr. Jose de los Reyes Vidal,1900-01-01,VARICELA,6
48,Dr. Jose de los Reyes Vidal,1900-01-01,MENINGOCOC.,10
48,Dr. Jose de los Reyes Vidal,1900-01-01,DPT (a),8
48,Dr. Jose de los Reyes Vidal,1900-01-01,HPV,9
31,Dr. Elias Galvan,1900-01-01,HEPATITIS B,2
31,Dr. Elias Galvan,1900-01-01,SALK,11
31,Dr. Elias Galvan,1900-01-01,ROTAVIRUS,4
31,Dr. Elias Galvan,1900-01-01,PENTAVALENTE,12
31,Dr. Elias Galvan,1900-01-01,NEUMOCOCICA CONJUGADA,9
31,Dr. Elias Galvan,1900-01-01,ANTI GRIPAL,11
31,Dr. Elias Galvan,1900-01-01,HEPATITIS A,5
31,Dr. Elias Galvan,1900-01-01,MENINGOCOC.,4
31,Dr. Elias Galvan,1900-01-01,NEUMOCOCICA NO CONJUGADA,2
49,Dr. Benjamin Serrano,1900-01-01,HEPATITIS B,9
49,Dr. Benjamin Serrano,1900-01-01,DPT,10
49,Dr. Benjamin Serrano,1900-01-01,HPV,12
36,Esperanza,1900-01-01,HEPATITIS B,5
36,Esperanza,1900-01-01,SALK,32
36,Esperanza,1900-01-01,PENTAVALENTE,27
36,Esperanza,1900-01-01,TRIPLE VIRAL,13
36,Esperanza,1900-01-01,ANTI GRIPAL,23
36,Esperanza,1900-01-01,DPT,11
36,Esperanza,1900-01-01,HPV,14
79,Quinta Ferre,1900-01-01,HEPATITIS B,14
79,Quinta Ferre,1900-01-01,SALK,17
79,Quinta Ferre,1900-01-01,PENTAVALENTE,14
79,Quinta Ferre,1900-01-01,NEUMOCOCICA CONJUGADA,16
79,Quinta Ferre,1900-01-01,VARICELA,3
79,Quinta Ferre,1900-01-01,DPT,21
79,Quinta Ferre,1900-01-01,DOBLE BACTERIANA,5
79,Quinta Ferre,1900-01-01,HPV,15
79,Quinta Ferre,1900-01-01,NEUMOCOCICA NO CONJUGADA,2
10003,Guemes,1900-01-01,HEPATITIS B,12
10003,Guemes,1900-01-01,NEUMOCOCICA CONJUGADA,10
10003,Guemes,1900-01-01,DPT,6
10003,Guemes,1900-01-01,DOBLE BACTERIANA,12
10003,Guemes,1900-01-01,NEUMO 23,1
86,Paso Martinez,1900-01-01,HEPATITIS B,2
86,Paso Martinez,1900-01-01,ANTI GRIPAL,10
86,Paso Martinez,1900-01-01,DPT (a),2
62,Pujol,1900-01-01,SALK,4
62,Pujol,1900-01-01,ANTI GRIPAL,14
62,Pujol,1900-01-01,VARICELA,3
62,Pujol,1900-01-01,DPT (a),4
89,Santa Marta,1900-01-01,HEPATITIS B,11
89,Santa Marta,1900-01-01,ANTI GRIPAL,23
89,Santa Marta,1900-01-01,DPT (a),8
89,Santa Marta,1900-01-01,DOBLE BACTERIANA,14
89,Santa Marta,1900-01-01,HPV,13
10001,Dr. Korimblum,1900-01-01,BCG,5
10001,Dr. Korimblum,1900-01-01,SALK,8
10001,Dr. Korimblum,1900-01-01,ROTAVIRUS,3
10001,Dr. Korimblum,1900-01-01,ANTI GRIPAL,6
10001,Dr. Korimblum,1900-01-01,NEUMO 23,1
90,Sapucay,1900-01-01,ANTI GRIPAL,22
38,Dr. JC Benitez Suarez,1900-01-01,SALK,28
38,Dr. JC Benitez Suarez,1900-01-01,ROTAVIRUS,19
38,Dr. JC Benitez Suarez,1900-01-01,PENTAVALENTE,26
38,Dr. JC Benitez Suarez,1900-01-01,TRIPLE VIRAL,12
38,Dr. JC Benitez Suarez,1900-01-01,ANTI GRIPAL,7
38,Dr. JC Benitez Suarez,1900-01-01,HEPATITIS A,5
38,Dr. JC Benitez Suarez,1900-01-01,DOBLE BACTERIANA,6
51,Dr. Juan Chercoff,1900-01-01,SALK,5
51,Dr. Juan Chercoff,1900-01-01,ROTAVIRUS,3
51,Dr. Juan Chercoff,1900-01-01,PENTAVALENTE,5
51,Dr. Juan Chercoff,1900-01-01,NEUMOCOCICA CONJUGADA,6
51,Dr. Juan Chercoff,1900-01-01,ANTI GRIPAL,5
10000,Dr. Anibal Malvido,1900-01-01,HEPATITIS B,8
10000,Dr. Anibal Malvido,1900-01-01,ROTAVIRUS,12
10000,Dr. Anibal Malvido,1900-01-01,PENTAVALENTE,30
10000,Dr. Anibal Malvido,1900-01-01,ANTI GRIPAL,26
10000,Dr. Anibal Malvido,1900-01-01,MENINGOCOC.,28
10000,Dr. Anibal Malvido,1900-01-01,DPT,100
10000,Dr. Anibal Malvido,1900-01-01,DPT (a),18
10000,Dr. Anibal Malvido,1900-01-01,DOBLE BACTERIANA,11
10000,Dr. Anibal Malvido,1900-01-01,HPV,15
75,Dr. Mauricio Open,1900-01-01,TRIPLE VIRAL,1
75,Dr. Mauricio Open,1900-01-01,HEPATITIS A,9
75,Dr. Mauricio Open,1900-01-01,HPV,3
42,Dr. Santiago Lorenzo,1900-01-01,SALK,16
42,Dr. Santiago Lorenzo,1900-01-01,MENINGOCOC.,25
42,Dr. Santiago Lorenzo,1900-01-01,DPT (a),20
42,Dr. Santiago Lorenzo,1900-01-01,HPV,20
37,Dr. Sussini,1900-01-01,SALK,35
37,Dr. Sussini,1900-01-01,ROTAVIRUS,18
37,Dr. Sussini,1900-01-01,PENTAVALENTE,37
37,Dr. Sussini,1900-01-01,NEUMOCOCICA CONJUGADA,30
37,Dr. Sussini,1900-01-01,TRIPLE VIRAL,20
37,Dr. Sussini,1900-01-01,ANTI GRIPAL,6
37,Dr. Sussini,1900-01-01,HEPATITIS B,51
37,Dr. Sussini,1900-01-01,VARICELA,18
37,Dr. Sussini,1900-01-01,MENINGOCOC.,52
37,Dr. Sussini,1900-01-01,DPT,8
37,Dr. Sussini,1900-01-01,DPT (a),28
37,Dr. Sussini,1900-01-01,DOBLE BACTERIANA,56
37,Dr. Sussini,1900-01-01,HPV,25
41,Dr. Manuel Gonzalez,1900-01-01,ROTAVIRUS,8
41,Dr. Manuel Gonzalez,1900-01-01,DOBLE BACTERIANA,3
88,Dr. Lifschitz,1900-01-01,SALK,16
88,Dr. Lifschitz,1900-01-01,ROTAVIRUS,6
88,Dr. Lifschitz,1900-01-01,ANTI GRIPAL,7
88,Dr. Lifschitz,1900-01-01,VARICELA,4
88,Dr. Lifschitz,1900-01-01,DPT,6
88,Dr. Lifschitz,1900-01-01,DPT (a),9
88,Dr. Lifschitz,1900-01-01,DOBLE BACTERIANA,5
88,Dr. Lifschitz,1900-01-01,HPV,16
58,Dr. Oscar Pirchi,1900-01-01,ROTAVIRUS,10
58,Dr. Oscar Pirchi,1900-01-01,TRIPLE VIRAL,4
58,Dr. Oscar Pirchi,1900-01-01,ANTI GRIPAL,19
58,Dr. Oscar Pirchi,1900-01-01,DOBLE BACTERIANA,14
32,Dr. Manuel Cassuso,1900-01-01,HEPATITIS B,8
32,Dr. Manuel Cassuso,1900-01-01,PENTAVALENTE,16
32,Dr. Manuel Cassuso,1900-01-01,VARICELA,12
32,Dr. Manuel Cassuso,1900-01-01,MENINGOCOC.,19
32,Dr. Manuel Cassuso,1900-01-01,DOBLE BACTERIANA,12
73,San Marcos,1900-01-01,SALK,11
73,San Marcos,1900-01-01,ANTI GRIPAL,9
73,San Marcos,1900-01-01,MENINGOCOC.,11
73,San Marcos,1900-01-01,DPT (a),7
45,Dr. Saul Calmanash,1900-01-01,MENINGOCOC.,1
45,Dr. Saul Calmanash,1900-01-01,DPT (a),1
45,Dr. Saul Calmanash,1900-01-01,HPV,9
45,Dr. Saul Calmanash,1900-01-01,NEUMOCOCICA NO CONJUGADA,2
71,Villa Chiquita,1900-01-01,TRIPLE VIRAL,1
71,Villa Chiquita,1900-01-01,DOBLE VIRAL,1
46,Rio Parana,1900-01-01,ROTAVIRUS,10
46,Rio Parana,1900-01-01,PENTAVALENTE,23
46,Rio Parana,1900-01-01,NEUMOCOCICA CONJUGADA,30
46,Rio Parana,1900-01-01,TRIPLE VIRAL,26
46,Rio Parana,1900-01-01,ANTI GRIPAL,26
46,Rio Parana,1900-01-01,HEPATITIS A,19
46,Rio Parana,1900-01-01,MENINGOCOC.,32
46,Rio Parana,1900-01-01,DPT (a),13
46,Rio Parana,1900-01-01,DOBLE BACTERIANA,1
46,Rio Parana,1900-01-01,HPV,19
82,Dr. Miguel Rossi Candia,1900-01-01,HEPATITIS B,13
82,Dr. Miguel Rossi Candia,1900-01-01,ROTAVIRUS,11
82,Dr. Miguel Rossi Candia,1900-01-01,NEUMOCOCICA CONJUGADA,21
82,Dr. Miguel Rossi Candia,1900-01-01,TRIPLE VIRAL,18
82,Dr. Miguel Rossi Candia,1900-01-01,GRIPE ,13
82,Dr. Miguel Rossi Candia,1900-01-01,MENINGOCOC.,16
82,Dr. Miguel Rossi Candia,1900-01-01,DPT,10
82,Dr. Miguel Rossi Candia,1900-01-01,DPT (a),19
82,Dr. Miguel Rossi Candia,1900-01-01,HPV,19
82,Dr. Miguel Rossi Candia,1900-01-01,NEUMOCOCICA NO CONJUGADA,3
82,Dr. Miguel Rossi Candia,1900-01-01,GRIPE A,11
10002,Dr. Semper,1900-01-01,SALK,4
10002,Dr. Semper,1900-01-01,TRIPLE VIRAL,2
10002,Dr. Semper,1900-01-01,ANTI GRIPAL,8
10002,Dr. Semper,1900-01-01,DPT (a),15
10002,Dr. Semper,1900-01-01,DOBLE BACTERIANA,15
69,Primera Junta,1900-01-01,HEPATITIS B,13
69,Primera Junta,1900-01-01,PENTAVALENTE,9
69,Primera Junta,1900-01-01,TRIPLE VIRAL,2
69,Primera Junta,1900-01-01,VARICELA,4
69,Primera Junta,1900-01-01,DPT,2
69,Primera Junta,1900-01-01,DOBLE BACTERIANA,13
34,Dr. Marcelino Vera,1900-01-01,TRIPLE VIRAL,2
127,Santa Catalina,1900-01-01,TRIPLE VIRAL,10
127,Santa Catalina,1900-01-01,HEPATITIS A,5
127,Santa Catalina,1900-01-01,DPT (a),1
36,Esperanza,1900-01-01,SALK,25
36,Esperanza,1900-01-01,TRIPLE VIRAL,16
36,Esperanza,1900-01-01,ANTI GRIPAL,21
36,Esperanza,1900-01-01,MENINGOCOC.,15
36,Esperanza,1900-01-01,FIEBRE AMARILLA,4
36,Esperanza,1900-01-01,DPT (a),10
36,Esperanza,1900-01-01,DOBLE VIRAL,6
36,Esperanza,1900-01-01,HPV,18
10004,Centro de distribucion de Vacunas,1900-01-01,ROTAVIRUS,23
10004,Centro de distribucion de Vacunas,1900-01-01,HEPATITIS B,21
10004,Centro de distribucion de Vacunas,1900-01-01,NEUMO 13,6
10004,Centro de distribucion de Vacunas,1900-01-01,VARICELA ,5
10003,Guemes,1900-01-01,SALK,18
10003,Guemes,1900-01-01,ANTI GRIPAL,15
10003,Guemes,1900-01-01,VARICELA,2
10003,Guemes,1900-01-01,MENINGOCOC.,15
10003,Guemes,1900-01-01,DPT,9
10003,Guemes,1900-01-01,DPT (a),12
10003,Guemes,1900-01-01,DOBLE VIRAL,16
10003,Guemes,1900-01-01,HPV,13
71,Villa Chiquita,1900-01-01,NEUMOCOCICA CONJUGADA,4
71,Villa Chiquita,1900-01-01,DOBLE BACTERIANA,2
71,Villa Chiquita,1900-01-01,HPV,2
10000,Dr. Anibal Malvido,1900-01-01,HEPATITIS B,11
10000,Dr. Anibal Malvido,1900-01-01,SALK,41
10000,Dr. Anibal Malvido,1900-01-01,ROTAVIRUS,18
10000,Dr. Anibal Malvido,1900-01-01,PENTAVALENTE,33
10000,Dr. Anibal Malvido,1900-01-01,NEUMOCOCICA CONJUGADA,28
10000,Dr. Anibal Malvido,1900-01-01,TRIPLE VIRAL,17
10000,Dr. Anibal Malvido,1900-01-01,ANTI GRIPAL,24
10000,Dr. Anibal Malvido,1900-01-01,MENINGOCOC.,25
10000,Dr. Anibal Malvido,1900-01-01,FIEBRE AMARILLA,3
10000,Dr. Anibal Malvido,1900-01-01,DOBLE BACTERIANA,15
10000,Dr. Anibal Malvido,1900-01-01,HPV,25
75,Dr. Mauricio Open,1900-01-01,MENINGOCOC.,6
62,Pujol,1900-01-01,PENTAVALENTE,9
62,Pujol,1900-01-01,FIEBRE AMARILLA,4
46,Rio Parana,1900-01-01,SALK,19
46,Rio Parana,1900-01-01,PENTAVALENTE,15
46,Rio Parana,1900-01-01,NEUMOCOCICA CONJUGADA,4
46,Rio Parana,1900-01-01,ANTI GRIPAL,28
46,Rio Parana,1900-01-01,HEPATITIS A,2
46,Rio Parana,1900-01-01,MENINGOCOC.,27
46,Rio Parana,1900-01-01,FIEBRE AMARILLA,2
46,Rio Parana,1900-01-01,DPT,5
46,Rio Parana,1900-01-01,HPV,18
48,Dr. Jose de los Reyes Vidal,1900-01-01,HEPATITIS B,8
48,Dr. Jose de los Reyes Vidal,1900-01-01,SALK,7
48,Dr. Jose de los Reyes Vidal,1900-01-01,PENTAVALENTE,10
48,Dr. Jose de los Reyes Vidal,1900-01-01,HEPATITIS A,4
48,Dr. Jose de los Reyes Vidal,1900-01-01,VARICELA,5
48,Dr. Jose de los Reyes Vidal,1900-01-01,MENINGOCOC.,14
48,Dr. Jose de los Reyes Vidal,1900-01-01,DPT,7
48,Dr. Jose de los Reyes Vidal,1900-01-01,DPT (a),10
91,Dr. Pedro Blugerman,1900-01-01,ROTAVIRUS,13
91,Dr. Pedro Blugerman,1900-01-01,PENTAVALENTE,20
91,Dr. Pedro Blugerman,1900-01-01,NEUMOCOCICA CONJUGADA,15
91,Dr. Pedro Blugerman,1900-01-01,ANTI GRIPAL,9
91,Dr. Pedro Blugerman,1900-01-01,MENINGOCOC.,26
91,Dr. Pedro Blugerman,1900-01-01,DPT,2
91,Dr. Pedro Blugerman,1900-01-01,DPT (a),3
91,Dr. Pedro Blugerman,1900-01-01,NEUMOCOCICA NO CONJUGADA,15
54,Itati,1900-01-01,PENTAVALENTE,14
54,Itati,1900-01-01,ANTI GRIPAL,12
54,Itati,1900-01-01,MENINGOCOC.,15
54,Itati,1900-01-01,DPT,7
54,Itati,1900-01-01,DPT (a),9
54,Itati,1900-01-01,HPV,14
10001,Dr. Korimblum,1900-01-01,NEUMOCOCICA CONJUGADA,6
10001,Dr. Korimblum,1900-01-01,HEPATITIS A,4
10001,Dr. Korimblum,1900-01-01,VARICELA,7
10001,Dr. Korimblum,1900-01-01,HPV,5
10001,Dr. Korimblum,1900-01-01,NEUMOCOCICA NO CONJUGADA,4
70,Villa Garcia,1900-01-01,HEPATITIS B,5
70,Villa Garcia,1900-01-01,TRIPLE VIRAL,4
70,Villa Garcia,1900-01-01,FIEBRE AMARILLA,3
70,Villa Garcia,1900-01-01,HPV,7
76,Dr. Romilio Monzón,1900-01-01,HEPATITIS B,15
76,Dr. Romilio Monzón,1900-01-01,SALK,13
76,Dr. Romilio Monzón,1900-01-01,PENTAVALENTE,13
76,Dr. Romilio Monzón,1900-01-01,TRIPLE VIRAL,6
76,Dr. Romilio Monzón,1900-01-01,ANTI GRIPAL,19
76,Dr. Romilio Monzón,1900-01-01,MENINGOCOC.,21
76,Dr. Romilio Monzón,1900-01-01,DPT (a),13
45,Dr. Saul Calmanash,1900-01-01,SALK,8
45,Dr. Saul Calmanash,1900-01-01,TRIPLE VIRAL,4
45,Dr. Saul Calmanash,1900-01-01,ANTI GRIPAL,5
31,Dr. Elias Galvan,1900-01-01,ROTAVIRUS,2
31,Dr. Elias Galvan,1900-01-01,PENTAVALENTE,4
31,Dr. Elias Galvan,1900-01-01,NEUMOCOCICA CONJUGADA,3
31,Dr. Elias Galvan,1900-01-01,ANTI GRIPAL,8
31,Dr. Elias Galvan,1900-01-01,MENINGOCOC.,2
31,Dr. Elias Galvan,1900-01-01,DPT,5
31,Dr. Elias Galvan,1900-01-01,DOBLE VIRAL,3
89,Santa Marta,1900-01-01,SALK,17
89,Santa Marta,1900-01-01,PENTAVALENTE,16
89,Santa Marta,1900-01-01,NEUMOCOCICA CONJUGADA,17
89,Santa Marta,1900-01-01,ANTI GRIPAL,22
89,Santa Marta,1900-01-01,HEPATITIS A,6
89,Santa Marta,1900-01-01,MENINGOCOC.,26
89,Santa Marta,1900-01-01,DPT (a),15
89,Santa Marta,1900-01-01,HPV,20
41,Dr. Manuel Gonzalez,1900-01-01,HEPATITIS A,5
32,Dr. Manuel Cassuso,1900-01-01,HEPATITIS B,10
32,Dr. Manuel Cassuso,1900-01-01,SALK,27
32,Dr. Manuel Cassuso,1900-01-01,PENTAVALENTE,15
32,Dr. Manuel Cassuso,1900-01-01,NEUMOCOCICA CONJUGADA,20
32,Dr. Manuel Cassuso,1900-01-01,ANTI GRIPAL,23
32,Dr. Manuel Cassuso,1900-01-01,HEPATITIS A,11
32,Dr. Manuel Cassuso,1900-01-01,VARICELA,5
32,Dr. Manuel Cassuso,1900-01-01,MENINGOCOC.,15
32,Dr. Manuel Cassuso,1900-01-01,DPT,12
32,Dr. Manuel Cassuso,1900-01-01,DPT (a),12
32,Dr. Manuel Cassuso,1900-01-01,HPV,19
49,Dr. Benjamin Serrano,1900-01-01,B,6
49,Dr. Benjamin Serrano,1900-01-01,SALK,6
49,Dr. Benjamin Serrano,1900-01-01,PENTAVALENTE,8
49,Dr. Benjamin Serrano,1900-01-01,ANTI GRIPAL,6
49,Dr. Benjamin Serrano,1900-01-01,MENINGOCOC.,9
49,Dr. Benjamin Serrano,1900-01-01,DOBLE BACTERIANA,11
88,Dr. Lifschitz,1900-01-01,ANTI GRIPAL,10
88,Dr. Lifschitz,1900-01-01,MENINGOCOC.,25
88,Dr. Lifschitz,1900-01-01,DPT (a),27
88,Dr. Lifschitz,1900-01-01,DOBLE BACTERIANA,2
88,Dr. Lifschitz,1900-01-01,HPV,24
88,Dr. Lifschitz,1900-01-01,NEUMOCOCICA NO CONJUGADA,3
82,Dr. Miguel Rossi Candia,1900-01-01,SALK,25
82,Dr. Miguel Rossi Candia,1900-01-01,PENTAVALENTE,19
82,Dr. Miguel Rossi Candia,1900-01-01,NEUMOCOCICA CONJUGADA,15
82,Dr. Miguel Rossi Candia,1900-01-01,TRIPLE VIRAL,14
82,Dr. Miguel Rossi Candia,1900-01-01,MENINGOCOC.,6
82,Dr. Miguel Rossi Candia,1900-01-01,DPT,17
82,Dr. Miguel Rossi Candia,1900-01-01,DPT (a),30
82,Dr. Miguel Rossi Candia,1900-01-01,DTA,14
82,Dr. Miguel Rossi Candia,1900-01-01,GRIPE A,10
37,Dr. Sussini,1900-01-01,HEPATITIS B,56
37,Dr. Sussini,1900-01-01,SALK,37
37,Dr. Sussini,1900-01-01,PENTAVALENTE,33
37,Dr. Sussini,1900-01-01,ANTI GRIPAL,43
37,Dr. Sussini,1900-01-01,HEPATITIS A,10
37,Dr. Sussini,1900-01-01,DPT,9
37,Dr. Sussini,1900-01-01,DPT (a),24
37,Dr. Sussini,1900-01-01,HPV,22
37,Dr. Sussini,1900-01-01,NEUMOCOCICA NO CONJUGADA,23
79,Quinta Ferre,1900-01-01,HEPATITIS B,11
79,Quinta Ferre,1900-01-01,ROTAVIRUS,7
79,Quinta Ferre,1900-01-01,ANTI GRIPAL,16
79,Quinta Ferre,1900-01-01,HEPATITIS A,7
79,Quinta Ferre,1900-01-01,MENINGOCOC.,16
79,Quinta Ferre,1900-01-01,DPT,19
79,Quinta Ferre,1900-01-01,DPT (a),19
79,Quinta Ferre,1900-01-01,NEUMOCOCICA NO CONJUGADA,1
42,Dr. Santiago Lorenzo,1900-01-01,PENTAVALENTE,14
42,Dr. Santiago Lorenzo,1900-01-01,NEUMOCOCICA CONJUGADA,12
42,Dr. Santiago Lorenzo,1900-01-01,ANTI GRIPAL,9
42,Dr. Santiago Lorenzo,1900-01-01,VARICELA,1
42,Dr. Santiago Lorenzo,1900-01-01,HPV,9
10002,Dr. Semper,1900-01-01,HEPATITIS B,8
10002,Dr. Semper,1900-01-01,TRIPLE VIRAL,13
10002,Dr. Semper,1900-01-01,ANTI GRIPAL,13
10002,Dr. Semper,1900-01-01,VARICELA,13
10002,Dr. Semper,1900-01-01,HPV,7
90,Sapucay,1900-01-01,NEUMOCOCICA CONJUGADA,7
90,Sapucay,1900-01-01,ANTI GRIPAL,21
58,Dr. Oscar Pirchi,1900-01-01,HEPATITIS B,4
58,Dr. Oscar Pirchi,1900-01-01,SALK,21
58,Dr. Oscar Pirchi,1900-01-01,NEUMOCOCICA CONJUGADA,12
58,Dr. Oscar Pirchi,1900-01-01,TRIPLE VIRAL,10
58,Dr. Oscar Pirchi,1900-01-01,DPT,8
58,Dr. Oscar Pirchi,1900-01-01,DPT (a),12
58,Dr. Oscar Pirchi,1900-01-01,HPV,13
51,Dr. Juan Chercoff,1900-01-01,HEPATITIS B,2
51,Dr. Juan Chercoff,1900-01-01,ANTI GRIPAL,6
69,Primera Junta,1900-01-01,SALK,12
69,Primera Junta,1900-01-01,ANTI GRIPAL,3
69,Primera Junta,1900-01-01,DPT (a),7
62,Pujol,1900-01-01,SALK,61
62,Pujol,1900-01-01,TRIPLE VIRAL,61
62,Pujol,1900-01-01,VARICELA,9
62,Pujol,1900-01-01,DPT,5
62,Pujol,1900-01-01,DPT (a),5
62,Pujol,1900-01-01,DOBLE VIRAL,2
62,Pujol,1900-01-01,HPV,8
36,Esperanza,1900-01-01,SALK,142
36,Esperanza,1900-01-01,TRIPLE VIRAL,130
36,Esperanza,1900-01-01,ANTI GRIPAL,10
36,Esperanza,1900-01-01,VARICELA,28
36,Esperanza,1900-01-01,MENINGOCOC.,24
36,Esperanza,1900-01-01,FIEBRE AMARILLA,20
36,Esperanza,1900-01-01,DPT (a),18
36,Esperanza,1900-01-01,DOBLE BACTERIANA,2
36,Esperanza,1900-01-01,HPV,23
127,Santa Catalina,1900-01-01,ANTI GRIPAL,12
127,Santa Catalina,1900-01-01,MENINGOCOC.,3
34,Dr. Marcelino Vera,1900-01-01,VARICELA,4
34,Dr. Marcelino Vera,1900-01-01,FIEBRE AMARILLA,6
76,Dr. Romilio Monzón,1900-01-01,HEPATITIS B,10
76,Dr. Romilio Monzón,1900-01-01,SALK,20
76,Dr. Romilio Monzón,1900-01-01,NEUMOCOCICA CONJUGADA,15
76,Dr. Romilio Monzón,1900-01-01,TRIPLE VIRAL,10
76,Dr. Romilio Monzón,1900-01-01,ANTI GRIPAL,10
76,Dr. Romilio Monzón,1900-01-01,HEPATITIS A,5
76,Dr. Romilio Monzón,1900-01-01,FIEBRE AMARILLA,5
76,Dr. Romilio Monzón,1900-01-01,DPT,5
76,Dr. Romilio Monzón,1900-01-01,HPV,14
10004,Centro de distribucion de Vacunas,1900-01-01,SALK,1
10004,Centro de distribucion de Vacunas,1900-01-01,PENTAVALENTE,2
10004,Centro de distribucion de Vacunas,1900-01-01,DOBLE ADULTO ,17
10004,Centro de distribucion de Vacunas,1900-01-01,HEPATITIS B,14
10004,Centro de distribucion de Vacunas,1900-01-01,NEUMO 13 ,3
10004,Centro de distribucion de Vacunas,1900-01-01,HPV,4
10004,Centro de distribucion de Vacunas,1900-01-01,MENVEO,6
10004,Centro de distribucion de Vacunas,1900-01-01,ANTIGRIPAL ADULTO,4
48,Dr. Jose de los Reyes Vidal,1900-01-01,HEPATITIS B,22
48,Dr. Jose de los Reyes Vidal,1900-01-01,SALK,59
48,Dr. Jose de los Reyes Vidal,1900-01-01,TRIPLE VIRAL,59
48,Dr. Jose de los Reyes Vidal,1900-01-01,VARICELA,12
48,Dr. Jose de los Reyes Vidal,1900-01-01,MENINGOCOC.,16
48,Dr. Jose de los Reyes Vidal,1900-01-01,DOBLE BACTERIANA,19
48,Dr. Jose de los Reyes Vidal,1900-01-01,HPV,7
32,Dr. Manuel Cassuso,1900-01-01,BCG,186
32,Dr. Manuel Cassuso,1900-01-01,HEPATITIS B,13
32,Dr. Manuel Cassuso,1900-01-01,SALK,14
32,Dr. Manuel Cassuso,1900-01-01,PENTAVALENTE,5
32,Dr. Manuel Cassuso,1900-01-01,NEUMOCOCICA CONJUGADA,3
32,Dr. Manuel Cassuso,1900-01-01,TRIPLE VIRAL,9
32,Dr. Manuel Cassuso,1900-01-01,ANTI GRIPAL,11
32,Dr. Manuel Cassuso,1900-01-01,VARICELA,4
32,Dr. Manuel Cassuso,1900-01-01,DPT,9
32,Dr. Manuel Cassuso,1900-01-01,DOBLE BACTERIANA,15
32,Dr. Manuel Cassuso,1900-01-01,HPV,24
85,Santa Margarita,1900-01-01,SALK,22
85,Santa Margarita,1900-01-01,TRIPLE VIRAL,18
85,Santa Margarita,1900-01-01,VARICELA,4
85,Santa Margarita,1900-01-01,HPV,7
54,Itati,1900-01-01,SALK,15
54,Itati,1900-01-01,NEUMOCOCICA CONJUGADA,7
54,Itati,1900-01-01,ANTI GRIPAL,17
54,Itati,1900-01-01,MENINGOCOC.,11
54,Itati,1900-01-01,DOBLE BACTERIANA,5
54,Itati,1900-01-01,HPV,12
73,San Marcos,1900-01-01,TRIPLE VIRAL,5
73,San Marcos,1900-01-01,ANTI GRIPAL,5
73,San Marcos,1900-01-01,MENINGOCOC.,6
88,Dr. Lifschitz,1900-01-01,SALK,39
88,Dr. Lifschitz,1900-01-01,PENTAVALENTE,14
88,Dr. Lifschitz,1900-01-01,TRIPLE VIRAL,28
88,Dr. Lifschitz,1900-01-01,VARICELA,15
88,Dr. Lifschitz,1900-01-01,MENINGOCOC.,13
88,Dr. Lifschitz,1900-01-01,FIEBRE AMARILLA,1
88,Dr. Lifschitz,1900-01-01,DPT,8
58,Dr. Oscar Pirchi,1900-01-01,PENTAVALENTE,11
58,Dr. Oscar Pirchi,1900-01-01,ANTI GRIPAL,15
58,Dr. Oscar Pirchi,1900-01-01,HPV,6
82,Dr. Miguel Rossi Candia,1900-01-01,SALK,101
82,Dr. Miguel Rossi Candia,1900-01-01,GRIPE,11
82,Dr. Miguel Rossi Candia,1900-01-01,VARICELA,18
82,Dr. Miguel Rossi Candia,1900-01-01,MENINGOCOC.,24
82,Dr. Miguel Rossi Candia,1900-01-01,FIEBRE AMARILLA,6
82,Dr. Miguel Rossi Candia,1900-01-01,DPT (a),26
82,Dr. Miguel Rossi Candia,1900-01-01,DTA,18
82,Dr. Miguel Rossi Candia,1900-01-01,GRIPE A,14
51,Dr. Juan Chercoff,1900-01-01,SALK,7
51,Dr. Juan Chercoff,1900-01-01,TRIPLE VIRAL,7
71,Villa Chiquita,1900-01-01,TRIPLE VIRAL,6
71,Villa Chiquita,1900-01-01,MENINGOCOC.,13
71,Villa Chiquita,1900-01-01,DPT,2
71,Villa Chiquita,1900-01-01,DPT (a),8
45,Dr. Saul Calmanash,1900-01-01,NEUMOCOCICA NO CONJUGADA,4
86,Paso Martinez,1900-01-01,NEUMOCOCICA CONJUGADA,1
86,Paso Martinez,1900-01-01,TRIPLE VIRAL,1
86,Paso Martinez,1900-01-01,HEPATITIS A,1
10000,Dr. Anibal Malvido,1900-01-01,HEPATITIS B,13
10000,Dr. Anibal Malvido,1900-01-01,PENTAVALENTE,25
10000,Dr. Anibal Malvido,1900-01-01,SABIN ORAL,21
10000,Dr. Anibal Malvido,1900-01-01,ANTI GRIPAL,36
10000,Dr. Anibal Malvido,1900-01-01,VARICELA,26
10000,Dr. Anibal Malvido,1900-01-01,MENINGOCOC.,33
10000,Dr. Anibal Malvido,1900-01-01,FIEBRE AMARILLA,1
10000,Dr. Anibal Malvido,1900-01-01,DPT (a),25
10000,Dr. Anibal Malvido,1900-01-01,DOBLE BACTERIANA,23
10000,Dr. Anibal Malvido,1900-01-01,HPV,36
91,Dr. Pedro Blugerman,1900-01-01,SALK,19
91,Dr. Pedro Blugerman,1900-01-01,NEUMOCOCICA CONJUGADA,21
91,Dr. Pedro Blugerman,1900-01-01,TRIPLE VIRAL,14
91,Dr. Pedro Blugerman,1900-01-01,MENINGOCOC.,9
91,Dr. Pedro Blugerman,1900-01-01,DOBLE BACTERIANA,9
91,Dr. Pedro Blugerman,1900-01-01,DOBLE VIRAL,13
127,Santa Catalina,1900-01-01,SALK,3
127,Santa Catalina,1900-01-01,ROTAVIRUS,1
70,Villa Garcia,1900-01-01,SALK,6
70,Villa Garcia,1900-01-01,ANTI GRIPAL,8
70,Villa Garcia,1900-01-01,FIEBRE AMARILLA,1
70,Villa Garcia,1900-01-01,DPT (a),7
34,Dr. Marcelino Vera,1900-01-01,FIEBRE AMARILLA,11
62,Pujol,1900-01-01,SALK,20
62,Pujol,1900-01-01,TRIPLE VIRAL,22
76,Dr. Romilio Monzón,1900-01-01,HEPATITIS B,9
76,Dr. Romilio Monzón,1900-01-01,VARICELA,9
76,Dr. Romilio Monzón,1900-01-01,MENINGOCOC.,18
76,Dr. Romilio Monzón,1900-01-01,DOBLE BACTERIANA,16
90,Sapucay,1900-01-01,SALK,10
90,Sapucay,1900-01-01,ANTI GRIPAL,6
38,Dr. JC Benitez Suarez,1900-01-01,SALK,1
38,Dr. JC Benitez Suarez,1900-01-01,PENTAVALENTE,1
38,Dr. JC Benitez Suarez,1900-01-01,MENINGOCOC.,2
38,Dr. JC Benitez Suarez,1900-01-01,DPT (a),1
54,Itati,1900-01-01,HEPATITIS B,16
54,Itati,1900-01-01,SALK,13
54,Itati,1900-01-01,ROTAVIRUS,7
54,Itati,1900-01-01,PENTAVALENTE,12
54,Itati,1900-01-01,ANTI GRIPAL,10
54,Itati,1900-01-01,FIEBRE AMARILLA,8
54,Itati,1900-01-01,DOBLE BACTERIANA,8
75,Dr. Mauricio Open,1900-01-01,PENTAVALENTE,4
75,Dr. Mauricio Open,1900-01-01,SABIN ORAL,4
75,Dr. Mauricio Open,1900-01-01,FIEBRE AMARILLA,1
10001,Dr. Korimblum,1900-01-01,HEPATITIS B,5
10001,Dr. Korimblum,1900-01-01,NEUMOCOCICA CONJUGADA,3
10001,Dr. Korimblum,1900-01-01,TRIPLE VIRAL,12
10001,Dr. Korimblum,1900-01-01,DPT (a),6
31,Dr. Elias Galvan,1900-01-01,DPT,1
73,San Marcos,1900-01-01,ANTI GRIPAL,1
73,San Marcos,1900-01-01,HPV,7
85,Santa Margarita,1900-01-01,HEPATITIS B,4
85,Santa Margarita,1900-01-01,ROTAVIRUS,18
85,Santa Margarita,1900-01-01,TRIPLE VIRAL,12
85,Santa Margarita,1900-01-01,FIEBRE AMARILLA,3
85,Santa Margarita,1900-01-01,DPT (a),6
32,Dr. Manuel Cassuso,1900-01-01,CAMPAÑA/22,39
32,Dr. Manuel Cassuso,1900-01-01,SALK,10
32,Dr. Manuel Cassuso,1900-01-01,ROTAVIRUS,6
32,Dr. Manuel Cassuso,1900-01-01,TRIPLE VIRAL,3
32,Dr. Manuel Cassuso,1900-01-01,DPT,2
32,Dr. Manuel Cassuso,1900-01-01,DPT (a),6
32,Dr. Manuel Cassuso,1900-01-01,DOBLE VIRAL,18
42,Dr. Santiago Lorenzo,1900-01-01,SALK,21
42,Dr. Santiago Lorenzo,1900-01-01,ROTAVIRUS,12
42,Dr. Santiago Lorenzo,1900-01-01,FIEBRE AMARILLA,16
42,Dr. Santiago Lorenzo,1900-01-01,DPT,2
42,Dr. Santiago Lorenzo,1900-01-01,HPV,10
46,Rio Parana,1900-01-01,SALK,57
46,Rio Parana,1900-01-01,PENTAVALENTE,8
46,Rio Parana,1900-01-01,NEUMOCOCICA CONJUGADA,10
46,Rio Parana,1900-01-01,TRIPLE VIRAL,54
46,Rio Parana,1900-01-01,ANTI GRIPAL,20
46,Rio Parana,1900-01-01,VARICELA,12
46,Rio Parana,1900-01-01,DPT,7
46,Rio Parana,1900-01-01,DPT (a),9
46,Rio Parana,1900-01-01,HPV,15
46,Rio Parana,1900-01-01,NEUMOCOCICA CONJUGADA,1
10002,Dr. Semper,1900-01-01,PENTAVALENTE,2
10002,Dr. Semper,1900-01-01,TRIPLE VIRAL,8
10002,Dr. Semper,1900-01-01,ANTI GRIPAL,2
10002,Dr. Semper,1900-01-01,FIEBRE AMARILLA,8
10002,Dr. Semper,1900-01-01,DOBLE BACTERIANA,19
88,Dr. Lifschitz,1900-01-01,HEPATITIS B,9
88,Dr. Lifschitz,1900-01-01,SALK,31
88,Dr. Lifschitz,1900-01-01,NEUMOCOCICA CONJUGADA,12
88,Dr. Lifschitz,1900-01-01,TRIPLE VIRAL,20
88,Dr. Lifschitz,1900-01-01,ANTI GRIPAL,17
88,Dr. Lifschitz,1900-01-01,VARICELA,5
88,Dr. Lifschitz,1900-01-01,MENINGOCOC.,6
88,Dr. Lifschitz,1900-01-01,DPT (a),2
88,Dr. Lifschitz,1900-01-01,DOBLE BACTERIANA,111
88,Dr. Lifschitz,1900-01-01,DOBLE VIRAL,10
88,Dr. Lifschitz,1900-01-01,HPV,14
37,Dr. Sussini,1900-01-01,SALK,30
37,Dr. Sussini,1900-01-01,NEUMOCOCICA CONJUGADA,16
37,Dr. Sussini,1900-01-01,TRIPLE VIRAL,17
37,Dr. Sussini,1900-01-01,FIEBRE AMARILLA,16
37,Dr. Sussini,1900-01-01,DPT,7
37,Dr. Sussini,1900-01-01,DPT (a),25
37,Dr. Sussini,1900-01-01,DOBLE BACTERIANA,49
37,Dr. Sussini,1900-01-01,NEUMOCOCICA NO CONJUGADA,2
79,Quinta Ferre,1900-01-01,HEPATITIS B,5
79,Quinta Ferre,1900-01-01,PENTAVALENTE,13
79,Quinta Ferre,1900-01-01,ANTI GRIPAL,6
79,Quinta Ferre,1900-01-01,DPT (a),10
41,Dr. Manuel Gonzalez,1900-01-01,SALK,14
41,Dr. Manuel Gonzalez,1900-01-01,TRIPLE VIRAL,7
41,Dr. Manuel Gonzalez,1900-01-01,HEPATITIS A,3
41,Dr. Manuel Gonzalez,1900-01-01,VARICELA,8
41,Dr. Manuel Gonzalez,1900-01-01,MENINGOCOC.,13
41,Dr. Manuel Gonzalez,1900-01-01,DPT (a),10
41,Dr. Manuel Gonzalez,1900-01-01,DOBLE BACTERIANA,9
41,Dr. Manuel Gonzalez,1900-01-01,HPV,15
41,Dr. Manuel Gonzalez,1900-01-01,NEUMOCOCICA NO CONJUGADA,4
89,Santa Marta,1900-01-01,ROTAVIRUS,9
89,Santa Marta,1900-01-01,NEUMOCOCICA CONJUGADA,10
89,Santa Marta,1900-01-01,VARICELA,13
89,Santa Marta,1900-01-01,MENINGOCOC.,8
89,Santa Marta,1900-01-01,NEUMOCOCICA NO CONJUGADA,23
49,Dr. Benjamin Serrano,1900-01-01,SALK,15
49,Dr. Benjamin Serrano,1900-01-01,PENTAVALENTE,1
49,Dr. Benjamin Serrano,1900-01-01,SABIN ORAL,14
49,Dr. Benjamin Serrano,1900-01-01,TRIPLE VIRAL,18
49,Dr. Benjamin Serrano,1900-01-01,ANTI GRIPAL,5
49,Dr. Benjamin Serrano,1900-01-01,VARICELA,9
10003,Guemes,1900-01-01,SALK,8
10003,Guemes,1900-01-01,ANTI GRIPAL,7
10003,Guemes,1900-01-01,DOBLE VIRAL,14
10003,Guemes,1900-01-01,NEUMOCOCICA NO CONJUGADA,4
36,Esperanza,1900-01-01,SALK,38
36,Esperanza,1900-01-01,TRIPLE VIRAL,35
36,Esperanza,1900-01-01,ANTI GRIPAL,4
36,Esperanza,1900-01-01,VARICELA,18
36,Esperanza,1900-01-01,DPT,2
82,Dr. Miguel Rossi Candia,1900-01-01,SALK,43
82,Dr. Miguel Rossi Candia,1900-01-01,ROTAVIRUS,12
82,Dr. Miguel Rossi Candia,1900-01-01,TRIPLE VIRAL,33
82,Dr. Miguel Rossi Candia,1900-01-01,VARICELA,26
82,Dr. Miguel Rossi Candia,1900-01-01,MENINGOCOC.,29
82,Dr. Miguel Rossi Candia,1900-01-01,DTA,33
82,Dr. Miguel Rossi Candia,1900-01-01,HPV,25
82,Dr. Miguel Rossi Candia,1900-01-01,GRIPE A,13
48,Dr. Jose de los Reyes Vidal,1900-01-01,HEPATITIS B,12
48,Dr. Jose de los Reyes Vidal,1900-01-01,SALK,19
48,Dr. Jose de los Reyes Vidal,1900-01-01,ROTAVIRUS,10
48,Dr. Jose de los Reyes Vidal,1900-01-01,PENTAVALENTE,15
48,Dr. Jose de los Reyes Vidal,1900-01-01,NEUMOCOCICA CONJUGADA,14
48,Dr. Jose de los Reyes Vidal,1900-01-01,TRIPLE VIRAL,12
48,Dr. Jose de los Reyes Vidal,1900-01-01,VARICELA,17
48,Dr. Jose de los Reyes Vidal,1900-01-01,MENINGOCOC.,13
48,Dr. Jose de los Reyes Vidal,1900-01-01,FIEBRE AMARILLA,12
48,Dr. Jose de los Reyes Vidal,1900-01-01,DPT (a),12
48,Dr. Jose de los Reyes Vidal,1900-01-01,HPV,15
71,Villa Chiquita,1900-01-01,DPT (a),10
71,Villa Chiquita,1900-01-01,HPV,9
58,Dr. Oscar Pirchi,1900-01-01,ROTAVIRUS,3
58,Dr. Oscar Pirchi,1900-01-01,ANTI GRIPAL,10
58,Dr. Oscar Pirchi,1900-01-01,DPT (a),16
58,Dr. Oscar Pirchi,1900-01-01,HPV,7
70,Villa Garcia,1900-01-01,HEPATITIS B,7
70,Villa Garcia,1900-01-01,DOBLE BACTERIANA,4
45,Dr. Saul Calmanash,1900-01-01,SALK,3
45,Dr. Saul Calmanash,1900-01-01,TRIPLE VIRAL,7
45,Dr. Saul Calmanash,1900-01-01,HEPATITIS A,2
45,Dr. Saul Calmanash,1900-01-01,MENINGOCOC.,4
32,Dr. Manuel Cassuso,1900-01-01,HEPATITIS B,18
32,Dr. Manuel Cassuso,1900-01-01,NEUMOCOCICA CONJUGADA,7
32,Dr. Manuel Cassuso,1900-01-01,ANTI GRIPAL,8
32,Dr. Manuel Cassuso,1900-01-01,MENINGOCOC.,25
32,Dr. Manuel Cassuso,1900-01-01,FIEBRE AMARILLA,35
32,Dr. Manuel Cassuso,1900-01-01,DOBLE BACTERIANA,24
32,Dr. Manuel Cassuso,1900-01-01,HPV,13
36,Esperanza,1900-01-01,SALK,21
36,Esperanza,1900-01-01,PENTAVALENTE,12
36,Esperanza,1900-01-01,VARICELA,7
36,Esperanza,1900-01-01,DPT (a),11
36,Esperanza,1900-01-01,DOBLE BACTERIANA,11
76,Dr. Romilio Monzón,1900-01-01,HEPATITIS B,12
76,Dr. Romilio Monzón,1900-01-01,PENTAVALENTE,8
76,Dr. Romilio Monzón,1900-01-01,NEUMOCOCICA CONJUGADA,8
76,Dr. Romilio Monzón,1900-01-01,TRIPLE VIRAL,13
76,Dr. Romilio Monzón,1900-01-01,HEPATITIS A,4
76,Dr. Romilio Monzón,1900-01-01,FIEBRE AMARILLA,6
76,Dr. Romilio Monzón,1900-01-01,DOBLE BACTERIANA,18
76,Dr. Romilio Monzón,1900-01-01,HPV,8
10001,Dr. Korimblum,1900-01-01,SALK,10
10001,Dr. Korimblum,1900-01-01,DPT (a),5
10001,Dr. Korimblum,1900-01-01,GRIPAL,4
54,Itati,1900-01-01,HEPATITIS B,10
54,Itati,1900-01-01,SALK,6
54,Itati,1900-01-01,DPT (a),8
54,Itati,1900-01-01,DOBLE BACTERIANA,7
91,Dr. Pedro Blugerman,1900-01-01,PENTAVALENTE,10
91,Dr. Pedro Blugerman,1900-01-01,TRIPLE VIRAL,3
91,Dr. Pedro Blugerman,1900-01-01,HEPATITIS A,1
91,Dr. Pedro Blugerman,1900-01-01,DPT (a),1
91,Dr. Pedro Blugerman,1900-01-01,NEUMOCOCICA NO CONJUGADA,4
10000,Dr. Anibal Malvido,1900-01-01,SALK,52
10000,Dr. Anibal Malvido,1900-01-01,ROTAVIRUS,14
10000,Dr. Anibal Malvido,1900-01-01,PENTAVALENTE,36
10000,Dr. Anibal Malvido,1900-01-01,MENINGOCOC.,38
10000,Dr. Anibal Malvido,1900-01-01,DPT,7
10000,Dr. Anibal Malvido,1900-01-01,DOBLE BACTERIANA,7
10000,Dr. Anibal Malvido,1900-01-01,HPV,21
41,Dr. Manuel Gonzalez,1900-01-01,SALK,8
41,Dr. Manuel Gonzalez,1900-01-01,NEUMOCOCICA CONJUGADA,8
41,Dr. Manuel Gonzalez,1900-01-01,TRIPLE VIRAL,6
41,Dr. Manuel Gonzalez,1900-01-01,VARICELA,4
86,Paso Martinez,1900-01-01,MENINGOCOC.,1
86,Paso Martinez,1900-01-01,HPV,1
34,Dr. Marcelino Vera,1900-01-01,MENINGOCOC.,1
34,Dr. Marcelino Vera,1900-01-01,FIEBRE AMARILLA,1
34,Dr. Marcelino Vera,1900-01-01,HPV,1
75,Dr. Mauricio Open,1900-01-01,HPV,1
62,Pujol,1900-01-01,HPV,6
79,Quinta Ferre,1900-01-01,PENTAVALENTE,9
79,Quinta Ferre,1900-01-01,ANTI GRIPAL,8
79,Quinta Ferre,1900-01-01,FIEBRE AMARILLA,2
79,Quinta Ferre,1900-01-01,DPT,3
79,Quinta Ferre,1900-01-01,HPV,6
48,Dr. Jose de los Reyes Vidal,1900-01-01,DPT (a),1
73,San Marcos,1900-01-01,DPT (a),10
85,Santa Margarita,1900-01-01,SALK,1
85,Santa Margarita,1900-01-01,ANTI GRIPAL,1
85,Santa Margarita,1900-01-01,DOBLE BACTERIANA,3
127,Santa Catalina,1900-01-01,DOBLE BACTERIANA,7
89,Santa Marta,1900-01-01,HEPATITIS B,14
89,Santa Marta,1900-01-01,SALK,6
89,Santa Marta,1900-01-01,MENINGOCOC.,15
89,Santa Marta,1900-01-01,DPT,2
89,Santa Marta,1900-01-01,DOBLE BACTERIANA,15
89,Santa Marta,1900-01-01,HPV,8
37,Dr. Sussini,1900-01-01,HEPATITIS A,7
37,Dr. Sussini,1900-01-01,SALK,34
37,Dr. Sussini,1900-01-01,PENTAVALENTE,26
37,Dr. Sussini,1900-01-01,NEUMOCOCICA CONJUGADA,19
37,Dr. Sussini,1900-01-01,TRIPLE VIRAL,16
37,Dr. Sussini,1900-01-01,ANTI GRIPAL,45
37,Dr. Sussini,1900-01-01,HEPATITIS B,27
37,Dr. Sussini,1900-01-01,VARICELA,7
37,Dr. Sussini,1900-01-01,FIEBRE AMARILLA,20
37,Dr. Sussini,1900-01-01,DPT,10
37,Dr. Sussini,1900-01-01,DOBLE VIRAL,69
37,Dr. Sussini,1900-01-01,HPV,30
42,Dr. Santiago Lorenzo,1900-01-01,HEPATITIS B,12
42,Dr. Santiago Lorenzo,1900-01-01,SALK,25
42,Dr. Santiago Lorenzo,1900-01-01,PENTAVALENTE,198
42,Dr. Santiago Lorenzo,1900-01-01,HEPATITIS A,1
42,Dr. Santiago Lorenzo,1900-01-01,MENINGOCOC.,16
42,Dr. Santiago Lorenzo,1900-01-01,DPT (a),12
42,Dr. Santiago Lorenzo,1900-01-01,DOBLE BACTERIANA,23
10002,Dr. Semper,1900-01-01,HEPATITIS B,4
10002,Dr. Semper,1900-01-01,DOBLE BACTERIANA,9
90,Sapucay,1900-01-01,PENTAVALENTE,8
90,Sapucay,1900-01-01,NEUMOCOCICA CONJUGADA,2
90,Sapucay,1900-01-01,DPT,5
90,Sapucay,1900-01-01,DOBLE BACTERIANA,11
49,Dr. Benjamin Serrano,1900-01-01,PENTAVALENTE,3
49,Dr. Benjamin Serrano,1900-01-01,NEUMOCOCICA CONJUGADA,6
49,Dr. Benjamin Serrano,1900-01-01,HEPATITIS A,5
49,Dr. Benjamin Serrano,1900-01-01,MENINGOCOC.,1
49,Dr. Benjamin Serrano,1900-01-01,HPV,3
38,Dr. JC Benitez Suarez,1900-01-01,SALK,2
10003,Guemes,1900-01-01,SALK,19
10003,Guemes,1900-01-01,PENTAVALENTE,10
10003,Guemes,1900-01-01,TRIPLE VIRAL,16
10003,Guemes,1900-01-01,FIEBRE AMARILLA,9
10003,Guemes,1900-01-01,DOBLE BACTERIANA,10
46,Rio Parana,1900-01-01,SALK,22
46,Rio Parana,1900-01-01,ANTI GRIPAL,9
46,Rio Parana,1900-01-01,MENINGOCOC.,10
88,Dr. Lifschitz,1900-01-01,HEPATITIS B,11
88,Dr. Lifschitz,1900-01-01,PENTAVALENTE,9
88,Dr. Lifschitz,1900-01-01,ANTI GRIPAL,5
88,Dr. Lifschitz,1900-01-01,MENINGOCOC.,4
88,Dr. Lifschitz,1900-01-01,DPT (a),8
88,Dr. Lifschitz,1900-01-01,DOBLE BACTERIANA,9
82,Dr. Miguel Rossi Candia,1900-01-01,HEPATITIS B,15
82,Dr. Miguel Rossi Candia,1900-01-01,HEPATITIS A,1
82,Dr. Miguel Rossi Candia,1900-01-01,VARICELA,13
82,Dr. Miguel Rossi Candia,1900-01-01,MENINGOCOC.,30
82,Dr. Miguel Rossi Candia,1900-01-01,FIEBRE AMARILLA,3
82,Dr. Miguel Rossi Candia,1900-01-01,HPV,23
82,Dr. Miguel Rossi Candia,1900-01-01,GRIPE A,12
31,Dr. Elias Galvan,1900-01-01,ROTAVIRUS,3
31,Dr. Elias Galvan,1900-01-01,PENTAVALENTE,6
31,Dr. Elias Galvan,1900-01-01,NEUMOCOCICA CONJUGADA,4
31,Dr. Elias Galvan,1900-01-01,ANTI GRIPAL,4
31,Dr. Elias Galvan,1900-01-01,MENINGOCOC.,6
31,Dr. Elias Galvan,1900-01-01,FIEBRE AMARILLA,1
31,Dr. Elias Galvan,1900-01-01,DPT (a),4
58,Dr. Oscar Pirchi,1900-01-01,NEUMOCOCICA CONJUGADA,8
58,Dr. Oscar Pirchi,1900-01-01,ANTI GRIPAL,8
58,Dr. Oscar Pirchi,1900-01-01,DOBLE BACTERIANA,19
62,Pujol,1900-01-01,DPT (a),6
36,Esperanza,1900-01-01,ANTI GRIPAL,5
36,Esperanza,1900-01-01,MENINGOCOC.,14
36,Esperanza,1900-01-01,DPT (a),2
36,Esperanza,1900-01-01,HPV,2
32,Dr. Manuel Cassuso,1900-01-01,ANTI GRIPAL,5
32,Dr. Manuel Cassuso,1900-01-01,MENINGOCOC.,8
32,Dr. Manuel Cassuso,1900-01-01,DOBLE BACTERIANA,2
32,Dr. Manuel Cassuso,1900-01-01,HPV,3
70,Villa Garcia,1900-01-01,HEPATITIS A,2
70,Villa Garcia,1900-01-01,VARICELA,7
10000,Dr. Anibal Malvido,1900-01-01,HEPATITIS B,6
10000,Dr. Anibal Malvido,1900-01-01,SALK,30
10000,Dr. Anibal Malvido,1900-01-01,NEUMOCOCICA CONJUGADA,15
10000,Dr. Anibal Malvido,1900-01-01,SABIN ORAL,30
10000,Dr. Anibal Malvido,1900-01-01,TRIPLE VIRAL,19
10000,Dr. Anibal Malvido,1900-01-01,HEPATITIS A,10
10000,Dr. Anibal Malvido,1900-01-01,MENINGOCOC.,29
10000,Dr. Anibal Malvido,1900-01-01,FIEBRE AMARILLA,13
10000,Dr. Anibal Malvido,1900-01-01,DPT,11
10000,Dr. Anibal Malvido,1900-01-01,DPT (a),16
10000,Dr. Anibal Malvido,1900-01-01,DOBLE BACTERIANA,16
127,Santa Catalina,1900-01-01,HEPATITIS B,10
127,Santa Catalina,1900-01-01,ROTAVIRUS,5
31,Dr. Elias Galvan,1900-01-01,SALK,2
31,Dr. Elias Galvan,1900-01-01,PENTAVALENTE,3
42,Dr. Santiago Lorenzo,1900-01-01,SALK,20
42,Dr. Santiago Lorenzo,1900-01-01,ROTAVIRUS,6
42,Dr. Santiago Lorenzo,1900-01-01,HEPATITIS A,10
42,Dr. Santiago Lorenzo,1900-01-01,DPT (a),9
42,Dr. Santiago Lorenzo,1900-01-01,DOBLE BACTERIANA,11
71,Villa Chiquita,1900-01-01,SALK,1
71,Villa Chiquita,1900-01-01,PENTAVALENTE,2
71,Villa Chiquita,1900-01-01,DOBLE BACTERIANA,7
71,Villa Chiquita,1900-01-01,DOBLE VIRAL,3
71,Villa Chiquita,1900-01-01,NEUMOCOCICA NO CONJUGADA,3
91,Dr. Pedro Blugerman,1900-01-01,PENTAVALENTE,21
91,Dr. Pedro Blugerman,1900-01-01,NEUMOCOCICA CONJUGADA,25
91,Dr. Pedro Blugerman,1900-01-01,DPT (a),15
91,Dr. Pedro Blugerman,1900-01-01,DOBLE VIRAL,12
10003,Guemes,1900-01-01,HEPATITIS B,8
10003,Guemes,1900-01-01,MENINGOCOC.,5
10003,Guemes,1900-01-01,DPT (a),4
10003,Guemes,1900-01-01,DOBLE BACTERIANA,11
10003,Guemes,1900-01-01,HPV,8
41,Dr. Manuel Gonzalez,1900-01-01,DPT (a),5
41,Dr. Manuel Gonzalez,1900-01-01,DOBLE BACTERIANA,1
41,Dr. Manuel Gonzalez,1900-01-01,HPV,5
90,Sapucay,1900-01-01,SALK,1
90,Sapucay,1900-01-01,PENTAVALENTE,3
90,Sapucay,1900-01-01,FIEBRE AMARILLA,5
54,Itati,1900-01-01,SALK,7
54,Itati,1900-01-01,MENINGOCOC.,3
10001,Dr. Korimblum,1900-01-01,SALK,3
10001,Dr. Korimblum,1900-01-01,DOBLE VIRAL,1
46,Rio Parana,1900-01-01,SALK,9
46,Rio Parana,1900-01-01,ROTAVIRUS,2
46,Rio Parana,1900-01-01,PENTAVALENTE,6
46,Rio Parana,1900-01-01,NEUMOCOCICA CONJUGADA,7
46,Rio Parana,1900-01-01,ANTI GRIPAL,6
37,Dr. Sussini,1900-01-01,SALK,22
37,Dr. Sussini,1900-01-01,NEUMOCOCICA CONJUGADA,20
37,Dr. Sussini,1900-01-01,ANTI GRIPAL,16
37,Dr. Sussini,1900-01-01,HEPATITIS B,21
37,Dr. Sussini,1900-01-01,MENINGOCOC.,24
37,Dr. Sussini,1900-01-01,FIEBRE AMARILLA,14
37,Dr. Sussini,1900-01-01,DPT (a),15
37,Dr. Sussini,1900-01-01,DOBLE VIRAL,45
48,Dr. Jose de los Reyes Vidal,1900-01-01,HEPATITIS B,20
48,Dr. Jose de los Reyes Vidal,1900-01-01,FIEBRE AMARILLA,5
48,Dr. Jose de los Reyes Vidal,1900-01-01,DPT,19
79,Quinta Ferre,1900-01-01,SALK,10
79,Quinta Ferre,1900-01-01,PENTAVALENTE,11
79,Quinta Ferre,1900-01-01,TRIPLE VIRAL,3
79,Quinta Ferre,1900-01-01,VARICELA,4
79,Quinta Ferre,1900-01-01,FIEBRE AMARILLA,10
75,Dr. Mauricio Open,1900-01-01,HEPATITIS B,1
75,Dr. Mauricio Open,1900-01-01,VARICELA,7
75,Dr. Mauricio Open,1900-01-01,HPV,5
58,Dr. Oscar Pirchi,1900-01-01,DOBLE BACTERIANA,13
58,Dr. Oscar Pirchi,1900-01-01,HPV,5
49,Dr. Benjamin Serrano,1900-01-01,NEUMOCOCICA CONJUGADA,3
49,Dr. Benjamin Serrano,1900-01-01,DPT (a),6
89,Santa Marta,1900-01-01,SALK,14
89,Santa Marta,1900-01-01,PENTAVALENTE,15
89,Santa Marta,1900-01-01,VARICELA,5
89,Santa Marta,1900-01-01,FIEBRE AMARILLA,7
82,Dr. Miguel Rossi Candia,1900-01-01,HEPATITIS B,11
82,Dr. Miguel Rossi Candia,1900-01-01,GRIPE,17
82,Dr. Miguel Rossi Candia,1900-01-01,DTA,28
10002,Dr. Semper,1900-01-01,DPT (a),2
10002,Dr. Semper,1900-01-01,DOBLE BACTERIANA,1
51,Dr. Juan Chercoff,1900-01-01,DPT (a),3
51,Dr. Juan Chercoff,1900-01-01,HPV,3
45,Dr. Saul Calmanash,1900-01-01,SALK,7
45,Dr. Saul Calmanash,1900-01-01,ROTAVIRUS,6
45,Dr. Saul Calmanash,1900-01-01,PENTAVALENTE,7
45,Dr. Saul Calmanash,1900-01-01,NEUMOCOCICA CONJUGADA,6
45,Dr. Saul Calmanash,1900-01-01,DPT (a),14
34,Dr. Marcelino Vera,1900-01-01,DOBLE ADULTO ,3
54,Itati,1900-01-01,ANTI GRIPAL,1
54,Itati,1900-01-01,MENINGOCOC.,7
54,Itati,1900-01-01,DOBLE BACTERIANA,3
36,Esperanza,1900-01-01,MENINGOCOC.,22
36,Esperanza,1900-01-01,HPV,15
32,Dr. Manuel Cassuso,1900-01-01,NEUMOCOCICA CONJUGADA,11
32,Dr. Manuel Cassuso,1900-01-01,ANTI GRIPAL,3
32,Dr. Manuel Cassuso,1900-01-01,VARICELA,13
32,Dr. Manuel Cassuso,1900-01-01,FIEBRE AMARILLA,18
10002,Dr. Semper,1900-01-01,DOBLE BACTERIANA,18
76,Dr. Romilio Monzón,1900-01-01,PENTAVALENTE,7
76,Dr. Romilio Monzón,1900-01-01,NEUMOCOCICA CONJUGADA,5
76,Dr. Romilio Monzón,1900-01-01,TRIPLE VIRAL,7
76,Dr. Romilio Monzón,1900-01-01,MENINGOCOC.,11
76,Dr. Romilio Monzón,1900-01-01,DOBLE BACTERIANA,13
76,Dr. Romilio Monzón,1900-01-01,HPV,15
127,Santa Catalina,1900-01-01,TRIPLE VIRAL,8
127,Santa Catalina,1900-01-01,VARICELA,8
127,Santa Catalina,1900-01-01,FIEBRE AMARILLA,14
49,Dr. Benjamin Serrano,1900-01-01,HEPATITIS B,6
49,Dr. Benjamin Serrano,1900-01-01,TRIPLE VIRAL,5
49,Dr. Benjamin Serrano,1900-01-01,MENINGOCOC.,2
49,Dr. Benjamin Serrano,1900-01-01,DPT (a),11
49,Dr. Benjamin Serrano,1900-01-01,HPV,4
10000,Dr. Anibal Malvido,1900-01-01,PENTAVALENTE,27
10000,Dr. Anibal Malvido,1900-01-01,TRIPLE VIRAL,26
10000,Dr. Anibal Malvido,1900-01-01,HEPATITIS A,13
10000,Dr. Anibal Malvido,1900-01-01,VARICELA,21
10000,Dr. Anibal Malvido,1900-01-01,FIEBRE AMARILLA,19
10000,Dr. Anibal Malvido,1900-01-01,DPT,20
48,Dr. Jose de los Reyes Vidal,1900-01-01,HEPATITIS B,18
48,Dr. Jose de los Reyes Vidal,1900-01-01,SALK,13
48,Dr. Jose de los Reyes Vidal,1900-01-01,PENTAVALENTE,9
48,Dr. Jose de los Reyes Vidal,1900-01-01,NEUMOCOCICA CONJUGADA,5
48,Dr. Jose de los Reyes Vidal,1900-01-01,TRIPLE VIRAL,6
48,Dr. Jose de los Reyes Vidal,1900-01-01,VARICELA,8
48,Dr. Jose de los Reyes Vidal,1900-01-01,FIEBRE AMARILLA,13
48,Dr. Jose de los Reyes Vidal,1900-01-01,DPT (a),6
79,Quinta Ferre,1900-01-01,SALK,12
79,Quinta Ferre,1900-01-01,MENINGOCOC.,19
79,Quinta Ferre,1900-01-01,FIEBRE AMARILLA,15
79,Quinta Ferre,1900-01-01,DPT,14
79,Quinta Ferre,1900-01-01,DPT (a),22
42,Dr. Santiago Lorenzo,1900-01-01,SALK,37
42,Dr. Santiago Lorenzo,1900-01-01,PENTAVALENTE,16
42,Dr. Santiago Lorenzo,1900-01-01,NEUMOCOCICA CONJUGADA,14
42,Dr. Santiago Lorenzo,1900-01-01,TRIPLE VIRAL,32
42,Dr. Santiago Lorenzo,1900-01-01,ANTI GRIPAL,6
42,Dr. Santiago Lorenzo,1900-01-01,HEPATITIS A,5
42,Dr. Santiago Lorenzo,1900-01-01,DPT,14
42,Dr. Santiago Lorenzo,1900-01-01,DOBLE BACTERIANA,10
42,Dr. Santiago Lorenzo,1900-01-01,HPV,7
10001,Dr. Korimblum,1900-01-01,BCG,7
10001,Dr. Korimblum,1900-01-01,SALK,4
10001,Dr. Korimblum,1900-01-01,DOBLE BACTERIANA,5
10001,Dr. Korimblum,1900-01-01,DOBLE VIRAL,2
10001,Dr. Korimblum,1900-01-01,NEUMOCOCICA NO CONJUGADA,2
90,Sapucay,1900-01-01,SALK,5
90,Sapucay,1900-01-01,DOBLE BACTERIANA,7
41,Dr. Manuel Gonzalez,1900-01-01,SALK,9
41,Dr. Manuel Gonzalez,1900-01-01,TRIPLE VIRAL,9
41,Dr. Manuel Gonzalez,1900-01-01,ANTI GRIPAL,5
41,Dr. Manuel Gonzalez,1900-01-01,MENINGOCOC.,8
41,Dr. Manuel Gonzalez,1900-01-01,DPT,5
41,Dr. Manuel Gonzalez,1900-01-01,DPT (a),8
41,Dr. Manuel Gonzalez,1900-01-01,DOBLE VIRAL,3
41,Dr. Manuel Gonzalez,1900-01-01,HPV,9
51,Dr. Juan Chercoff,1900-01-01,DPT,2
91,Dr. Pedro Blugerman,1900-01-01,SA,6
91,Dr. Pedro Blugerman,1900-01-01,PENTAVALENTE,6
91,Dr. Pedro Blugerman,1900-01-01,TRIPLE VIRAL,2
91,Dr. Pedro Blugerman,1900-01-01,DPT,1
45,Dr. Saul Calmanash,1900-01-01,DOBLE BACTERIANA,7
45,Dr. Saul Calmanash,1900-01-01,HPV,13
89,Santa Marta,1900-01-01,HEPATITIS B,4
89,Santa Marta,1900-01-01,SALK,15
89,Santa Marta,1900-01-01,PENTAVALENTE,14
89,Santa Marta,1900-01-01,NEUMOCOCICA CONJUGADA,7
89,Santa Marta,1900-01-01,ANTI GRIPAL,9
89,Santa Marta,1900-01-01,MENINGOCOC.,21
89,Santa Marta,1900-01-01,DPT (a),12
89,Santa Marta,1900-01-01,DOBLE BACTERIANA,7
89,Santa Marta,1900-01-01,HPV,12
70,Villa Garcia,1900-01-01,HEPATITIS B,8
70,Villa Garcia,1900-01-01,SALK,9
70,Villa Garcia,1900-01-01,ROTAVIRUS,6
70,Villa Garcia,1900-01-01,SABIN ORAL,9
70,Villa Garcia,1900-01-01,TRIPLE VIRAL,6
70,Villa Garcia,1900-01-01,ANTI GRIPAL,4
70,Villa Garcia,1900-01-01,VARICELA,10
70,Villa Garcia,1900-01-01,FIEBRE AMARILLA,38
70,Villa Garcia,1900-01-01,DPT,4
10003,Guemes,1900-01-01,TRIPLE VIRAL,10
10003,Guemes,1900-01-01,VARICELA,11
10003,Guemes,1900-01-01,MENINGOCOC.,13
10003,Guemes,1900-01-01,FIEBRE AMARILLA,14
10003,Guemes,1900-01-01,DOBLE BACTERIANA,8
46,Rio Parana,1900-01-01,HEPATITIS B,4
46,Rio Parana,1900-01-01,ANTI GRIPAL,4
46,Rio Parana,1900-01-01,MENINGOCOC.,12
46,Rio Parana,1900-01-01,DOBLE BACTERIANA,9
88,Dr. Lifschitz,1900-01-01,HEPATITIS B,3
88,Dr. Lifschitz,1900-01-01,TRIPLE VIRAL,11
88,Dr. Lifschitz,1900-01-01,VARICELA,3
88,Dr. Lifschitz,1900-01-01,DOBLE BACTERIANA,3
88,Dr. Lifschitz,1900-01-01,HPV,6
88,Dr. Lifschitz,1900-01-01,MENINGOCOC.,3
31,Dr. Elias Galvan,1900-01-01,TRIPLE VIRAL,5
37,Dr. Sussini,1900-01-01,SALK,17
37,Dr. Sussini,1900-01-01,ROTAVIRUS,5
37,Dr. Sussini,1900-01-01,PENTAVALENTE,20
37,Dr. Sussini,1900-01-01,HEPATITIS B,17
37,Dr. Sussini,1900-01-01,VARICELA,6
37,Dr. Sussini,1900-01-01,MENINGOCOC.,23
37,Dr. Sussini,1900-01-01,DPT (a),23
73,San Marcos,1900-01-01,HEPATITIS B,7
73,San Marcos,1900-01-01,SALK,6
73,San Marcos,1900-01-01,ANTI GRIPAL,2
73,San Marcos,1900-01-01,MENINGOCOC.,8
73,San Marcos,1900-01-01,DOBLE BACTERIANA,9
82,Dr. Miguel Rossi Candia,1900-01-01,TRIPLE VIRAL,19
82,Dr. Miguel Rossi Candia,1900-01-01,GRIPE,1
58,Dr. Oscar Pirchi,1900-01-01,NEUMOCOCICA CONJUGADA,5
58,Dr. Oscar Pirchi,1900-01-01,VARICELA,9
58,Dr. Oscar Pirchi,1900-01-01,MENINGOCOC.,7
76,Dr. Romilio Monzón,1900-01-01,SALK,17
76,Dr. Romilio Monzón,1900-01-01,TRIPLE VIRAL,8
76,Dr. Romilio Monzón,1900-01-01,ANTI GRIPAL,6
76,Dr. Romilio Monzón,1900-01-01,FIEBRE AMARILLA,11
76,Dr. Romilio Monzón,1900-01-01,DPT,7
76,Dr. Romilio Monzón,1900-01-01,DPT (a),5
34,Dr. Marcelino Vera,1900-01-01,SALK,8
34,Dr. Marcelino Vera,1900-01-01,HEPATITIS A,3
34,Dr. Marcelino Vera,1900-01-01,VARICELA,7
34,Dr. Marcelino Vera,1900-01-01,DOBLE ADULTO ,5
71,Villa Chiquita,1900-01-01,ANTI GRIPAL,10
71,Villa Chiquita,1900-01-01,HPV,8
91,Dr. Pedro Blugerman,1900-01-01,SALK,20
91,Dr. Pedro Blugerman,1900-01-01,ROTAVIRUS,12
91,Dr. Pedro Blugerman,1900-01-01,NEUMOCOCICA CONJUGADA,6
91,Dr. Pedro Blugerman,1900-01-01,VARICELA,1
91,Dr. Pedro Blugerman,1900-01-01,MENINGOCOC.,16
76,Dr. Romilio Monzón,1900-01-01,HEPATITIS B,23
76,Dr. Romilio Monzón,1900-01-01,SALK,27
76,Dr. Romilio Monzón,1900-01-01,ROTAVIRUS,8
76,Dr. Romilio Monzón,1900-01-01,PENTAVALENTE,24
76,Dr. Romilio Monzón,1900-01-01,NEUMOCOCICA CONJUGADA,19
76,Dr. Romilio Monzón,1900-01-01,TRIPLE VIRAL,22
76,Dr. Romilio Monzón,1900-01-01,HEPATITIS A,10
76,Dr. Romilio Monzón,1900-01-01,VARICELA,24
76,Dr. Romilio Monzón,1900-01-01,MENINGOCOC.,25
76,Dr. Romilio Monzón,1900-01-01,FIEBRE AMARILLA,10
76,Dr. Romilio Monzón,1900-01-01,DPT,12
76,Dr. Romilio Monzón,1900-01-01,DPT (a),17
76,Dr. Romilio Monzón,1900-01-01,DOBLE BACTERIANA,34
36,Esperanza,1900-01-01,HEPATITIS B,9
36,Esperanza,1900-01-01,SALK,29
36,Esperanza,1900-01-01,ROTAVIRUS,10
36,Esperanza,1900-01-01,HEPATITIS A,1
36,Esperanza,1900-01-01,VARICELA,36
36,Esperanza,1900-01-01,MENINGOCOC.,29
36,Esperanza,1900-01-01,FIEBRE AMARILLA,15
36,Esperanza,1900-01-01,DTA,13
32,Dr. Manuel Cassuso,1900-01-01,PENTAVALENTE,17
32,Dr. Manuel Cassuso,1900-01-01,NEUMOCOCICA CONJUGADA,13
32,Dr. Manuel Cassuso,1900-01-01,TRIPLE VIRAL,26
32,Dr. Manuel Cassuso,1900-01-01,VARICELA,45
32,Dr. Manuel Cassuso,1900-01-01,MENINGOCOC.,39
32,Dr. Manuel Cassuso,1900-01-01,FIEBRE AMARILLA,40
32,Dr. Manuel Cassuso,1900-01-01,DPT,14
32,Dr. Manuel Cassuso,1900-01-01,DPT (a),25
32,Dr. Manuel Cassuso,1900-01-01,DOBLE BACTERIANA,26
32,Dr. Manuel Cassuso,1900-01-01,HPV,29
31,Dr. Elias Galvan,1900-01-01,SALK,13
31,Dr. Elias Galvan,1900-01-01,PENTAVALENTE,10
31,Dr. Elias Galvan,1900-01-01,NEUMOCOCICA CONJUGADA,10
31,Dr. Elias Galvan,1900-01-01,TRIPLE VIRAL,12
31,Dr. Elias Galvan,1900-01-01,HEPATITIS A,6
31,Dr. Elias Galvan,1900-01-01,VARICELA,5
31,Dr. Elias Galvan,1900-01-01,MENINGOCOC.,14
31,Dr. Elias Galvan,1900-01-01,FIEBRE AMARILLA,5
31,Dr. Elias Galvan,1900-01-01,DPT,6
31,Dr. Elias Galvan,1900-01-01,DPT (a),10
31,Dr. Elias Galvan,1900-01-01,HPV,11
10003,Guemes,1900-01-01,SALK,15
10003,Guemes,1900-01-01,VARICELA,12
10003,Guemes,1900-01-01,DPT,7
10003,Guemes,1900-01-01,HPV,15
62,Pujol,1900-01-01,SALK,13
62,Pujol,1900-01-01,ROTAVIRUS,4
62,Pujol,1900-01-01,PENTAVALENTE,13
62,Pujol,1900-01-01,TRIPLE VIRAL,6
62,Pujol,1900-01-01,FIEBRE AMARILLA,8
62,Pujol,1900-01-01,DOBLE BACTERIANA,7
54,Itati,1900-01-01,HEPATITIS A,4
54,Itati,1900-01-01,VARICELA,11
54,Itati,1900-01-01,DPT,13
54,Itati,1900-01-01,NEUMOCOCICA NO CONJUGADA,8
41,Dr. Manuel Gonzalez,1900-01-01,SALK,19
41,Dr. Manuel Gonzalez,1900-01-01,ROTAVIRUS,7
41,Dr. Manuel Gonzalez,1900-01-01,PENTAVALENTE,17
41,Dr. Manuel Gonzalez,1900-01-01,NEUMOCOCICA CONJUGADA,12
41,Dr. Manuel Gonzalez,1900-01-01,TRIPLE VIRAL,12
41,Dr. Manuel Gonzalez,1900-01-01,ANTI GRIPAL,21
41,Dr. Manuel Gonzalez,1900-01-01,VARICELA,15
41,Dr. Manuel Gonzalez,1900-01-01,DPT,6
41,Dr. Manuel Gonzalez,1900-01-01,HPV,12
70,Villa Garcia,1900-01-01,SALK,14
70,Villa Garcia,1900-01-01,ROTAVIRUS,4
70,Villa Garcia,1900-01-01,TRIPLE VIRAL,10
70,Villa Garcia,1900-01-01,VARICELA,9
70,Villa Garcia,1900-01-01,FIEBRE AMARILLA,37
70,Villa Garcia,1900-01-01,DPT,6
70,Villa Garcia,1900-01-01,HPV,14
42,Dr. Santiago Lorenzo,1900-01-01,NEUMOCOCICA CONJUGADA,8
42,Dr. Santiago Lorenzo,1900-01-01,MENINGOCOC.,19
42,Dr. Santiago Lorenzo,1900-01-01,DOBLE BACTERIANA,24
37,Dr. Sussini,1900-01-01,HEPATITIS B,46
37,Dr. Sussini,1900-01-01,SALK,45
37,Dr. Sussini,1900-01-01,TRIPLE VIRAL,44
37,Dr. Sussini,1900-01-01,HEPATITIS A,16
37,Dr. Sussini,1900-01-01,VARICELA,21
37,Dr. Sussini,1900-01-01,MENINGOCOC.,50
37,Dr. Sussini,1900-01-01,DPT,30
37,Dr. Sussini,1900-01-01,DPT (a),33
37,Dr. Sussini,1900-01-01,DOBLE VIRAL,115
37,Dr. Sussini,1900-01-01,HPV,57
79,Quinta Ferre,1900-01-01,HEPATITIS B,22
79,Quinta Ferre,1900-01-01,SALK,27
79,Quinta Ferre,1900-01-01,NEUMOCOCICA CONJUGADA,13
79,Quinta Ferre,1900-01-01,TRIPLE VIRAL,18
79,Quinta Ferre,1900-01-01,VARICELA,24
79,Quinta Ferre,1900-01-01,MENINGOCOC.,26
79,Quinta Ferre,1900-01-01,FIEBRE AMARILLA,20
79,Quinta Ferre,1900-01-01,DPT,23
79,Quinta Ferre,1900-01-01,DPT (a),18
79,Quinta Ferre,1900-01-01,DOBLE BACTERIANA,14
79,Quinta Ferre,1900-01-01,HPV,20
75,Dr. Mauricio Open,1900-01-01,DPT,5
75,Dr. Mauricio Open,1900-01-01,DOBLE BACTERIANA,16
10000,Dr. Anibal Malvido,1900-01-01,HEPATITIS B,30
10000,Dr. Anibal Malvido,1900-01-01,SALK,50
10000,Dr. Anibal Malvido,1900-01-01,PENTAVALENTE,50
10000,Dr. Anibal Malvido,1900-01-01,NEUMOCOCICA CONJUGADA,20
10000,Dr. Anibal Malvido,1900-01-01,MENINGOCOC.,30
10000,Dr. Anibal Malvido,1900-01-01,FIEBRE AMARILLA,20
10000,Dr. Anibal Malvido,1900-01-01,DPT,30
10000,Dr. Anibal Malvido,1900-01-01,DPT (a),30
10000,Dr. Anibal Malvido,1900-01-01,HPV,30
46,Rio Parana,1900-01-01,ROTAVIRUS,1
46,Rio Parana,1900-01-01,ANTI GRIPAL,13
46,Rio Parana,1900-01-01,HEPATITIS A,9
46,Rio Parana,1900-01-01,VARICELA,16
46,Rio Parana,1900-01-01,HPV,22
49,Dr. Benjamin Serrano,1900-01-01,SALK,18
49,Dr. Benjamin Serrano,1900-01-01,TRIPLE VIRAL,11
49,Dr. Benjamin Serrano,1900-01-01,VARICELA,20
49,Dr. Benjamin Serrano,1900-01-01,MENINGOCOC.,13
49,Dr. Benjamin Serrano,1900-01-01,DOBLE BACTERIANA,10
49,Dr. Benjamin Serrano,1900-01-01,HPV,18
45,Dr. Saul Calmanash,1900-01-01,ANTI GRIPAL,19
45,Dr. Saul Calmanash,1900-01-01,HEPATITIS A,4
45,Dr. Saul Calmanash,1900-01-01,MENINGOCOC.,20
45,Dr. Saul Calmanash,1900-01-01,FIEBRE AMARILLA,17
45,Dr. Saul Calmanash,1900-01-01,DPT (a),27
45,Dr. Saul Calmanash,1900-01-01,HPV,19
58,Dr. Oscar Pirchi,1900-01-01,SALK,17
58,Dr. Oscar Pirchi,1900-01-01,TRIPLE VIRAL,19
58,Dr. Oscar Pirchi,1900-01-01,ANTI GRIPAL,23
82,Dr. Miguel Rossi Candia,1900-01-01,SALK,30
82,Dr. Miguel Rossi Candia,1900-01-01,PENTAVALENTE,28
82,Dr. Miguel Rossi Candia,1900-01-01,NEUMOCOCICA CONJUGADA,12
82,Dr. Miguel Rossi Candia,1900-01-01,VARICELA,21
82,Dr. Miguel Rossi Candia,1900-01-01,FIEBRE AMARILLA,5
82,Dr. Miguel Rossi Candia,1900-01-01,DPT,8
82,Dr. Miguel Rossi Candia,1900-01-01,DTA,32
10001,Dr. Korimblum,1900-01-01,HEPATITIS A,3
10001,Dr. Korimblum,1900-01-01,HEPATITIS B,10
10001,Dr. Korimblum,1900-01-01,VARICELA,6
10001,Dr. Korimblum,1900-01-01,FIEBRE AMARILLA,10
10001,Dr. Korimblum,1900-01-01,DPT (a),19
10001,Dr. Korimblum,1900-01-01,TRIPLE VIRAL,7
10001,Dr. Korimblum,1900-01-01,HPV,9
89,Santa Marta,1900-01-01,HEPATITIS B,16
89,Santa Marta,1900-01-01,SALK,22
89,Santa Marta,1900-01-01,PENTAVALENTE,17
89,Santa Marta,1900-01-01,TRIPLE VIRAL,14
89,Santa Marta,1900-01-01,ANTI GRIPAL,15
89,Santa Marta,1900-01-01,VARICELA,21
89,Santa Marta,1900-01-01,FIEBRE AMARILLA,8
89,Santa Marta,1900-01-01,DPT,9
89,Santa Marta,1900-01-01,DOBLE BACTERIANA,21
89,Santa Marta,1900-01-01,HPV,15
73,San Marcos,1900-01-01,PENTAVALENTE,12
73,San Marcos,1900-01-01,ANTI GRIPAL,14
73,San Marcos,1900-01-01,HEPATITIS A,6
73,San Marcos,1900-01-01,VARICELA,9
73,San Marcos,1900-01-01,DOBLE BACTERIANA,15
73,San Marcos,1900-01-01,HPV,8
88,Dr. Lifschitz,1900-01-01,ROTAVIRUS,7
88,Dr. Lifschitz,1900-01-01,PENTAVALENTE,17
88,Dr. Lifschitz,1900-01-01,SABIN ORAL,2
88,Dr. Lifschitz,1900-01-01,TRIPLE VIRAL,9
88,Dr. Lifschitz,1900-01-01,VARICELA,14
88,Dr. Lifschitz,1900-01-01,MENINGOCOC.,11
88,Dr. Lifschitz,1900-01-01,DPT,4
48,Dr. Jose de los Reyes Vidal,1900-01-01,SALK,14
48,Dr. Jose de los Reyes Vidal,1900-01-01,n/a,-1
48,Dr. Jose de los Reyes Vidal,1900-01-01,ANTI GRIPAL,34
48,Dr. Jose de los Reyes Vidal,1900-01-01,HEPATITIS A,3
48,Dr. Jose de los Reyes Vidal,1900-01-01,VARICELA,21
48,Dr. Jose de los Reyes Vidal,1900-01-01,FIEBRE AMARILLA,10
48,Dr. Jose de los Reyes Vidal,1900-01-01,DOBLE BACTERIANA,15
48,Dr. Jose de los Reyes Vidal,1900-01-01,NEUMO 23,2
76,Dr. Romilio Monzón,1900-01-01,ANTI GRIPAL,62
76,Dr. Romilio Monzón,1900-01-01,MENINGOCOC.,12
76,Dr. Romilio Monzón,1900-01-01,FIEBRE AMARILLA,8
31,Dr. Elias Galvan,1900-01-01,SALK,4
31,Dr. Elias Galvan,1900-01-01,ANTI GRIPAL,24
31,Dr. Elias Galvan,1900-01-01,MENINGOCOC.,8
31,Dr. Elias Galvan,1900-01-01,DPT (a),5
31,Dr. Elias Galvan,1900-01-01,HPV,4
34,Dr. Marcelino Vera,1900-01-01,ANTI GRIPAL,22
34,Dr. Marcelino Vera,1900-01-01,DOBLE ADULTO ,1
71,Villa Chiquita,1900-01-01,SALK,9
71,Villa Chiquita,1900-01-01,ANTI GRIPAL,25
71,Villa Chiquita,1900-01-01,MENINGOCOC.,9
71,Villa Chiquita,1900-01-01,FIEBRE AMARILLA,7
71,Villa Chiquita,1900-01-01,DPT,8
71,Villa Chiquita,1900-01-01,DOBLE BACTERIANA,4
36,Esperanza,1900-01-01,HEPATITIS B,12
36,Esperanza,1900-01-01,SALK,26
36,Esperanza,1900-01-01,PENTAVALENTE,23
36,Esperanza,1900-01-01,ANTI GRIPAL,44
36,Esperanza,1900-01-01,HEPATITIS A,2
36,Esperanza,1900-01-01,VARICELA,26
36,Esperanza,1900-01-01,DPT (a),4
36,Esperanza,1900-01-01,HPV,12
46,Rio Parana,1900-01-01,HEPATITIS B,6
46,Rio Parana,1900-01-01,SALK,14
46,Rio Parana,1900-01-01,ANTI GRIPAL,36
46,Rio Parana,1900-01-01,VARICELA,14
46,Rio Parana,1900-01-01,FIEBRE AMARILLA,17
46,Rio Parana,1900-01-01,NEUMOCOCICA CONJUGADA,2
54,Itati,1900-01-01,ROTAVIRUS,6
54,Itati,1900-01-01,NEUMOCOCICA CONJUGADA,11
54,Itati,1900-01-01,ANTI GRIPAL,51
54,Itati,1900-01-01,VARICELA,7
54,Itati,1900-01-01,NEUMOCOCICA NO CONJUGADA,3
42,Dr. Santiago Lorenzo,1900-01-01,SALK,9
42,Dr. Santiago Lorenzo,1900-01-01,NEUMOCOCICA CONJUGADA,9
42,Dr. Santiago Lorenzo,1900-01-01,ANTI GRIPAL,35
42,Dr. Santiago Lorenzo,1900-01-01,ANTI GRIPAL,1
42,Dr. Santiago Lorenzo,1900-01-01,VARICELA,2
42,Dr. Santiago Lorenzo,1900-01-01,MENINGOCOC.,9
32,Dr. Manuel Cassuso,1900-01-01,DOBLE BACTERIANA,11
32,Dr. Manuel Cassuso,1900-01-01,HPV,15
32,Dr. Manuel Cassuso,1900-01-01,NEUMOCOCICA NO CONJUGADA,6
85,Santa Margarita,1900-01-01,ANTI GRIPAL,25
62,Pujol,1900-01-01,ANTI GRIPAL,38
62,Pujol,1900-01-01,VARICELA,5
62,Pujol,1900-01-01,MENINGOCOC.,9
62,Pujol,1900-01-01,DPT (a),7
62,Pujol,1900-01-01,HPV,9
62,Pujol,1900-01-01,NEUMOCOCICA NO CONJUGADA,2
91,Dr. Pedro Blugerman,1900-01-01,SALK,14
91,Dr. Pedro Blugerman,1900-01-01,DPT,10
70,Villa Garcia,1900-01-01,ANTI GRIPAL,16
70,Villa Garcia,1900-01-01,MENINGOCOC.,8
70,Villa Garcia,1900-01-01,FIEBRE AMARILLA,11
70,Villa Garcia,1900-01-01,HPV,12
10000,Dr. Anibal Malvido,1900-01-01,HEPATITIS B,15
10000,Dr. Anibal Malvido,1900-01-01,TRIPLE VIRAL,40
10000,Dr. Anibal Malvido,1900-01-01,ANTI GRIPAL,45
10000,Dr. Anibal Malvido,1900-01-01,HEPATITIS A,15
10000,Dr. Anibal Malvido,1900-01-01,FIEBRE AMARILLA,30
10000,Dr. Anibal Malvido,1900-01-01,DPT,15
10000,Dr. Anibal Malvido,1900-01-01,DOBLE BACTERIANA,20
10000,Dr. Anibal Malvido,1900-01-01,NEUMOCOCICA NO CONJUGADA,20
37,Dr. Sussini,1900-01-01,BCG,42
37,Dr. Sussini,1900-01-01,SALK,68
37,Dr. Sussini,1900-01-01,ROTAVIRUS,30
37,Dr. Sussini,1900-01-01,NEUMOCOCICA CONJUGADA,50
37,Dr. Sussini,1900-01-01,TRIPLE VIRAL,47
37,Dr. Sussini,1900-01-01,ANTI GRIPAL,89
37,Dr. Sussini,1900-01-01,HEPATITIS A,20
37,Dr. Sussini,1900-01-01,MENINGOCOC.,74
37,Dr. Sussini,1900-01-01,DPT,27
37,Dr. Sussini,1900-01-01,DPT (a),58
37,Dr. Sussini,1900-01-01,DOBLE VIRAL,104
37,Dr. Sussini,1900-01-01,HPV,70
10003,Guemes,1900-01-01,NEUMOCOCICA CONJUGADA,9
10003,Guemes,1900-01-01,ANTI GRIPAL,8
10003,Guemes,1900-01-01,VARICELA,13
10003,Guemes,1900-01-01,MENINGOCOC.,18
10003,Guemes,1900-01-01,DOBLE BACTERIANA,16
41,Dr. Manuel Gonzalez,1900-01-01,SALK,13
41,Dr. Manuel Gonzalez,1900-01-01,NEUMOCOCICA CONJUGADA,9
41,Dr. Manuel Gonzalez,1900-01-01,ANTI GRIPAL,31
41,Dr. Manuel Gonzalez,1900-01-01,MENINGOCOC.,11
10001,Dr. Korimblum,1900-01-01,NEUMO23,11
10001,Dr. Korimblum,1900-01-01,DOBLE ADULTO,5
10001,Dr. Korimblum,1900-01-01,FLUVIA,9
75,Dr. Mauricio Open,1900-01-01,ANTI GRIPAL,11
75,Dr. Mauricio Open,1900-01-01,FIEBRE AMARILLA,3
75,Dr. Mauricio Open,1900-01-01,DOBLE BACTERIANA,18
45,Dr. Saul Calmanash,1900-01-01,SALK,6
45,Dr. Saul Calmanash,1900-01-01,ROTAVIRUS,5
45,Dr. Saul Calmanash,1900-01-01,TRIPLE VIRAL,5
45,Dr. Saul Calmanash,1900-01-01,ANTI GRIPAL,12
45,Dr. Saul Calmanash,1900-01-01,FIEBRE AMARILLA,40
45,Dr. Saul Calmanash,1900-01-01,DPT (a),9
51,Dr. Juan Chercoff,1900-01-01,ANTI GRIPAL,47
86,Paso Martinez,1900-01-01,ANTI GRIPAL,9
79,Quinta Ferre,1900-01-01,HEPATITIS B,13
79,Quinta Ferre,1900-01-01,ROTAVIRUS,1
79,Quinta Ferre,1900-01-01,NEUMOCOCICA CONJUGADA,3
79,Quinta Ferre,1900-01-01,MENINGOCOC.,18
79,Quinta Ferre,1900-01-01,HPV,18
88,Dr. Lifschitz,1900-01-01,ANTI GRIPAL,19
88,Dr. Lifschitz,1900-01-01,DPT (a),1
49,Dr. Benjamin Serrano,1900-01-01,HEPATITIS A,27
49,Dr. Benjamin Serrano,1900-01-01,DPT (a),7
49,Dr. Benjamin Serrano,1900-01-01,HPV,5
49,Dr. Benjamin Serrano,1900-01-01,NEUMOCOCICA NO CONJUGADA,2
38,Dr. JC Benitez Suarez,1900-01-01,ROTAVIRUS,2
38,Dr. JC Benitez Suarez,1900-01-01,ANTI GRIPAL,8
90,Sapucay,1900-01-01,SALK,2
90,Sapucay,1900-01-01,PENTAVALENTE,1
90,Sapucay,1900-01-01,TRIPLE VIRAL,1
90,Sapucay,1900-01-01,ANTI GRIPAL,29
90,Sapucay,1900-01-01,VARICELA,11
90,Sapucay,1900-01-01,MENINGOCOC.,2
90,Sapucay,1900-01-01,FIEBRE AMARILLA,6
90,Sapucay,1900-01-01,DPT (a),7
90,Sapucay,1900-01-01,HPV,9
89,Santa Marta,1900-01-01,HEPATITIS B,12
89,Santa Marta,1900-01-01,PENTAVALENTE,13
89,Santa Marta,1900-01-01,NEUMOCOCICA CONJUGADA,11
89,Santa Marta,1900-01-01,ANTI GRIPAL,38
89,Santa Marta,1900-01-01,VARICELA,12
89,Santa Marta,1900-01-01,DOBLE VIRAL,11
82,Dr. Miguel Rossi Candia,1900-01-01,HEPATITIS B,1
82,Dr. Miguel Rossi Candia,1900-01-01,SALK,28
82,Dr. Miguel Rossi Candia,1900-01-01,ROTAVIRUS,16
82,Dr. Miguel Rossi Candia,1900-01-01,GRIPE,9
82,Dr. Miguel Rossi Candia,1900-01-01,MENINGOCOC.,8
82,Dr. Miguel Rossi Candia,1900-01-01,DTA,22
82,Dr. Miguel Rossi Candia,1900-01-01,GRIPE A,25
58,Dr. Oscar Pirchi,1900-01-01,PENTAVALENTE,9
58,Dr. Oscar Pirchi,1900-01-01,ANTI GRIPAL,30
58,Dr. Oscar Pirchi,1900-01-01,DOBLE BACTERIANA,23
73,San Marcos,1900-01-01,ANTI GRIPAL,27
73,San Marcos,1900-01-01,FIEBRE AMARILLA,3
70,Villa Garcia,1900-01-01,TRIPLE VIRAL,8
70,Villa Garcia,1900-01-01,ANTI GRIPAL,19
70,Villa Garcia,1900-01-01,MENINGOCOC.,9
70,Villa Garcia,1900-01-01,HPV,9
54,Itati,1900-01-01,SALK,8
54,Itati,1900-01-01,PENTAVALENTE,5
54,Itati,1900-01-01,NEUMOCOCICA CONJUGADA,12
54,Itati,1900-01-01,TRIPLE VIRAL,8
54,Itati,1900-01-01,HEPATITIS A,6
54,Itati,1900-01-01,MENINGOCOC.,9
54,Itati,1900-01-01,FIEBRE AMARILLA,5
85,Santa Margarita,1900-01-01,ANTI GRIPAL,20
85,Santa Margarita,1900-01-01,MENINGOCOC.,6
46,Rio Parana,1900-01-01,SALK,12
46,Rio Parana,1900-01-01,ANTI GRIPAL,49
46,Rio Parana,1900-01-01,HEPATITIS A,7
46,Rio Parana,1900-01-01,VARICELA,18
46,Rio Parana,1900-01-01,MENINGOCOC.,20
46,Rio Parana,1900-01-01,NEUMOCOCICA NO CONJUGADA,3
37,Dr. Sussini,1900-01-01,HEPATITIS B,29
37,Dr. Sussini,1900-01-01,TRIPLE VIRAL,21
37,Dr. Sussini,1900-01-01,ANTI GRIPAL,120
37,Dr. Sussini,1900-01-01,DOBLE VIRAL,49
37,Dr. Sussini,1900-01-01,NEUMOCOCICA NO CONJUGADA,25
32,Dr. Manuel Cassuso,1900-01-01,DPT (a),10
32,Dr. Manuel Cassuso,1900-01-01,DOBLE BACTERIANA,10
32,Dr. Manuel Cassuso,1900-01-01,HPV,14
10000,Dr. Anibal Malvido,1900-01-01,TRIPLE VIRAL,25
10000,Dr. Anibal Malvido,1900-01-01,ANTI GRIPAL,87
10000,Dr. Anibal Malvido,1900-01-01,VARICELA,34
10000,Dr. Anibal Malvido,1900-01-01,FIEBRE AMARILLA,15
10000,Dr. Anibal Malvido,1900-01-01,DPT,12
10000,Dr. Anibal Malvido,1900-01-01,DOBLE BACTERIANA,19
10000,Dr. Anibal Malvido,1900-01-01,NEUMOCOCICA NO CONJUGADA,5
76,Dr. Romilio Monzón,1900-01-01,SALK,14
76,Dr. Romilio Monzón,1900-01-01,ANTI GRIPAL,90
76,Dr. Romilio Monzón,1900-01-01,VARICELA,10
76,Dr. Romilio Monzón,1900-01-01,DOBLE BACTERIANA,4
76,Dr. Romilio Monzón,1900-01-01,NEUMOCOCICA NO CONJUGADA,6
49,Dr. Benjamin Serrano,1900-01-01,PENTAVALENTE,7
49,Dr. Benjamin Serrano,1900-01-01,TRIPLE VIRAL,9
49,Dr. Benjamin Serrano,1900-01-01,ANTI GRIPAL,4
49,Dr. Benjamin Serrano,1900-01-01,VARICELA,11
49,Dr. Benjamin Serrano,1900-01-01,MENINGOCOC.,14
49,Dr. Benjamin Serrano,1900-01-01,DPT,7
34,Dr. Marcelino Vera,1900-01-01,HEPATITIS B,3
34,Dr. Marcelino Vera,1900-01-01,ANTI GRIPAL,77
34,Dr. Marcelino Vera,1900-01-01,DPT (a),5
34,Dr. Marcelino Vera,1900-01-01,DOBLE ADULTO,2
71,Villa Chiquita,1900-01-01,TRIPLE VIRAL,9
71,Villa Chiquita,1900-01-01,ANTI GRIPAL,34
51,Dr. Juan Chercoff,1900-01-01,ANTI GRIPAL,25
73,San Marcos,1900-01-01,ANTI GRIPAL,43
73,San Marcos,1900-01-01,VARICELA,10
73,San Marcos,1900-01-01,MENINGOCOC.,12
10001,Dr. Korimblum,1900-01-01,NEUMO23,2
10001,Dr. Korimblum,1900-01-01,HEPATITIS B,17
10001,Dr. Korimblum,1900-01-01,ANTI GRIPAL,22
10001,Dr. Korimblum,1900-01-01,DPT (a),18
79,Quinta Ferre,1900-01-01,SALK,22
79,Quinta Ferre,1900-01-01,ROTAVIRUS,10
79,Quinta Ferre,1900-01-01,PENTAVALENTE,19
79,Quinta Ferre,1900-01-01,NEUMOCOCICA CONJUGADA,18
79,Quinta Ferre,1900-01-01,ANTI GRIPAL,40
79,Quinta Ferre,1900-01-01,DPT (a),13
79,Quinta Ferre,1900-01-01,HPV,14
79,Quinta Ferre,1900-01-01,NEUMOCOCICA NO CONJUGADA,8
10003,Guemes,1900-01-01,NEUMOCOCICA NO CONJUGADA,6
91,Dr. Pedro Blugerman,1900-01-01,SALK,5
91,Dr. Pedro Blugerman,1900-01-01,PENTAVALENTE,3
91,Dr. Pedro Blugerman,1900-01-01,SABIN ORAL,4
45,Dr. Saul Calmanash,1900-01-01,ANTI GRIPAL,30
45,Dr. Saul Calmanash,1900-01-01,HEPATITIS A,6
62,Pujol,1900-01-01,HEPATITIS B,3
62,Pujol,1900-01-01,SALK,5
62,Pujol,1900-01-01,ANTI GRIPAL,36
62,Pujol,1900-01-01,FIEBRE AMARILLA,1
62,Pujol,1900-01-01,DOBLE BACTERIANA,9
75,Dr. Mauricio Open,1900-01-01,HEPATITIS B,15
48,Dr. Jose de los Reyes Vidal,1900-01-01,ROTAVIRUS,2
48,Dr. Jose de los Reyes Vidal,1900-01-01,ANTI GRIPAL,21
48,Dr. Jose de los Reyes Vidal,1900-01-01,FIEBRE AMARILLA,4
48,Dr. Jose de los Reyes Vidal,1900-01-01,NEUMOCOCICA NO CONJUGADA,9
31,Dr. Elias Galvan,1900-01-01,NEUMOCOCICA CONJUGADA,6
31,Dr. Elias Galvan,1900-01-01,ANTI GRIPAL,15
31,Dr. Elias Galvan,1900-01-01,HPV,5
42,Dr. Santiago Lorenzo,1900-01-01,NEUMOCOCICA CONJUGADA,10
42,Dr. Santiago Lorenzo,1900-01-01,ANTI GRIPAL,19
42,Dr. Santiago Lorenzo,1900-01-01,FIEBRE AMARILLA,4
89,Santa Marta,1900-01-01,HEPATITIS B,20
89,Santa Marta,1900-01-01,SALK,7
89,Santa Marta,1900-01-01,MENINGOCOC.,14
41,Dr. Manuel Gonzalez,1900-01-01,PENTAVALENTE,7
41,Dr. Manuel Gonzalez,1900-01-01,ANTI GRIPAL,35
10002,Dr. Semper,1900-01-01,ANTI GRIPAL,21
10002,Dr. Semper,1900-01-01,DOBLE BACTERIANA,6
10002,Dr. Semper,1900-01-01,HPV,3
82,Dr. Miguel Rossi Candia,1900-01-01,HEPATITIS B,6
82,Dr. Miguel Rossi Candia,1900-01-01,SALK,24
82,Dr. Miguel Rossi Candia,1900-01-01,GRIPE,29
82,Dr. Miguel Rossi Candia,1900-01-01,MENINGOCOC.,25
82,Dr. Miguel Rossi Candia,1900-01-01,HPV,21
82,Dr. Miguel Rossi Candia,1900-01-01,GRIPE A ,62
58,Dr. Oscar Pirchi,1900-01-01,ANTI GRIPAL,34
58,Dr. Oscar Pirchi,1900-01-01,NEUMOCOCICA NO CONJUGADA,6
38,Dr. JC Benitez Suarez,1900-01-01,ANTI GRIPAL,3
90,Sapucay,1900-01-01,NEUMOCOCICA CONJUGADA,12
90,Sapucay,1900-01-01,ANTI GRIPAL,73
90,Sapucay,1900-01-01,MENINGOCOC.,3
90,Sapucay,1900-01-01,NEUMOCOCICA NO CONJUGADA,10
90,Sapucay,1900-01-01,NEUMOCOCICA CONJUGADA,9
90,Sapucay,1900-01-01,SABIN ORAL,-1
90,Sapucay,1900-01-01,FIEBRE AMARILLA,-1
89,Santa Marta,1900-01-01,HEPATITIS B,7
89,Santa Marta,1900-01-01,NEUMOCOCICA CONJUGADA,21
89,Santa Marta,1900-01-01,ANTI GRIPAL,47
89,Santa Marta,1900-01-01,VARICELA,11
89,Santa Marta,1900-01-01,MENINGOCOC.,11
89,Santa Marta,1900-01-01,FIEBRE AMARILLA,5
89,Santa Marta,1900-01-01,NEUMOCOCICA NO CONJUGADA,2
79,Quinta Ferre,1900-01-01,HEPATITIS B,17
79,Quinta Ferre,1900-01-01,ANTI GRIPAL,30
73,San Marcos,1900-01-01,VARICELA,8
73,San Marcos,1900-01-01,NEUMOCOCICA CONJUGADA,2
70,Villa Garcia,1900-01-01,DPT (a),1
70,Villa Garcia,1900-01-01,DOBLE BACTERIANA,10
70,Villa Garcia,1900-01-01,NEUMOCOCICA NO CONJUGADA,7
91,Dr. Pedro Blugerman,1900-01-01,HEPATITIS B,10
91,Dr. Pedro Blugerman,1900-01-01,SALK,8
91,Dr. Pedro Blugerman,1900-01-01,VARICELA,6
91,Dr. Pedro Blugerman,1900-01-01,DOBLE VIRAL,6
91,Dr. Pedro Blugerman,1900-01-01,NEUMOCOCICA NO CONJUGADA,10
32,Dr. Manuel Cassuso,1900-01-01,MENINGOCOC.,6
34,Dr. Marcelino Vera,1900-01-01,ANTI GRIPAL,31
34,Dr. Marcelino Vera,1900-01-01,DOBLE ADULTO,1
86,Paso Martinez,1900-01-01,ANTI GRIPAL,2
46,Rio Parana,1900-01-01,VARICELA,13
46,Rio Parana,1900-01-01,FIEBRE AMARILLA,14
46,Rio Parana,1900-01-01,NEUMOCOCICA NO CONJUGADA,4
85,Santa Margarita,1900-01-01,HEPATITIS B,2
85,Santa Margarita,1900-01-01,PENTAVALENTE,5
45,Dr. Saul Calmanash,1900-01-01,ANTI GRIPAL,26
48,Dr. Jose de los Reyes Vidal,1900-01-01,TRIPLE VIRAL,4
48,Dr. Jose de los Reyes Vidal,1900-01-01,ANTI GRIPAL,16
48,Dr. Jose de los Reyes Vidal,1900-01-01,NEUMOCOCICA NO CONJUGADA,23
76,Dr. Romilio Monzón,1900-01-01,B,2
76,Dr. Romilio Monzón,1900-01-01,ANTI GRIPAL,57
42,Dr. Santiago Lorenzo,1900-01-01,SALK,14
42,Dr. Santiago Lorenzo,1900-01-01,PENTAVALENTE,13
42,Dr. Santiago Lorenzo,1900-01-01,TRIPLE VIRAL,9
42,Dr. Santiago Lorenzo,1900-01-01,MENINGOCOC.,11
42,Dr. Santiago Lorenzo,1900-01-01,DPT (a),6
31,Dr. Elias Galvan,1900-01-01,SALK,15
31,Dr. Elias Galvan,1900-01-01,PENTAVALENTE,9
31,Dr. Elias Galvan,1900-01-01,NEUMOCOCICA CONJUGADA,7
31,Dr. Elias Galvan,1900-01-01,TRIPLE VIRAL,7
31,Dr. Elias Galvan,1900-01-01,ANTI GRIPAL,21
31,Dr. Elias Galvan,1900-01-01,VARICELA,4
31,Dr. Elias Galvan,1900-01-01,DPT (a),3
49,Dr. Benjamin Serrano,1900-01-01,SALK,5
49,Dr. Benjamin Serrano,1900-01-01,ANTI GRIPAL,21
75,Dr. Mauricio Open,1900-01-01,ANTI GRIPAL,18
75,Dr. Mauricio Open,1900-01-01,DOBLE BACTERIANA,4
41,Dr. Manuel Gonzalez,1900-01-01,ROTAVIRUS,5
41,Dr. Manuel Gonzalez,1900-01-01,NEUMOCOCICA CONJUGADA,11
41,Dr. Manuel Gonzalez,1900-01-01,SABIN ORAL,9
41,Dr. Manuel Gonzalez,1900-01-01,ANTI GRIPAL,19
54,Itati,1900-01-01,ANTI GRIPAL,25
54,Itati,1900-01-01,MENINGOCOC.,13
10003,Guemes,1900-01-01,TRIPLE VIRAL,7
10003,Guemes,1900-01-01,ANTI GRIPAL,22
10003,Guemes,1900-01-01,VARICELA,7
10003,Guemes,1900-01-01,DPT,1
10003,Guemes,1900-01-01,DOBLE BACTERIANA,9
10003,Guemes,1900-01-01,HPV,4
62,Pujol,1900-01-01,ROTAVIRUS,5
62,Pujol,1900-01-01,PENTAVALENTE,7
10002,Dr. Semper,1900-01-01,ANTI GRIPAL,11
10002,Dr. Semper,1900-01-01,DOBLE BACTERIANA,11
36,Esperanza,1900-01-01,ROTAVIRUS,12
36,Esperanza,1900-01-01,PENTAVALENTE,16
36,Esperanza,1900-01-01,ANTI GRIPAL,56
36,Esperanza,1900-01-01,VARICELA,17
36,Esperanza,1900-01-01,DPT (a),7
36,Esperanza,1900-01-01,DOBLE VIRAL,5
10000,Dr. Anibal Malvido,1900-01-01,NEUMOCOCICA CONJUGADA,13
10000,Dr. Anibal Malvido,1900-01-01,TRIPLE VIRAL,13
10000,Dr. Anibal Malvido,1900-01-01,ANTI GRIPAL,65
10000,Dr. Anibal Malvido,1900-01-01,VARICELA,25
10000,Dr. Anibal Malvido,1900-01-01,FIEBRE AMARILLA,26
10000,Dr. Anibal Malvido,1900-01-01,DPT (a),22
10000,Dr. Anibal Malvido,1900-01-01,HPV,29
37,Dr. Sussini,1900-01-01,NEUMOCOCICA CONJUGADA,25
37,Dr. Sussini,1900-01-01,ANTI GRIPAL,57
37,Dr. Sussini,1900-01-01,HEPATITIS B,15
37,Dr. Sussini,1900-01-01,VARICELA,11
37,Dr. Sussini,1900-01-01,MENINGOCOC.,37
37,Dr. Sussini,1900-01-01,DPT (a),19
37,Dr. Sussini,1900-01-01,DOBLE VIRAL,27
37,Dr. Sussini,1900-01-01,NEUMOCOCICA NO CONJUGADA,12
88,Dr. Lifschitz,1900-01-01,HEPATITIS B,13
88,Dr. Lifschitz,1900-01-01,SABIN ORAL,8
88,Dr. Lifschitz,1900-01-01,HEPATITIS A,13
88,Dr. Lifschitz,1900-01-01,DPT,9
88,Dr. Lifschitz,1900-01-01,DOBLE BACTERIANA,13
88,Dr. Lifschitz,1900-01-01,DOBLE VIRAL,7
88,Dr. Lifschitz,1900-01-01,HPV,9
58,Dr. Oscar Pirchi,1900-01-01,DPT (a),15
58,Dr. Oscar Pirchi,1900-01-01,NEUMOCOCICA NO CONJUGADA,1
82,Dr. Miguel Rossi Candia,1900-01-01,HEPATITIS B,14
82,Dr. Miguel Rossi Candia,1900-01-01,NEUMOCOCICA CONJUGADA,27
82,Dr. Miguel Rossi Candia,1900-01-01,TRIPLE VIRAL,13
82,Dr. Miguel Rossi Candia,1900-01-01,ANTI GRIPAL,15
82,Dr. Miguel Rossi Candia,1900-01-01,HEPATITIS A,11
82,Dr. Miguel Rossi Candia,1900-01-01,FIEBRE AMARILLA,26
82,Dr. Miguel Rossi Candia,1900-01-01,DOBLE BACTERIANA,11
82,Dr. Miguel Rossi Candia,1900-01-01,HPV,14
82,Dr. Miguel Rossi Candia,1900-01-01,GRIPE A,41
76,Dr. Romilio Monzón,1900-01-01,SALK,12
76,Dr. Romilio Monzón,1900-01-01,ROTAVIRUS,9
76,Dr. Romilio Monzón,1900-01-01,NEUMOCOCICA CONJUGADA,14
76,Dr. Romilio Monzón,1900-01-01,TRIPLE VIRAL,12
76,Dr. Romilio Monzón,1900-01-01,ANTI GRIPAL,51
76,Dr. Romilio Monzón,1900-01-01,VARICELA,12
32,Dr. Manuel Cassuso,1900-01-01,ANTI GRIPAL,10
45,Dr. Saul Calmanash,1900-01-01,SALK,1
45,Dr. Saul Calmanash,1900-01-01,ANTI GRIPAL,20
45,Dr. Saul Calmanash,1900-01-01,DPT (a),11
45,Dr. Saul Calmanash,1900-01-01,HPV,6
10001,Dr. Korimblum,1900-01-01,BCG,4
10001,Dr. Korimblum,1900-01-01,PENTAVALENTE,3
10001,Dr. Korimblum,1900-01-01,DOBLE ADULTO,3
54,Itati,1900-01-01,PENTAVALENTE,13
54,Itati,1900-01-01,TRIPLE VIRAL,6
54,Itati,1900-01-01,HPV,2
75,Dr. Mauricio Open,1900-01-01,ROTAVIRUS,2
75,Dr. Mauricio Open,1900-01-01,NEUMOCOCICA CONJUGADA,5
34,Dr. Marcelino Vera,1900-01-01,SALK,5
34,Dr. Marcelino Vera,1900-01-01,ANTI GRIPAL,12
41,Dr. Manuel Gonzalez,1900-01-01,SALK,10
41,Dr. Manuel Gonzalez,1900-01-01,PENTAVALENTE,9
41,Dr. Manuel Gonzalez,1900-01-01,NEUMOCOCICA CONJUGADA,15
41,Dr. Manuel Gonzalez,1900-01-01,ANTI GRIPAL,12
62,Pujol,1900-01-01,ANTI GRIPAL,9
10003,Guemes,1900-01-01,SALK,11
10003,Guemes,1900-01-01,PENTAVALENTE,12
10003,Guemes,1900-01-01,ANTI GRIPAL,29
10003,Guemes,1900-01-01,DOBLE BACTERIANA,6
10000,Dr. Anibal Malvido,1900-01-01,HEPATITIS B,9
10000,Dr. Anibal Malvido,1900-01-01,SALK,23
10000,Dr. Anibal Malvido,1900-01-01,ROTAVIRUS,11
10000,Dr. Anibal Malvido,1900-01-01,TRIPLE VIRAL,15
10000,Dr. Anibal Malvido,1900-01-01,ANTI GRIPAL,51
10000,Dr. Anibal Malvido,1900-01-01,VARICELA,17
10000,Dr. Anibal Malvido,1900-01-01,FIEBRE AMARILLA,11
10000,Dr. Anibal Malvido,1900-01-01,DPT (a),23
10000,Dr. Anibal Malvido,1900-01-01,HPV,16
48,Dr. Jose de los Reyes Vidal,1900-01-01,NEUMOCOCICA CONJUGADA,6
48,Dr. Jose de los Reyes Vidal,1900-01-01,ANTI GRIPAL,14
73,San Marcos,1900-01-01,ANTI GRIPAL,22
73,San Marcos,1900-01-01,DPT (a),1
89,Santa Marta,1900-01-01,SALK,9
89,Santa Marta,1900-01-01,TRIPLE VIRAL,10
42,Dr. Santiago Lorenzo,1900-01-01,ROTAVIRUS,14
42,Dr. Santiago Lorenzo,1900-01-01,NEUMOCOCICA CONJUGADA,20
42,Dr. Santiago Lorenzo,1900-01-01,TRIPLE VIRAL,11
42,Dr. Santiago Lorenzo,1900-01-01,ANTI GRIPAL,14
42,Dr. Santiago Lorenzo,1900-01-01,MENINGOCOC.,20
42,Dr. Santiago Lorenzo,1900-01-01,DPT (a),7
49,Dr. Benjamin Serrano,1900-01-01,ANTI GRIPAL,16
49,Dr. Benjamin Serrano,1900-01-01,DPT (a),5
70,Villa Garcia,1900-01-01,SALK,1
46,Rio Parana,1900-01-01,NEUMOCOCICA CONJUGADA,8
46,Rio Parana,1900-01-01,ANTI GRIPAL,42
88,Dr. Lifschitz,1900-01-01,SALK,6
88,Dr. Lifschitz,1900-01-01,ANTI GRIPAL,8
88,Dr. Lifschitz,1900-01-01,DPT,2
36,Esperanza,1900-01-01,SALK,14
36,Esperanza,1900-01-01,ANTI GRIPAL,19
36,Esperanza,1900-01-01,VARICELA,6
36,Esperanza,1900-01-01,FIEBRE AMARILLA,7
36,Esperanza,1900-01-01,HPV,5
82,Dr. Miguel Rossi Candia,1900-01-01,HEPATITIS B,4
82,Dr. Miguel Rossi Candia,1900-01-01,NEUMOCOCICA CONJUGADA,26
82,Dr. Miguel Rossi Candia,1900-01-01,TRIPLE VIRAL,11
82,Dr. Miguel Rossi Candia,1900-01-01, GRIPE,12
82,Dr. Miguel Rossi Candia,1900-01-01,HEPATITIS A,9
82,Dr. Miguel Rossi Candia,1900-01-01,HPV,7
82,Dr. Miguel Rossi Candia,1900-01-01,GRIPE A,19
58,Dr. Oscar Pirchi,1900-01-01,PENTAVALENTE,16
58,Dr. Oscar Pirchi,1900-01-01,ANTI GRIPAL,31
88,Dr. Lifschitz,1900-01-01,SALK,9
88,Dr. Lifschitz,1900-01-01,ANTI GRIPAL,15
36,Esperanza,1900-01-01,SALK,9
36,Esperanza,1900-01-01,HEPATITIS A,8
36,Esperanza,1900-01-01,FIEBRE AMARILLA,10
36,Esperanza,1900-01-01,DOBLE VIRAL,9
32,Dr. Manuel Cassuso,1900-01-01,HEPATITIS A,1
32,Dr. Manuel Cassuso,1900-01-01,MENINGOCOC.,14
32,Dr. Manuel Cassuso,1900-01-01,DOBLE BACTERIANA,9
32,Dr. Manuel Cassuso,1900-01-01,HPV,10
75,Dr. Mauricio Open,1900-01-01,ANTI GRIPAL,9
75,Dr. Mauricio Open,1900-01-01,VARICELA,5
75,Dr. Mauricio Open,1900-01-01,MENINGOCOC.,16
76,Dr. Romilio Monzón,1900-01-01,ANTI GRIPAL,34
76,Dr. Romilio Monzón,1900-01-01,VARICELA,16
76,Dr. Romilio Monzón,1900-01-01,MENINGOCOC.,17
31,Dr. Elias Galvan,1900-01-01,SALK,8
90,Sapucay,1900-01-01,ANTI GRIPAL,26
10003,Guemes,1900-01-01,HEPATITIS B,6
10000,Dr. Anibal Malvido,1900-01-01,HEPATITIS B,14
10000,Dr. Anibal Malvido,1900-01-01,SALK,24
10000,Dr. Anibal Malvido,1900-01-01,PENTAVALENTE,22
10000,Dr. Anibal Malvido,1900-01-01,ANTI GRIPAL,20
10000,Dr. Anibal Malvido,1900-01-01,VARICELA,16
10000,Dr. Anibal Malvido,1900-01-01,MENINGOCOC.,15
10000,Dr. Anibal Malvido,1900-01-01,HPV,20
46,Rio Parana,1900-01-01,TRIPLE VIRAL,4
46,Rio Parana,1900-01-01,ANTI GRIPAL,32
46,Rio Parana,1900-01-01,VARICELA,7
46,Rio Parana,1900-01-01,FIEBRE AMARILLA,26
62,Pujol,1900-01-01,PENTAVALENTE,11
62,Pujol,1900-01-01,ANTI GRIPAL,18
42,Dr. Santiago Lorenzo,1900-01-01,ANTI GRIPAL,13
88,Dr. Lifschitz,1900-01-01,SALK,7
88,Dr. Lifschitz,1900-01-01,DOBLE BACTERIANA,11
88,Dr. Lifschitz,1900-01-01,NEUMOCOCICA NO CONJUGADA,6
41,Dr. Manuel Gonzalez,1900-01-01,SA,21
41,Dr. Manuel Gonzalez,1900-01-01,PENTAVALENTE,12
41,Dr. Manuel Gonzalez,1900-01-01,ANTI GRIPAL,4
41,Dr. Manuel Gonzalez,1900-01-01,HEPATITIS A,4
70,Villa Garcia,1900-01-01,NEUMOCOCICA CONJUGADA,9
70,Villa Garcia,1900-01-01,DOBLE BACTERIANA,16
54,Itati,1900-01-01,SALK,12
54,Itati,1900-01-01,ANTI GRIPAL,27
54,Itati,1900-01-01,DPT (a),10
89,Santa Marta,1900-01-01,ANTI GRIPAL,26
89,Santa Marta,1900-01-01,DOBLE BACTERIANA,10
45,Dr. Saul Calmanash,1900-01-01,MENINGOCOC.,5
49,Dr. Benjamin Serrano,1900-01-01,PENTAVALENTE,11
49,Dr. Benjamin Serrano,1900-01-01,ANTI GRIPAL,12
49,Dr. Benjamin Serrano,1900-01-01,VARICELA,7
49,Dr. Benjamin Serrano,1900-01-01,DPT (a),1
79,Quinta Ferre,1900-01-01,ANTI GRIPAL,22
79,Quinta Ferre,1900-01-01,NEUMOCOCICA NO CONJUGADA,6
73,San Marcos,1900-01-01,NEUMOCOCICA CONJUGADA,8
73,San Marcos,1900-01-01,ANTI GRIPAL,13
73,San Marcos,1900-01-01,DOBLE BACTERIANA,5
51,Dr. Juan Chercoff,1900-01-01,ANTI GRIPAL,2
10001,Dr. Korimblum,1900-01-01,n/a,3
10001,Dr. Korimblum,1900-01-01,MENINGOCOC.,9
58,Dr. Oscar Pirchi,1900-01-01,ANTI GRIPAL,21
82,Dr. Miguel Rossi Candia,1900-01-01,HEPATITIS B,8
82,Dr. Miguel Rossi Candia,1900-01-01,SALK,37
82,Dr. Miguel Rossi Candia,1900-01-01,PENTAVALENTE,35
82,Dr. Miguel Rossi Candia,1900-01-01,NEUMOCOCICA CONJUGADA,32
82,Dr. Miguel Rossi Candia,1900-01-01,GRIPE,5
82,Dr. Miguel Rossi Candia,1900-01-01,MENINGOCOC.,23
82,Dr. Miguel Rossi Candia,1900-01-01,DTA,17
85,Santa Margarita,1900-01-01,ANTI GRIPAL,6
85,Santa Margarita,1900-01-01,DOBLE BACTERIANA,2
75,Dr. Mauricio Open,1900-01-01,MENINGOCOC.,9
48,Dr. Jose de los Reyes Vidal,1900-01-01,FIEBRE AMARILLA,6
36,Esperanza,1900-01-01,VARICELA,15
36,Esperanza,1900-01-01,MENINGOCOC.,18
36,Esperanza,1900-01-01,FIEBRE AMARILLA,16
31,Dr. Elias Galvan,1900-01-01,SALK,12
31,Dr. Elias Galvan,1900-01-01,TRIPLE VIRAL,6
31,Dr. Elias Galvan,1900-01-01,MENINGOCOC.,9
31,Dr. Elias Galvan,1900-01-01,HPV,6
42,Dr. Santiago Lorenzo,1900-01-01,ROTAVIRUS,1
42,Dr. Santiago Lorenzo,1900-01-01,TRIPLE VIRAL,5
42,Dr. Santiago Lorenzo,1900-01-01,MENINGOCOC.,18
76,Dr. Romilio Monzón,1900-01-01,ANTI GRIPAL,24
76,Dr. Romilio Monzón,1900-01-01,MENINGOCOC.,15
76,Dr. Romilio Monzón,1900-01-01,DOBLE BACTERIANA,5
88,Dr. Lifschitz,1900-01-01,FIEBRE AMARILLA,7
46,Rio Parana,1900-01-01,NEUMOCOCICA CONJUGADA,19
46,Rio Parana,1900-01-01,TRIPLE VIRAL,5
46,Rio Parana,1900-01-01,VARICELA,53
46,Rio Parana,1900-01-01,MENINGOCOC.,22
46,Rio Parana,1900-01-01,DPT,13
46,Rio Parana,1900-01-01,NEUMOCOCICA NO CONJUGADA,12
46,Rio Parana,1900-01-01,PENTAVALENTE,1
32,Dr. Manuel Cassuso,1900-01-01,SALK,7
32,Dr. Manuel Cassuso,1900-01-01,ROTAVIRUS,1
32,Dr. Manuel Cassuso,1900-01-01,TRIPLE VIRAL,7
32,Dr. Manuel Cassuso,1900-01-01,FIEBRE AMARILLA,9
32,Dr. Manuel Cassuso,1900-01-01,NEUMOCOCICA NO CONJUGADA,4
54,Itati,1900-01-01,TRIPLE VIRAL,1
54,Itati,1900-01-01,ANTI GRIPAL,16
54,Itati,1900-01-01,DPT,1
10003,Guemes,1900-01-01,HEPATITIS B,14
10003,Guemes,1900-01-01,ANTI GRIPAL,16
10003,Guemes,1900-01-01,MENINGOCOC.,16
10003,Guemes,1900-01-01,DOBLE BACTERIANA,18
10003,Guemes,1900-01-01,HPV,7
62,Pujol,1900-01-01,ANTI GRIPAL,12
10002,Dr. Semper,1900-01-01,ANTI GRIPAL,5
58,Dr. Oscar Pirchi,1900-01-01,SALK,10
41,Dr. Manuel Gonzalez,1900-01-01,ANTI GRIPAL,7
41,Dr. Manuel Gonzalez,1900-01-01,FIEBRE AMARILLA,26
41,Dr. Manuel Gonzalez,1900-01-01,DPT (a),1
70,Villa Garcia,1900-01-01,ANTI GRIPAL,9
73,San Marcos,1900-01-01,VARICELA,5
10000,Dr. Anibal Malvido,1900-01-01,SALK,25
10000,Dr. Anibal Malvido,1900-01-01,ROTAVIRUS,3
10000,Dr. Anibal Malvido,1900-01-01,NEUMOCOCICA CONJUGADA,10
10000,Dr. Anibal Malvido,1900-01-01,TRIPLE VIRAL,12
10000,Dr. Anibal Malvido,1900-01-01,ANTI GRIPAL,12
10000,Dr. Anibal Malvido,1900-01-01,MENINGOCOC.,21
10000,Dr. Anibal Malvido,1900-01-01,NEUMO23,1
45,Dr. Saul Calmanash,1900-01-01,DOBLE BACTERIANA,10
90,Sapucay,1900-01-01,ANTI GRIPAL,15
90,Sapucay,1900-01-01,VARICELA,10
10001,Dr. Korimblum,1900-01-01,HEPATITIS B,9
10001,Dr. Korimblum,1900-01-01,FIEBRE AMARILLA,7
10001,Dr. Korimblum,1900-01-01,DPT (a),10
10001,Dr. Korimblum,1900-01-01,DOBLE VIRAL,3
10001,Dr. Korimblum,1900-01-01,PREVENAR 13,2
79,Quinta Ferre,1900-01-01,SALK,9
79,Quinta Ferre,1900-01-01,ANTI GRIPAL,14
79,Quinta Ferre,1900-01-01,HEPATITIS A,1
79,Quinta Ferre,1900-01-01,MENINGOCOC.,9
37,Dr. Sussini,1900-01-01,SALK,20
37,Dr. Sussini,1900-01-01,TRIPLE VIRAL,12
37,Dr. Sussini,1900-01-01,HEPATITIS B,23
37,Dr. Sussini,1900-01-01,VARICELA,10
37,Dr. Sussini,1900-01-01,MENINGOCOC.,28
37,Dr. Sussini,1900-01-01,FIEBRE AMARILLA,12
37,Dr. Sussini,1900-01-01,DPT,5
37,Dr. Sussini,1900-01-01,DPT (a),18
37,Dr. Sussini,1900-01-01,DOBLE VIRAL,39
37,Dr. Sussini,1900-01-01,HPV,19
89,Santa Marta,1900-01-01,ANTI GRIPAL,21
89,Santa Marta,1900-01-01,MENINGOCOC.,20
89,Santa Marta,1900-01-01,DPT (a),10
89,Santa Marta,1900-01-01,DOBLE BACTERIANA,8
82,Dr. Miguel Rossi Candia,1900-01-01,SALK,26
82,Dr. Miguel Rossi Candia,1900-01-01,ROTAVIRUS,4
82,Dr. Miguel Rossi Candia,1900-01-01,PENTAVALENTE,29
82,Dr. Miguel Rossi Candia,1900-01-01,ANTI GRIPAL,16
82,Dr. Miguel Rossi Candia,1900-01-01,MENINGOCOC.,26
82,Dr. Miguel Rossi Candia,1900-01-01,DPT,3
82,Dr. Miguel Rossi Candia,1900-01-01,DOBLE BACTERIANA,10
85,Santa Margarita,1900-01-01,VARICELA,6
85,Santa Margarita,1900-01-01,MENINGOCOC.,1
71,Villa Chiquita,1900-01-01,ANTI GRIPAL,6
71,Villa Chiquita,1900-01-01,DOBLE BACTERIANA,6
38,Dr. JC Benitez Suarez,1900-01-01,SALK,7
38,Dr. JC Benitez Suarez,1900-01-01,PENTAVALENTE,7
38,Dr. JC Benitez Suarez,1900-01-01,TRIPLE VIRAL,8
38,Dr. JC Benitez Suarez,1900-01-01,DPT,6
38,Dr. JC Benitez Suarez,1900-01-01,DPT (a),3
10003,Guemes,1900-01-01,TRIPLE VIRAL,1
10003,Guemes,1900-01-01,ANTI GRIPAL,80
38,Dr. JC Benitez Suarez,1900-01-01,SALK,10
38,Dr. JC Benitez Suarez,1900-01-01,PENTAVALENTE,9
38,Dr. JC Benitez Suarez,1900-01-01,ANTI GRIPAL,4
86,Paso Martinez,1900-01-01,SALK,3
86,Paso Martinez,1900-01-01,TRIPLE VIRAL,3
86,Paso Martinez,1900-01-01,ANTI GRIPAL,1
86,Paso Martinez,1900-01-01,DPT,3
76,Dr. Romilio Monzón,1900-01-01,n/a,-1
49,Dr. Benjamin Serrano,1900-01-01,HEPATITIS B,5
75,Dr. Mauricio Open,1900-01-01,ANTI GRIPAL,6
75,Dr. Mauricio Open,1900-01-01,DOBLE BACTERIANA,10
10000,Dr. Anibal Malvido,1900-01-01,HEPATITIS B,2
10000,Dr. Anibal Malvido,1900-01-01,SALK,19
10000,Dr. Anibal Malvido,1900-01-01,ROTAVIRUS,15
10000,Dr. Anibal Malvido,1900-01-01,FIEBRE AMARILLA,32
10000,Dr. Anibal Malvido,1900-01-01,HPV,27
36,Esperanza,1900-01-01,BCG,2
36,Esperanza,1900-01-01,TRIPLE VIRAL,9
36,Esperanza,1900-01-01,ANTI GRIPAL,15
36,Esperanza,1900-01-01,FIEBRE AMARILLA,13
36,Esperanza,1900-01-01,DOBLE BACTERIANA,4
36,Esperanza,1900-01-01,HPV,19
54,Itati,1900-01-01,TRIPLE VIRAL,5
54,Itati,1900-01-01,ANTI GRIPAL,35
54,Itati,1900-01-01,MENINGOCOC.,14
54,Itati,1900-01-01,HPV,9
45,Dr. Saul Calmanash,1900-01-01,ANTI GRIPAL,65
45,Dr. Saul Calmanash,1900-01-01,HPV,35
76,Dr. Romilio Monzón,1900-01-01,HEPATITIS B,14
76,Dr. Romilio Monzón,1900-01-01,VARICELA,11
76,Dr. Romilio Monzón,1900-01-01,FIEBRE AMARILLA,16
76,Dr. Romilio Monzón,1900-01-01,DPT (a),9
76,Dr. Romilio Monzón,1900-01-01,HPV,11
32,Dr. Manuel Cassuso,1900-01-01,SALK,13
32,Dr. Manuel Cassuso,1900-01-01,ANTI GRIPAL,4
32,Dr. Manuel Cassuso,1900-01-01,DOBLE BACTERIANA,23
32,Dr. Manuel Cassuso,1900-01-01,NEUMOCOCICA NO CONJUGADA,8
31,Dr. Elias Galvan,1900-01-01,TRIPLE VIRAL,9
31,Dr. Elias Galvan,1900-01-01,FIEBRE AMARILLA,3
31,Dr. Elias Galvan,1900-01-01,DPT,4
46,Rio Parana,1900-01-01,SALK,21
46,Rio Parana,1900-01-01,ANTI GRIPAL,69
46,Rio Parana,1900-01-01,VARICELA,22
46,Rio Parana,1900-01-01,MENINGOCOC.,28
46,Rio Parana,1900-01-01,FIEBRE AMARILLA,29
70,Villa Garcia,1900-01-01,SALK,8
70,Villa Garcia,1900-01-01,NEUMOCOCICA CONJUGADA,4
70,Villa Garcia,1900-01-01,ANTI GRIPAL,22
70,Villa Garcia,1900-01-01,DPT (a),4
42,Dr. Santiago Lorenzo,1900-01-01,TRIPLE VIRAL,8
62,Pujol,1900-01-01,SALK,12
62,Pujol,1900-01-01,ANTI GRIPAL,15
62,Pujol,1900-01-01,VARICELA,10
10001,Dr. Korimblum,1900-01-01,PREVENAR 13,3
90,Sapucay,1900-01-01,ANTI GRIPAL,17
58,Dr. Oscar Pirchi,1900-01-01,ROTAVIRUS,12
58,Dr. Oscar Pirchi,1900-01-01,FIEBRE AMARILLA,7
79,Quinta Ferre,1900-01-01,HEPATITIS B,9
79,Quinta Ferre,1900-01-01,SABIN ORAL,11
79,Quinta Ferre,1900-01-01,TRIPLE VIRAL,8
79,Quinta Ferre,1900-01-01,MENINGOCOC.,15
79,Quinta Ferre,1900-01-01,HPV,13
37,Dr. Sussini,1900-01-01,SALK,26
37,Dr. Sussini,1900-01-01,PENTAVALENTE,22
37,Dr. Sussini,1900-01-01,NEUMOCOCICA CONJUGADA,17
37,Dr. Sussini,1900-01-01,VARICELA,36
37,Dr. Sussini,1900-01-01,MENINGOCOC.,30
37,Dr. Sussini,1900-01-01,FIEBRE AMARILLA,22
37,Dr. Sussini,1900-01-01,DPT,11
37,Dr. Sussini,1900-01-01,DPT (a),20
37,Dr. Sussini,1900-01-01,DOBLE VIRAL,41
37,Dr. Sussini,1900-01-01,HPV,28
41,Dr. Manuel Gonzalez,1900-01-01,ROTAVIRUS,13
41,Dr. Manuel Gonzalez,1900-01-01,FIEBRE AMARILLA,7
41,Dr. Manuel Gonzalez,1900-01-01,HPV,16
89,Santa Marta,1900-01-01,ANTI GRIPAL,27
89,Santa Marta,1900-01-01,FIEBRE AMARILLA,24
88,Dr. Lifschitz,1900-01-01,DPT (a),14
34,Dr. Marcelino Vera,1900-01-01,SALK,6
90,Sapucay,1900-01-01,VARICELA,5
31,Dr. Elias Galvan,1900-01-01,VARICELA,3
76,Dr. Romilio Monzón,1900-01-01,HEPATITIS B,16
76,Dr. Romilio Monzón,1900-01-01,MENINGOCOC.,22
76,Dr. Romilio Monzón,1900-01-01,DOBLE BACTERIANA,12
76,Dr. Romilio Monzón,1900-01-01,DOBLE VIRAL,10
76,Dr. Romilio Monzón,1900-01-01,NEUMOCOCICA NO CONJUGADA,7
10000,Dr. Anibal Malvido,1900-01-01,SALK,39
10000,Dr. Anibal Malvido,1900-01-01,PENTAVALENTE,20
10000,Dr. Anibal Malvido,1900-01-01,NEUMOCOCICA CONJUGADA,21
10000,Dr. Anibal Malvido,1900-01-01,ANTI GRIPAL,35
10000,Dr. Anibal Malvido,1900-01-01,HEPATITIS A,11
10000,Dr. Anibal Malvido,1900-01-01,MENINGOCOC.,46
10000,Dr. Anibal Malvido,1900-01-01,FIEBRE AMARILLA,36
10000,Dr. Anibal Malvido,1900-01-01,DPT (a),21
10000,Dr. Anibal Malvido,1900-01-01,HPV,34
70,Villa Garcia,1900-01-01,ANTI GRIPAL,7
54,Itati,1900-01-01,ANTI GRIPAL,21
54,Itati,1900-01-01,FIEBRE AMARILLA,7
42,Dr. Santiago Lorenzo,1900-01-01,SALK,10
42,Dr. Santiago Lorenzo,1900-01-01,ROTAVIRUS,21
42,Dr. Santiago Lorenzo,1900-01-01,VARICELA,15
42,Dr. Santiago Lorenzo,1900-01-01,FIEBRE AMARILLA,23
62,Pujol,1900-01-01,ANTI GRIPAL,6
36,Esperanza,1900-01-01,HEPATITIS B,11
36,Esperanza,1900-01-01,ANTI GRIPAL,26
36,Esperanza,1900-01-01,VARICELA,16
36,Esperanza,1900-01-01,DPT,10
36,Esperanza,1900-01-01,DOBLE VIRAL,14
36,Esperanza,1900-01-01,HPV,24
41,Dr. Manuel Gonzalez,1900-01-01,HEPATITIS B,8
41,Dr. Manuel Gonzalez,1900-01-01,SALK,17
41,Dr. Manuel Gonzalez,1900-01-01,PENTAVALENTE,18
41,Dr. Manuel Gonzalez,1900-01-01,VARICELA,10
41,Dr. Manuel Gonzalez,1900-01-01,DOBLE BACTERIANA,13
10003,Guemes,1900-01-01,SALK,9
10003,Guemes,1900-01-01,DOBLE BACTERIANA,15
46,Rio Parana,1900-01-01,TRIPLE VIRAL,12
46,Rio Parana,1900-01-01,ANTI GRIPAL,52
46,Rio Parana,1900-01-01,VARICELA,28
46,Rio Parana,1900-01-01,MENINGOCOC.,26
46,Rio Parana,1900-01-01,FIEBRE AMARILLA,32
73,San Marcos,1900-01-01,DOBLE BACTERIANA,11
73,San Marcos,1900-01-01,NEUMOCOCICA NO CONJUGADA,6
45,Dr. Saul Calmanash,1900-01-01,DOBLE BACTERIANA,4
45,Dr. Saul Calmanash,1900-01-01,HPV,10
10001,Dr. Korimblum,1900-01-01,DPT,10
37,Dr. Sussini,1900-01-01,SALK,25
37,Dr. Sussini,1900-01-01,PENTAVALENTE,30
37,Dr. Sussini,1900-01-01,ANTI GRIPAL,23
37,Dr. Sussini,1900-01-01,n/a,23
37,Dr. Sussini,1900-01-01,VARICELA,35
79,Quinta Ferre,1900-01-01,SALK,16
79,Quinta Ferre,1900-01-01,TRIPLE VIRAL,9
49,Dr. Benjamin Serrano,1900-01-01,SALK,10
49,Dr. Benjamin Serrano,1900-01-01,PENTAVALENTE,10
71,Villa Chiquita,1900-01-01,FIEBRE AMARILLA,6
71,Villa Chiquita,1900-01-01,NEUMOCOCICA NO CONJUGADA,2
36,Esperanza,1900-01-01,BCG,6
36,Esperanza,1900-01-01,NEUMOCOCICA CONJUGADA,21
36,Esperanza,1900-01-01,ANTI GRIPAL,16
36,Esperanza,1900-01-01,FIEBRE AMARILLA,28
36,Esperanza,1900-01-01,DOBLE VIRAL,8
36,Esperanza,1900-01-01,HPV,26
34,Dr. Marcelino Vera,1900-01-01,DOBLE BACTERIANA,4
85,Santa Margarita,1900-01-01,SALK,5
54,Itati,1900-01-01,NEUMOCOCICA CONJUGADA,6
79,Quinta Ferre,1900-01-01,SALK,18
79,Quinta Ferre,1900-01-01,TRIPLE VIRAL,13
79,Quinta Ferre,1900-01-01,DPT,20
79,Quinta Ferre,1900-01-01,DOBLE VIRAL,8
10001,Dr. Korimblum,1900-01-01,DPT (a),14
10001,Dr. Korimblum,1900-01-01,A. CELULA,2
70,Villa Garcia,1900-01-01,ANTI GRIPAL,17
70,Villa Garcia,1900-01-01,VARICELA,8
70,Villa Garcia,1900-01-01,FIEBRE AMARILLA,19
10003,Guemes,1900-01-01,ANTI GRIPAL,4
10003,Guemes,1900-01-01,HEPATITIS A,6
10003,Guemes,1900-01-01,MENINGOCOC.,11
10000,Dr. Anibal Malvido,1900-01-01,HEPATITIS B,10
10000,Dr. Anibal Malvido,1900-01-01,PENTAVALENTE,16
10000,Dr. Anibal Malvido,1900-01-01,TRIPLE VIRAL,20
10000,Dr. Anibal Malvido,1900-01-01,VARICELA,27
10000,Dr. Anibal Malvido,1900-01-01,DPT,16
10000,Dr. Anibal Malvido,1900-01-01,DPT (a),27
46,Rio Parana,1900-01-01,ROTAVIRUS,3
46,Rio Parana,1900-01-01,ANTI GRIPAL,22
46,Rio Parana,1900-01-01,FIEBRE AMARILLA,19
46,Rio Parana,1900-01-01,DOBLE BACTERIANA,11
73,San Marcos,1900-01-01,SALK,13
73,San Marcos,1900-01-01,PENTAVALENTE,11
73,San Marcos,1900-01-01,VARICELA,6
73,San Marcos,1900-01-01,DOBLE VIRAL,9
73,San Marcos,1900-01-01,NEUMOCOCICA NO CONJUGADA,23
90,Sapucay,1900-01-01,ANTI GRIPAL,2
62,Pujol,1900-01-01,ANTI GRIPAL,3
49,Dr. Benjamin Serrano,1900-01-01,NEUMOCOCICA CONJUGADA,1
42,Dr. Santiago Lorenzo,1900-01-01,SALK,11
42,Dr. Santiago Lorenzo,1900-01-01,ANTI GRIPAL,4
42,Dr. Santiago Lorenzo,1900-01-01,FIEBRE AMARILLA,17
42,Dr. Santiago Lorenzo,1900-01-01,DPT (a),14
42,Dr. Santiago Lorenzo,1900-01-01,DOBLE BACTERIANA,17
37,Dr. Sussini,1900-01-01,HEPATITIS B,38
37,Dr. Sussini,1900-01-01,SALK,23
37,Dr. Sussini,1900-01-01,ANTI GRIPAL,10
37,Dr. Sussini,1900-01-01,VARICELA,31
37,Dr. Sussini,1900-01-01,FIEBRE AMARILLA,35
31,Dr. Elias Galvan,1900-01-01,PENTAVALENTE,7
31,Dr. Elias Galvan,1900-01-01,MENINGOCOC.,5
89,Santa Marta,1900-01-01,NEUMOCOCICA CONJUGADA,4
89,Santa Marta,1900-01-01,VARICELA,14
89,Santa Marta,1900-01-01,MENINGOCOC.,13
89,Santa Marta,1900-01-01,FIEBRE AMARILLA,22
89,Santa Marta,1900-01-01,DPT,7
89,Santa Marta,1900-01-01,DOBLE BACTERIANA,5
73,San Marcos,1900-01-01,SALK,2
73,San Marcos,1900-01-01,PENTAVALENTE,3
58,Dr. Oscar Pirchi,1900-01-01,VARICELA,7
58,Dr. Oscar Pirchi,1900-01-01,ANTI GRIPAL,11
58,Dr. Oscar Pirchi,1900-01-01,MENINGOCOC.,8
58,Dr. Oscar Pirchi,1900-01-01,DOBLE BACTERIANA,17
36,Esperanza,1900-01-01,SALK,23
36,Esperanza,1900-01-01,HPV,8
54,Itati,1900-01-01,ANTI GRIPAL,3
54,Itati,1900-01-01,FIEBRE AMARILLA,13
75,Dr. Mauricio Open,1900-01-01,DOBLE BACTERIANA,2
34,Dr. Marcelino Vera,1900-01-01,DOBLE ADULTO,3
62,Pujol,1900-01-01,VARICELA,4
41,Dr. Manuel Gonzalez,1900-01-01,SALK,16
41,Dr. Manuel Gonzalez,1900-01-01,PENTAVALENTE,14
41,Dr. Manuel Gonzalez,1900-01-01,VARICELA,14
41,Dr. Manuel Gonzalez,1900-01-01,MENINGOCOC.,14
41,Dr. Manuel Gonzalez,1900-01-01,FIEBRE AMARILLA,1
41,Dr. Manuel Gonzalez,1900-01-01,DOBLE BACTERIANA,7
41,Dr. Manuel Gonzalez,1900-01-01,HPV,8
58,Dr. Oscar Pirchi,1900-01-01,VARICELA,11
58,Dr. Oscar Pirchi,1900-01-01,FIEBRE AMARILLA,16
58,Dr. Oscar Pirchi,1900-01-01,HPV,17
46,Rio Parana,1900-01-01,VARICELA,15
46,Rio Parana,1900-01-01,FIEBRE AMARILLA,15
49,Dr. Benjamin Serrano,1900-01-01,ANTI GRIPAL,1
49,Dr. Benjamin Serrano,1900-01-01,MENINGOCOC.,4
10001,Dr. Korimblum,1900-01-01,BCG,3
10001,Dr. Korimblum,1900-01-01,SABIN ORAL,4
10001,Dr. Korimblum,1900-01-01,DPT,8
45,Dr. Saul Calmanash,1900-01-01,DPT (a),10
51,Dr. Juan Chercoff,1900-01-01,DOBLE BACTERIANA,3
89,Santa Marta,1900-01-01,ANTI GRIPAL,1
89,Santa Marta,1900-01-01,VARICELA,8
10003,Guemes,1900-01-01,HEPATITIS B,7
10003,Guemes,1900-01-01,FIEBRE AMARILLA,7
10000,Dr. Anibal Malvido,1900-01-01,ANTI GRIPAL,10
10000,Dr. Anibal Malvido,1900-01-01,VARICELA,23
10000,Dr. Anibal Malvido,1900-01-01,DPT (a),11
58,Dr. Oscar Pirchi,1900-01-01,SALK,25
58,Dr. Oscar Pirchi,1900-01-01,ROTAVIRUS,14
58,Dr. Oscar Pirchi,1900-01-01,NEUMOCOCICA CONJUGADA,17
58,Dr. Oscar Pirchi,1900-01-01,TRIPLE VIRAL,12
58,Dr. Oscar Pirchi,1900-01-01,DOBLE BACTERIANA,7
79,Quinta Ferre,1900-01-01,HEPATITIS B,18
42,Dr. Santiago Lorenzo,1900-01-01,ANTI GRIPAL,7
89,Santa Marta,1900-01-01,VARICELA,1
71,Villa Chiquita,1900-01-01,NEUMOCOCICA CONJUGADA,1
71,Villa Chiquita,1900-01-01,TRIPLE VIRAL,3
38,Dr. JC Benitez Suarez,1900-01-01,SA,7
36,Esperanza,1900-01-01,ROTAVIRUS,3
36,Esperanza,1900-01-01,PENTAVALENTE,11
36,Esperanza,1900-01-01,NEUMOCOCICA CONJUGADA,7
36,Esperanza,1900-01-01,SABIN ORAL,13
36,Esperanza,1900-01-01,ANTI GRIPAL,2
36,Esperanza,1900-01-01,VARICELA,5
90,Sapucay,1900-01-01,HEPATITIS A,7
90,Sapucay,1900-01-01,HPV,7
49,Dr. Benjamin Serrano,1900-01-01,MENINGOCOC.,7
54,Itati,1900-01-01,VARICELA,8
75,Dr. Mauricio Open,1900-01-01,HEPATITIS B,10
46,Rio Parana,1900-01-01,PENTAVALENTE,16
46,Rio Parana,1900-01-01,NEUMOCOCICA CONJUGADA,9
46,Rio Parana,1900-01-01,TRIPLE VIRAL,13
46,Rio Parana,1900-01-01,VARICELA,20
46,Rio Parana,1900-01-01,FIEBRE AMARILLA,12
46,Rio Parana,1900-01-01,DPT (a),14
62,Pujol,1900-01-01,DPT,6
10000,Dr. Anibal Malvido,1900-01-01,SALK,35
10000,Dr. Anibal Malvido,1900-01-01,PENTAVALENTE,12
10000,Dr. Anibal Malvido,1900-01-01,VARICELA,28
10000,Dr. Anibal Malvido,1900-01-01,MENINGOCOC.,27
10000,Dr. Anibal Malvido,1900-01-01,FIEBRE AMARILLA,23
10000,Dr. Anibal Malvido,1900-01-01,DPT (a),10
70,Villa Garcia,1900-01-01,NEUMOCOCICA CONJUGADA,12
70,Villa Garcia,1900-01-01,ANTI GRIPAL,5
70,Villa Garcia,1900-01-01,VARICELA,13
48,Dr. Jose de los Reyes Vidal,1900-01-01,SALK,2
48,Dr. Jose de los Reyes Vidal,1900-01-01,MENINGOCOC.,2
48,Dr. Jose de los Reyes Vidal,1900-01-01,DOBLE BACTERIANA,2
89,Santa Marta,1900-01-01,SALK,2
89,Santa Marta,1900-01-01,TRIPLE VIRAL,2
89,Santa Marta,1900-01-01,VARICELA,10
79,Quinta Ferre,1900-01-01,DOBLE VIRAL,12
79,Quinta Ferre,1900-01-01,HPV,19
58,Dr. Oscar Pirchi,1900-01-01,SALK,24
58,Dr. Oscar Pirchi,1900-01-01,MENINGOCOC.,23
58,Dr. Oscar Pirchi,1900-01-01,DPT,17
88,Dr. Lifschitz,1900-01-01,ROTAVIRUS,10
88,Dr. Lifschitz,1900-01-01,TRIPLE VIRAL,14
88,Dr. Lifschitz,1900-01-01,VARICELA,16
88,Dr. Lifschitz,1900-01-01,DPT,13
88,Dr. Lifschitz,1900-01-01,DOBLE BACTERIANA,1
88,Dr. Lifschitz,1900-01-01,HPV,11
10001,Dr. Korimblum,1900-01-01,PREVENAR 13,5
10001,Dr. Korimblum,1900-01-01,TRIPLE VIRAL,9
10001,Dr. Korimblum,1900-01-01,HPV,10
41,Dr. Manuel Gonzalez,1900-01-01,MENINGOCOC.,12
41,Dr. Manuel Gonzalez,1900-01-01,FIEBRE AMARILLA,15
41,Dr. Manuel Gonzalez,1900-01-01,DPT (a),12
42,Dr. Santiago Lorenzo,1900-01-01,PENTAVALENTE,12
42,Dr. Santiago Lorenzo,1900-01-01,FIEBRE AMARILLA,9
42,Dr. Santiago Lorenzo,1900-01-01,DPT,10
31,Dr. Elias Galvan,1900-01-01,SALK,3
36,Esperanza,1900-01-01,SALK,18
36,Esperanza,1900-01-01,ANTI GRIPAL,18
86,Paso Martinez,1900-01-01,SALK,4
86,Paso Martinez,1900-01-01,TRIPLE VIRAL,4
86,Paso Martinez,1900-01-01,VARICELA,4
86,Paso Martinez,1900-01-01,DPT,4
54,Itati,1900-01-01,MENINGOCOC.,2
10000,Dr. Anibal Malvido,1900-01-01,NEUMOCOCICA CONJUGADA,12
10000,Dr. Anibal Malvido,1900-01-01,ANTI GRIPAL,14
42,Dr. Santiago Lorenzo,1900-01-01,SALK,17
42,Dr. Santiago Lorenzo,1900-01-01,VARICELA,23
42,Dr. Santiago Lorenzo,1900-01-01,DPT,7
10003,Guemes,1900-01-01,HEPATITIS B,13
10003,Guemes,1900-01-01,SALK,16
10003,Guemes,1900-01-01,DOBLE BACTERIANA,20
90,Sapucay,1900-01-01,VARICELA,8
90,Sapucay,1900-01-01,DPT,6
49,Dr. Benjamin Serrano,1900-01-01,VARICELA,10
45,Dr. Saul Calmanash,1900-01-01,TRIPLE VIRAL,10
73,San Marcos,1900-01-01,ANTI GRIPAL,16
73,San Marcos,1900-01-01,VARICELA,13
58,Dr. Oscar Pirchi,1900-01-01,VARICELA,19
58,Dr. Oscar Pirchi,1900-01-01,FIEBRE AMARILLA,8
70,Villa Garcia,1900-01-01,PENTAVALENTE,1
88,Dr. Lifschitz,1900-01-01,NEUMOCOCICA CONJUGADA,2
88,Dr. Lifschitz,1900-01-01,TRIPLE VIRAL,1
88,Dr. Lifschitz,1900-01-01,ANTI GRIPAL,1
41,Dr. Manuel Gonzalez,1900-01-01,PENTAVALENTE,10
41,Dr. Manuel Gonzalez,1900-01-01,VARICELA,13
41,Dr. Manuel Gonzalez,1900-01-01,DPT,8
79,Quinta Ferre,1900-01-01,NEUMOCOCICA CONJUGADA,6
79,Quinta Ferre,1900-01-01,FIEBRE AMARILLA,9
79,Quinta Ferre,1900-01-01,DPT,5
36,Esperanza,1900-01-01,NEUMOCOCICA CONJUGADA,16
36,Esperanza,1900-01-01,ANTI GRIPAL,48
36,Esperanza,1900-01-01,FIEBRE AMARILLA,21
36,Esperanza,1900-01-01,DOBLE VIRAL,12
37,Dr. Sussini,1900-01-01,ANTI GRIPAL,21
34,Dr. Marcelino Vera,1900-01-01,ANTI GRIPAL,29
75,Dr. Mauricio Open,1900-01-01,HEPATITIS B,7
75,Dr. Mauricio Open,1900-01-01,ANTI GRIPAL,41
75,Dr. Mauricio Open,1900-01-01,DPT (a),6
42,Dr. Santiago Lorenzo,1900-01-01,HEPATITIS B,8
42,Dr. Santiago Lorenzo,1900-01-01,ANTI GRIPAL,49
62,Pujol,1900-01-01,ANTI GRIPAL,41
46,Rio Parana,1900-01-01,SALK,20
46,Rio Parana,1900-01-01,ANTI GRIPAL,76
10000,Dr. Anibal Malvido,1900-01-01,PENTAVALENTE,28
10000,Dr. Anibal Malvido,1900-01-01,TRIPLE VIRAL,10
10000,Dr. Anibal Malvido,1900-01-01,ANTI GRIPAL,77
10000,Dr. Anibal Malvido,1900-01-01,VARICELA,31
45,Dr. Saul Calmanash,1900-01-01,VARICELA,5
45,Dr. Saul Calmanash,1900-01-01,FIEBRE AMARILLA,10
89,Santa Marta,1900-01-01,ANTI GRIPAL,69
89,Santa Marta,1900-01-01,FIEBRE AMARILLA,23
89,Santa Marta,1900-01-01,DOBLE BACTERIANA,3
89,Santa Marta,1900-01-01,NEUMOCOCICA NO CONJUGADA,14
90,Sapucay,1900-01-01,ANTI GRIPAL,119
90,Sapucay,1900-01-01,DPT (a),6
10003,Guemes,1900-01-01,SALK,27
10003,Guemes,1900-01-01,ROTAVIRUS,7
10003,Guemes,1900-01-01,PENTAVALENTE,22
10003,Guemes,1900-01-01,NEUMOCOCICA CONJUGADA,11
10003,Guemes,1900-01-01,ANTI GRIPAL,44
10003,Guemes,1900-01-01,VARICELA,16
10003,Guemes,1900-01-01,MENINGOCOC.,25
10003,Guemes,1900-01-01,FIEBRE AMARILLA,29
10003,Guemes,1900-01-01,DOBLE BACTERIANA,22
10003,Guemes,1900-01-01,NEUMOCOCICA NO CONJUGADA,3
88,Dr. Lifschitz,1900-01-01,PENTAVALENTE,4
54,Itati,1900-01-01,HEPATITIS A,42
48,Dr. Jose de los Reyes Vidal,1900-01-01,ANTI GRIPAL,40
70,Villa Garcia,1900-01-01,PENTAVALENTE,11
70,Villa Garcia,1900-01-01,ANTI GRIPAL,43
73,San Marcos,1900-01-01,MENINGOCOC.,2
49,Dr. Benjamin Serrano,1900-01-01,HEPATITIS B,10
49,Dr. Benjamin Serrano,1900-01-01,ANTI GRIPAL,56
49,Dr. Benjamin Serrano,1900-01-01,FIEBRE AMARILLA,6
49,Dr. Benjamin Serrano,1900-01-01,DOBLE VIRAL,1
51,Dr. Juan Chercoff,1900-01-01,ANTI GRIPAL,7
10001,Dr. Korimblum,1900-01-01,ANTI GRIPAL,21
10001,Dr. Korimblum,1900-01-01,NEUMOCOCICA NO CONJUGADA,6
38,Dr. JC Benitez Suarez,1900-01-01,NEUMOCOCICA NO CONJUGADA,1
38,Dr. JC Benitez Suarez,1900-01-01,ANTI GRIPAL,22
79,Quinta Ferre,1900-01-01,PENTAVALENTE,22
79,Quinta Ferre,1900-01-01,ANTI GRIPAL,41
79,Quinta Ferre,1900-01-01,FIEBRE AMARILLA,7
58,Dr. Oscar Pirchi,1900-01-01,SALK,8
58,Dr. Oscar Pirchi,1900-01-01,FLUVIA,10
41,Dr. Manuel Gonzalez,1900-01-01,ROTAVIRUS,6
41,Dr. Manuel Gonzalez,1900-01-01,PENTAVALENTE,15
41,Dr. Manuel Gonzalez,1900-01-01,NEUMOCOCICA CONJUGADA,13
41,Dr. Manuel Gonzalez,1900-01-01,ANTI GRIPAL,47
41,Dr. Manuel Gonzalez,1900-01-01,VARICELA,9
41,Dr. Manuel Gonzalez,1900-01-01,NEUMOCOCICA NO CONJUGADA,1
75,Dr. Mauricio Open,1900-01-01,HEPATITIS B,19
75,Dr. Mauricio Open,1900-01-01,NEUMO23,1
75,Dr. Mauricio Open,1900-01-01,DOBLE BACTERIANA,23
36,Esperanza,1900-01-01,SALK,13
36,Esperanza,1900-01-01,PENTAVALENTE,24
36,Esperanza,1900-01-01,NEUMOCOCICA CONJUGADA,9
36,Esperanza,1900-01-01,ANTI GRIPAL,50
36,Esperanza,1900-01-01,MENINGOCOC.,20
31,Dr. Elias Galvan,1900-01-01,SALK,7
31,Dr. Elias Galvan,1900-01-01,ROTAVIRUS,7
34,Dr. Marcelino Vera,1900-01-01,ANTI GRIPAL,19
10000,Dr. Anibal Malvido,1900-01-01,SALK,37
10000,Dr. Anibal Malvido,1900-01-01,NEUMOCOCICA CONJUGADA,30
10000,Dr. Anibal Malvido,1900-01-01,ANTI GRIPAL,64
10000,Dr. Anibal Malvido,1900-01-01,VARICELA,39
10000,Dr. Anibal Malvido,1900-01-01,DPT,13
46,Rio Parana,1900-01-01,HEPATITIS B,8
46,Rio Parana,1900-01-01,PENTAVALENTE,25
46,Rio Parana,1900-01-01,NEUMOCOCICA CONJUGADA,23
46,Rio Parana,1900-01-01,MENINGOCOC.,24
46,Rio Parana,1900-01-01,FIEBRE AMARILLA,8
48,Dr. Jose de los Reyes Vidal,1900-01-01,ANTI GRIPAL,27
48,Dr. Jose de los Reyes Vidal,1900-01-01,DOBLE VIRAL,3
58,Dr. Oscar Pirchi,1900-01-01,ANTI GRIPAL,46
58,Dr. Oscar Pirchi,1900-01-01,DPT (a),5
62,Pujol,1900-01-01,ANTI GRIPAL,30
42,Dr. Santiago Lorenzo,1900-01-01,SALK,22
42,Dr. Santiago Lorenzo,1900-01-01,ANTI GRIPAL,38
42,Dr. Santiago Lorenzo,1900-01-01,VARICELA,12
42,Dr. Santiago Lorenzo,1900-01-01,MENINGOCOC.,12
42,Dr. Santiago Lorenzo,1900-01-01,DOBLE BACTERIANA,2
10001,Dr. Korimblum,1900-01-01,PREVENAR 13,1
10001,Dr. Korimblum,1900-01-01,NEUMO23,1
88,Dr. Lifschitz,1900-01-01,SALK,4
88,Dr. Lifschitz,1900-01-01,TRIPLE VIRAL,4
10003,Guemes,1900-01-01,SALK,17
10003,Guemes,1900-01-01,ANTI GRIPAL,58
10003,Guemes,1900-01-01,VARICELA,8
10003,Guemes,1900-01-01,FIEBRE AMARILLA,6
10003,Guemes,1900-01-01,DPT (a),10
10003,Guemes,1900-01-01,DOBLE BACTERIANA,24
79,Quinta Ferre,1900-01-01,ANTI GRIPAL,28
79,Quinta Ferre,1900-01-01,DOBLE BACTERIANA,17
89,Santa Marta,1900-01-01,SALK,16
89,Santa Marta,1900-01-01,TRIPLE VIRAL,11
89,Santa Marta,1900-01-01,ANTI GRIPAL,49
89,Santa Marta,1900-01-01,FIEBRE AMARILLA,31
54,Itati,1900-01-01,ANTI GRIPAL,28
38,Dr. JC Benitez Suarez,1900-01-01,SALK,4
38,Dr. JC Benitez Suarez,1900-01-01,PENTAVALENTE,2
38,Dr. JC Benitez Suarez,1900-01-01,ANTI GRIPAL,14
38,Dr. JC Benitez Suarez,1900-01-01,VARICELA,1
38,Dr. JC Benitez Suarez,1900-01-01,DOBLE ADULTO,13
70,Villa Garcia,1900-01-01,ANTI GRIPAL,40
70,Villa Garcia,1900-01-01,NEUMOCOCICA NO CONJUGADA,4
51,Dr. Juan Chercoff,1900-01-01,HEPATITIS A,35
86,Paso Martinez,1900-01-01,DPT (a),1
46,Rio Parana,1900-01-01,ANTI GRIPAL,51
46,Rio Parana,1900-01-01,FIEBRE AMARILLA,11
46,Rio Parana,1900-01-01,HPV,5
36,Esperanza,1900-01-01,SALK,12
36,Esperanza,1900-01-01,TRIPLE VIRAL,8
36,Esperanza,1900-01-01,MENINGOCOC.,11
36,Esperanza,1900-01-01,FIEBRE AMARILLA,2
36,Esperanza,1900-01-01,DOBLE BACTERIANA,7
48,Dr. Jose de los Reyes Vidal,1900-01-01,ANTI GRIPAL,18
48,Dr. Jose de los Reyes Vidal,1900-01-01,NEUMOCOCICA NO CONJUGADA,5
62,Pujol,1900-01-01,ANTI GRIPAL,23
75,Dr. Mauricio Open,1900-01-01,ANTI GRIPAL,17
75,Dr. Mauricio Open,1900-01-01,MENINGOCOC.,10
49,Dr. Benjamin Serrano,1900-01-01,NEUMOCOCICA CONJUGADA,13
49,Dr. Benjamin Serrano,1900-01-01,ANTI GRIPAL,51
49,Dr. Benjamin Serrano,1900-01-01,DPT (a),18
45,Dr. Saul Calmanash,1900-01-01,SABIN ORAL,6
10000,Dr. Anibal Malvido,1900-01-01,VARICELA,22
10000,Dr. Anibal Malvido,1900-01-01,MENINGOCOC.,19
10000,Dr. Anibal Malvido,1900-01-01,FIEBRE AMARILLA,17
10000,Dr. Anibal Malvido,1900-01-01,NEUMO23,3
10000,Dr. Anibal Malvido,1900-01-01,VSR,3
70,Villa Garcia,1900-01-01,SALK,11
70,Villa Garcia,1900-01-01,NEUMOCOCICA CONJUGADA,13
54,Itati,1900-01-01,PENTAVALENTE,3
54,Itati,1900-01-01,ANTI GRIPAL,14
54,Itati,1900-01-01,DPT,6
58,Dr. Oscar Pirchi,1900-01-01,SALK,3
58,Dr. Oscar Pirchi,1900-01-01,PENTAVALENTE,5
58,Dr. Oscar Pirchi,1900-01-01,MENINGOCOC.,3
85,Santa Margarita,1900-01-01,ANTI GRIPAL,16
10001,Dr. Korimblum,1900-01-01,PREVENAR 13,4
10003,Guemes,1900-01-01,VARICELA,9
10003,Guemes,1900-01-01,FIEBRE AMARILLA,16
10003,Guemes,1900-01-01,DOBLE BACTERIANA,13
79,Quinta Ferre,1900-01-01,SALK,5
79,Quinta Ferre,1900-01-01,ANTI GRIPAL,17
79,Quinta Ferre,1900-01-01,MENINGOCOC.,5
79,Quinta Ferre,1900-01-01,DPT,4
79,Quinta Ferre,1900-01-01,DOBLE VIRAL,7
90,Sapucay,1900-01-01,ANTI GRIPAL,27
42,Dr. Santiago Lorenzo,1900-01-01,HEPATITIS B,9
42,Dr. Santiago Lorenzo,1900-01-01,SALK,8
42,Dr. Santiago Lorenzo,1900-01-01,ROTAVIRUS,3
42,Dr. Santiago Lorenzo,1900-01-01,PENTAVALENTE,9
42,Dr. Santiago Lorenzo,1900-01-01,ANTI GRIPAL,34
51,Dr. Juan Chercoff,1900-01-01,ANTI GRIPAL,9
73,San Marcos,1900-01-01,ANTI GRIPAL,18
38,Dr. JC Benitez Suarez,1900-01-01,ANTI GRIPAL,10
38,Dr. JC Benitez Suarez,1900-01-01,DOBLE BACTERIANA,7
89,Santa Marta,1900-01-01,ROTAVIRUS,4
89,Santa Marta,1900-01-01,ANTI GRIPAL,43
88,Dr. Lifschitz,1900-01-01,FIEBRE AMARILLA,6
88,Dr. Lifschitz,1900-01-01,HPV,2
31,Dr. Elias Galvan,1900-01-01,DPT,2
31,Dr. Elias Galvan,1900-01-01,NEUMOCOCICA NO CONJUGADA,9
36,Esperanza,1900-01-01,ANTI GRIPAL,27
36,Esperanza,1900-01-01,VSR,1
49,Dr. Benjamin Serrano,1900-01-01,ANTI GRIPAL,29
49,Dr. Benjamin Serrano,1900-01-01,VSR,4
62,Pujol,1900-01-01,ANTI GRIPAL,25
62,Pujol,1900-01-01,HEPATITIS A,5
10003,Guemes,1900-01-01,PENTAVALENTE,6
10003,Guemes,1900-01-01,ANTI GRIPAL,18
10003,Guemes,1900-01-01,NEUMO23,3
10000,Dr. Anibal Malvido,1900-01-01,ANTI GRIPAL,42
42,Dr. Santiago Lorenzo,1900-01-01,SABIN ORAL,9
42,Dr. Santiago Lorenzo,1900-01-01,MENINGOCOC.,4
45,Dr. Saul Calmanash,1900-01-01,FIEBRE AMARILLA,6
79,Quinta Ferre,1900-01-01,DOBLE BACTERIANA,18
90,Sapucay,1900-01-01,ANTI GRIPAL,32
46,Rio Parana,1900-01-01,MENINGOCOC.,4
46,Rio Parana,1900-01-01,HPV,2
75,Dr. Mauricio Open,1900-01-01,HEPATITIS B,6
75,Dr. Mauricio Open,1900-01-01,SALK,11
75,Dr. Mauricio Open,1900-01-01,ANTI GRIPAL,22
75,Dr. Mauricio Open,1900-01-01,HEPATITIS A,6
75,Dr. Mauricio Open,1900-01-01,VARICELA,10
75,Dr. Mauricio Open,1900-01-01,DPT,7
10002,Dr. Semper,1900-01-01,ANTI GRIPAL,23
89,Santa Marta,1900-01-01,FIEBRE AMARILLA,11
89,Santa Marta,1900-01-01,MENINGOCOC.,12
70,Villa Garcia,1900-01-01,ANTI GRIPAL,14
88,Dr. Lifschitz,1900-01-01,DPT (a),4
54,Itati,1900-01-01,PENTAVALENTE,7
73,San Marcos,1900-01-01,HEPATITIS B,10
73,San Marcos,1900-01-01,SALK,14
73,San Marcos,1900-01-01,PENTAVALENTE,13
73,San Marcos,1900-01-01,ANTI GRIPAL,30
73,San Marcos,1900-01-01,FIEBRE AMARILLA,10
73,San Marcos,1900-01-01,DOBLE BACTERIANA,14
38,Dr. JC Benitez Suarez,1900-01-01,ANTI GRIPAL,12
88,Dr. Lifschitz,1900-01-01,ANTI GRIPAL,14
88,Dr. Lifschitz,1900-01-01,HEPATITIS A,6
88,Dr. Lifschitz,1900-01-01,DOBLE VIRAL,3
49,Dr. Benjamin Serrano,1900-01-01,HEPATITIS B,13
49,Dr. Benjamin Serrano,1900-01-01,ANTI GRIPAL,15
49,Dr. Benjamin Serrano,1900-01-01,VARICELA,8
49,Dr. Benjamin Serrano,1900-01-01,VSR,1
46,Rio Parana,1900-01-01,SALK,25
46,Rio Parana,1900-01-01,PENTAVALENTE,21
46,Rio Parana,1900-01-01,FIEBRE AMARILLA,4
10001,Dr. Korimblum,1900-01-01,PREVENAR 13,6
10001,Dr. Korimblum,1900-01-01,DPT (a),11
42,Dr. Santiago Lorenzo,1900-01-01,VARICELA,9
42,Dr. Santiago Lorenzo,1900-01-01,MENINGOCOC.,13
45,Dr. Saul Calmanash,1900-01-01,FIEBRE AMARILLA,5
75,Dr. Mauricio Open,1900-01-01,SALK,12
75,Dr. Mauricio Open,1900-01-01,PENTAVALENTE,10
75,Dr. Mauricio Open,1900-01-01,VSR,1
75,Dr. Mauricio Open,1900-01-01,TRIPLE VIRAL,12
75,Dr. Mauricio Open,1900-01-01,ANTI GRIPAL,13
75,Dr. Mauricio Open,1900-01-01,VARICELA,13
89,Santa Marta,1900-01-01,SALK,18
89,Santa Marta,1900-01-01,PENTAVALENTE,20
89,Santa Marta,1900-01-01,NEUMOCOCICA NO CONJUGADA,12
54,Itati,1900-01-01,PENTAVALENTE,2
70,Villa Garcia,1900-01-01,PENTAVALENTE,12
70,Villa Garcia,1900-01-01,HEPATITIS A,7
70,Villa Garcia,1900-01-01,MENINGOCOC.,18
58,Dr. Oscar Pirchi,1900-01-01,HEPATITIS B,10
58,Dr. Oscar Pirchi,1900-01-01,HEPATITIS A,7
73,San Marcos,1900-01-01,HEPATITIS B,20
73,San Marcos,1900-01-01,DOBLE BACTERIANA,20
36,Esperanza,1900-01-01,SALK,16
36,Esperanza,1900-01-01,DOBLE ADULTO,6
34,Dr. Marcelino Vera,1900-01-01,DPT (a),6
85,Santa Margarita,1900-01-01,FIEBRE AMARILLA,12
88,Dr. Lifschitz,1900-01-01,SALK,5
90,Sapucay,1900-01-01,ANTI GRIPAL,14
31,Dr. Elias Galvan,1900-01-01,SALK,10
89,Santa Marta,1900-01-01,PENTAVALENTE,7
89,Santa Marta,1900-01-01,NEUMOCOCICA CONJUGADA,20
89,Santa Marta,1900-01-01,ANTI GRIPAL,19
89,Santa Marta,1900-01-01,FIEBRE AMARILLA,14
10001,Dr. Korimblum,1900-01-01,DPT (a),8
10001,Dr. Korimblum,1900-01-01,DOBLE VIRAL,4
45,Dr. Saul Calmanash,1900-01-01,DPT,4
10000,Dr. Anibal Malvido,1900-01-01,NEUMOCOCICA CONJUGADA,23
10000,Dr. Anibal Malvido,1900-01-01,TRIPLE VIRAL,11
10000,Dr. Anibal Malvido,1900-01-01,FIEBRE AMARILLA,21
10000,Dr. Anibal Malvido,1900-01-01,DOBLE BACTERIANA,24
42,Dr. Santiago Lorenzo,1900-01-01,HEPATITIS B,13
42,Dr. Santiago Lorenzo,1900-01-01,SALK,19
42,Dr. Santiago Lorenzo,1900-01-01,ANTI GRIPAL,17
58,Dr. Oscar Pirchi,1900-01-01,HEPATITIS B,8
58,Dr. Oscar Pirchi,1900-01-01,HEPATITIS A,9
58,Dr. Oscar Pirchi,1900-01-01,SINCISIAL,1
70,Villa Garcia,1900-01-01,ANTI GRIPAL,12
70,Villa Garcia,1900-01-01,DPT (a),8
73,San Marcos,1900-01-01,HEPATITIS B,34
73,San Marcos,1900-01-01,ANTI GRIPAL,29
73,San Marcos,1900-01-01,FIEBRE AMARILLA,30
73,San Marcos,1900-01-01,DOBLE BACTERIANA,33
38,Dr. JC Benitez Suarez,1900-01-01,ROTAVIRUS,4
38,Dr. JC Benitez Suarez,1900-01-01,PENTAVALENTE,4
34,Dr. Marcelino Vera,1900-01-01,B,2
34,Dr. Marcelino Vera,1900-01-01,DPT,6
88,Dr. Lifschitz,1900-01-01,SABIN ORAL,3
88,Dr. Lifschitz,1900-01-01,FIEBRE AMARILLA,13
31,Dr. Elias Galvan,1900-01-01,PENTAVALENTE,13
31,Dr. Elias Galvan,1900-01-01,ANTI GRIPAL,6
31,Dr. Elias Galvan,1900-01-01,MENINGOCOC.,15
36,Esperanza,1900-01-01,ANTI GRIPAL,20
36,Esperanza,1900-01-01,DPT (a),13
36,Esperanza,1900-01-01,DOBLE ADULTO,9
73,San Marcos,1900-01-01,HEPATITIS B,38
73,San Marcos,1900-01-01,PENTAVALENTE,312
73,San Marcos,1900-01-01,VARICELA,12
73,San Marcos,1900-01-01,MENINGOCOC.,15
73,San Marcos,1900-01-01,FIEBRE AMARILLA,32
73,San Marcos,1900-01-01,DPT,8
73,San Marcos,1900-01-01,DOBLE BACTERIANA,41
46,Rio Parana,1900-01-01,PENTAVALENTE,11
46,Rio Parana,1900-01-01,ANTI GRIPAL,19
46,Rio Parana,1900-01-01,VARICELA,9
46,Rio Parana,1900-01-01,FIEBRE AMARILLA,20
54,Itati,1900-01-01,SALK,5
89,Santa Marta,1900-01-01,FIEBRE AMARILLA,21
89,Santa Marta,1900-01-01,DOBLE VIRAL,4
89,Santa Marta,1900-01-01,NEUMOCOCICA NO CONJUGADA,13
45,Dr. Saul Calmanash,1900-01-01,DPT (a),2
45,Dr. Saul Calmanash,1900-01-01,DOBLE BACTERIANA,3
10000,Dr. Anibal Malvido,1900-01-01,ROTAVIRUS,9
10000,Dr. Anibal Malvido,1900-01-01,HEPATITIS A,9
10000,Dr. Anibal Malvido,1900-01-01,VARICELA,18
10000,Dr. Anibal Malvido,1900-01-01,FIEBRE AMARILLA,25
10000,Dr. Anibal Malvido,1900-01-01,DPT (a),20
10000,Dr. Anibal Malvido,1900-01-01,DOBLE BACTERIANA,9
10000,Dr. Anibal Malvido,1900-01-01,HPV,12
42,Dr. Santiago Lorenzo,1900-01-01,VARICELA,18
42,Dr. Santiago Lorenzo,1900-01-01,DPT,4
58,Dr. Oscar Pirchi,1900-01-01,TRIPLE VIRAL,14
58,Dr. Oscar Pirchi,1900-01-01,FIEBRE AMARILLA,9
58,Dr. Oscar Pirchi,1900-01-01,DPT (a),19
49,Dr. Benjamin Serrano,1900-01-01,ROTAVIRUS,11
49,Dr. Benjamin Serrano,1900-01-01,PENTAVALENTE,5
49,Dr. Benjamin Serrano,1900-01-01,HEPATITIS A,6
49,Dr. Benjamin Serrano,1900-01-01,PENTAVALENTE,14
49,Dr. Benjamin Serrano,1900-01-01,NEUMOCOCICA CONJUGADA,11
49,Dr. Benjamin Serrano,1900-01-01,ANTI GRIPAL,17
49,Dr. Benjamin Serrano,1900-01-01,FIEBRE AMARILLA,12
31,Dr. Elias Galvan,1900-01-01,HEPATITIS B,3
31,Dr. Elias Galvan,1900-01-01,TRIPLE VIRAL,10
31,Dr. Elias Galvan,1900-01-01,VARICELA,15
31,Dr. Elias Galvan,1900-01-01,MENINGOCOC.,12
46,Rio Parana,1900-01-01,SALK,15
46,Rio Parana,1900-01-01,ANTI GRIPAL,12
46,Rio Parana,1900-01-01,DPT (a),5
45,Dr. Saul Calmanash,1900-01-01,DOBLE BACTERIANA,6
62,Pujol,1900-01-01,H,3
62,Pujol,1900-01-01,SA,2
70,Villa Garcia,1900-01-01,HEPATITIS B,11
36,Esperanza,1900-01-01,PENTAVALENTE,9
36,Esperanza,1900-01-01,ANTI GRIPAL,6
36,Esperanza,1900-01-01,DOBLE BACTERIANA,10
58,Dr. Oscar Pirchi,1900-01-01,PENTAVALENTE,6
58,Dr. Oscar Pirchi,1900-01-01,TRIPLE VIRAL,5
58,Dr. Oscar Pirchi,1900-01-01,ANTI GRIPAL,4
89,Santa Marta,1900-01-01,SALK,5
89,Santa Marta,1900-01-01,FIEBRE AMARILLA,13
90,Sapucay,1900-01-01,ANTI GRIPAL,5
90,Sapucay,1900-01-01,VARICELA,6
73,San Marcos,1900-01-01,FIEBRE AMARILLA,7
73,San Marcos,1900-01-01,DOBLE BACTERIANA,12
10000,Dr. Anibal Malvido,1900-01-01,SALK,26
10000,Dr. Anibal Malvido,1900-01-01,VARICELA,32
10000,Dr. Anibal Malvido,1900-01-01,FIEBRE AMARILLA,49
38,Dr. JC Benitez Suarez,1900-01-01,ROTAVIRUS,10
38,Dr. JC Benitez Suarez,1900-01-01,PENTAVALENTE,10
38,Dr. JC Benitez Suarez,1900-01-01,NEUMOCOCICA CONJUGADA,15
38,Dr. JC Benitez Suarez,1900-01-01,TRIPLE VIRAL,10
38,Dr. JC Benitez Suarez,1900-01-01,VARICELA,10
10000,Dr. Anibal Malvido,1900-01-01,HEPATITIS B,12
10000,Dr. Anibal Malvido,1900-01-01,SALK,16
10000,Dr. Anibal Malvido,1900-01-01,VARICELA,14
75,Dr. Mauricio Open,1900-01-01,VARICELA,6
34,Dr. Marcelino Vera,1900-01-01,TRIPLE VIRAL,4
36,Esperanza,1900-01-01,DOBLE ADULTO,15
36,Esperanza,1900-01-01,HPV,7
62,Pujol,1900-01-01,ANTI GRIPAL,1
51,Dr. Juan Chercoff,1900-01-01,FIEBRE AMARILLA,6
45,Dr. Saul Calmanash,1900-01-01,DOBLE BACTERIANA,1
46,Rio Parana,1900-01-01,HEPATITIS B,15
46,Rio Parana,1900-01-01,ROTAVIRUS,15
46,Rio Parana,1900-01-01,FIEBRE AMARILLA,16
42,Dr. Santiago Lorenzo,1900-01-01,PENTAVALENTE,8
58,Dr. Oscar Pirchi,1900-01-01,SALK,12
36,Esperanza,1900-01-01,DOBLE ADULTO,12
10000,Dr. Anibal Malvido,1900-01-01,NEUMOCOCICA CONJUGADA,17
10000,Dr. Anibal Malvido,1900-01-01,VARICELA,11
10000,Dr. Anibal Malvido,1900-01-01,MENINGOCOC.,22
10001,Dr. Korimblum,1900-01-01,HEPATITIS B,4
42,Dr. Santiago Lorenzo,1900-01-01,MENINGOCOC.,10
42,Dr. Santiago Lorenzo,1900-01-01,DPT,1
89,Santa Marta,1900-01-01,FIEBRE AMARILLA,15
45,Dr. Saul Calmanash,1900-01-01,HEPATITIS B,8
45,Dr. Saul Calmanash,1900-01-01,FIEBRE AMARILLA,7
54,Itati,1900-01-01,ANTI GRIPAL,2
70,Villa Garcia,1900-01-01,MENINGOCOC.,3
88,Dr. Lifschitz,1900-01-01,MENINGOCOC.,1
88,Dr. Lifschitz,1900-01-01,HPV,1
49,Dr. Benjamin Serrano,1900-01-01,DOBLE BACTERIANA,13
49,Dr. Benjamin Serrano,1900-01-01,NEUMO23,3
90,Sapucay,1900-01-01,FIEBRE AMARILLA,10
10001,Dr. Korimblum,1900-01-01,MENINGOCOC.,24
10000,Dr. Anibal Malvido,1900-01-01,HEPATITIS B,17
10000,Dr. Anibal Malvido,1900-01-01,TRIPLE VIRAL,24
10000,Dr. Anibal Malvido,1900-01-01,MENINGOCOC.,32
10000,Dr. Anibal Malvido,1900-01-01,HPV,11
89,Santa Marta,1900-01-01,FIEBRE AMARILLA,12
89,Santa Marta,1900-01-01,DOBLE BACTERIANA,9
36,Esperanza,1900-01-01,SALK,17
36,Esperanza,1900-01-01,VARICELA,14
36,Esperanza,1900-01-01,MENINGOCOC.,30
36,Esperanza,1900-01-01,DOBLE ADULTO,1
58,Dr. Oscar Pirchi,1900-01-01,SALK,7
58,Dr. Oscar Pirchi,1900-01-01,ROTAVIRUS,25
58,Dr. Oscar Pirchi,1900-01-01,FIEBRE AMARILLA,10
58,Dr. Oscar Pirchi,1900-01-01,DOBLE BACTERIANA,6
90,Sapucay,1900-01-01,HEPATITIS B,9
90,Sapucay,1900-01-01,DOBLE BACTERIANA,10
73,San Marcos,1900-01-01,DOBLE ADULTO,3
45,Dr. Saul Calmanash,1900-01-01,HEPATITIS B,5
51,Dr. Juan Chercoff,1900-01-01,TRIPLE VIRAL,4
51,Dr. Juan Chercoff,1900-01-01,VARICELA,5
38,Dr. JC Benitez Suarez,1900-01-01,DPT (a),8
38,Dr. JC Benitez Suarez,1900-01-01,DOBLE VIRAL,2
42,Dr. Santiago Lorenzo,1900-01-01,HEPATITIS B,11
42,Dr. Santiago Lorenzo,1900-01-01,PENTAVALENTE,10
42,Dr. Santiago Lorenzo,1900-01-01,NEUMOCOCICA CONJUGADA,6
42,Dr. Santiago Lorenzo,1900-01-01,MENINGOCOC.,7
31,Dr. Elias Galvan,1900-01-01,VARICELA,9
85,Santa Margarita,1900-01-01,TRIPLE VIRAL,6
85,Santa Margarita,1900-01-01,ANTI GRIPAL,8
85,Santa Margarita,1900-01-01,HPV,4
36,Esperanza,1900-01-01,FIEBRE AMARILLA,19
36,Esperanza,1900-01-01,DPT,18
10000,Dr. Anibal Malvido,1900-01-01,SALK,13
10000,Dr. Anibal Malvido,1900-01-01,ANTI GRIPAL,11
10000,Dr. Anibal Malvido,1900-01-01,VARICELA,24
10000,Dr. Anibal Malvido,1900-01-01,HPV,7
46,Rio Parana,1900-01-01,NEUMOCOCICA NO CONJUGADA,9
89,Santa Marta,1900-01-01,HEPATITIS B,13
89,Santa Marta,1900-01-01,TRIPLE VIRAL,13
89,Santa Marta,1900-01-01,VARICELA,18
89,Santa Marta,1900-01-01,FIEBRE AMARILLA,34
89,Santa Marta,1900-01-01,DPT,11
42,Dr. Santiago Lorenzo,1900-01-01,ROTAVIRUS,33
73,San Marcos,1900-01-01,VARICELA,15
45,Dr. Saul Calmanash,1900-01-01,ANTI GRIPAL,15
45,Dr. Saul Calmanash,1900-01-01,DOBLE BACTERIANA,2
70,Villa Garcia,1900-01-01,HP,3
90,Sapucay,1900-01-01,HEPATITIS B,15
90,Sapucay,1900-01-01,ANTI GRIPAL,8
90,Sapucay,1900-01-01,FIEBRE AMARILLA,8
90,Sapucay,1900-01-01,DOBLE BACTERIANA,13
90,Sapucay,1900-01-01,SINCISIAL,1
54,Itati,1900-01-01,MENINGOCOC.,5
38,Dr. JC Benitez Suarez,1900-01-01,DOBLE BACTERIANA,5
38,Dr. JC Benitez Suarez,1900-01-01,HPV,7
58,Dr. Oscar Pirchi,1900-01-01,HEPATITIS B,-1
58,Dr. Oscar Pirchi,1900-01-01,VARICELA,14
58,Dr. Oscar Pirchi,1900-01-01,SINCISIAL,4
58,Dr. Oscar Pirchi,1900-01-01,HPV,16
49,Dr. Benjamin Serrano,1900-01-01,TRIPLE VIRAL,10
49,Dr. Benjamin Serrano,1900-01-01,DPT,8
75,Dr. Mauricio Open,1900-01-01,ANTI GRIPAL,33
36,Esperanza,1900-01-01,SALK,5
36,Esperanza,1900-01-01,DOBLE ADULTO,13
46,Rio Parana,1900-01-01,ANTI GRIPAL,35
46,Rio Parana,1900-01-01,NEUMOCOCICA NO CONJUGADA,2
31,Dr. Elias Galvan,1900-01-01,TRIPLE VIRAL,11
31,Dr. Elias Galvan,1900-01-01,VARICELA,13
31,Dr. Elias Galvan,1900-01-01,DPT (a),6
34,Dr. Marcelino Vera,1900-01-01,SABIN ORAL,3
34,Dr. Marcelino Vera,1900-01-01,ANTI GRIPAL,35
34,Dr. Marcelino Vera,1900-01-01,DOBLE VIRAL,4
86,Paso Martinez,1900-01-01,ANTI GRIPAL,16
54,Itati,1900-01-01,ANTI GRIPAL,26
54,Itati,1900-01-01,DOBLE BACTERIANA,16
90,Sapucay,1900-01-01,ANTI GRIPAL,44
70,Villa Garcia,1900-01-01,PENTAVALENTE,13
70,Villa Garcia,1900-01-01,VARICELA,11
88,Dr. Lifschitz,1900-01-01,SALK,35
89,Santa Marta,1900-01-01,MENINGOCOC.,16
89,Santa Marta,1900-01-01,FIEBRE AMARILLA,26
89,Santa Marta,1900-01-01,DOBLE BACTERIANA,11
89,Santa Marta,1900-01-01,HPV,9
10000,Dr. Anibal Malvido,1900-01-01,FIEBRE AMARILLA,29
49,Dr. Benjamin Serrano,1900-01-01,SALK,2
49,Dr. Benjamin Serrano,1900-01-01,ANTI GRIPAL,31
42,Dr. Santiago Lorenzo,1900-01-01,PENTAVALENTE,11
58,Dr. Oscar Pirchi,1900-01-01,SALK,4
58,Dr. Oscar Pirchi,1900-01-01,FLUVIA,13
58,Dr. Oscar Pirchi,1900-01-01,HEPATITIS A,8
58,Dr. Oscar Pirchi,1900-01-01,VARICELA,17
58,Dr. Oscar Pirchi,1900-01-01,DPT,13
58,Dr. Oscar Pirchi,1900-01-01,SINCISIAL,11
58,Dr. Oscar Pirchi,1900-01-01,HPV,1
62,Pujol,1900-01-01,ANTI GRIPAL,35
62,Pujol,1900-01-01,MENINGOCOC.,11
62,Pujol,1900-01-01,DPT (a),9
73,San Marcos,1900-01-01,MENINGOCOC.,1
73,San Marcos,1900-01-01,FIEBRE AMARILLA,17
73,San Marcos,1900-01-01,DPT (a),9
51,Dr. Juan Chercoff,1900-01-01,ANTI GRIPAL,18
58,Dr. Oscar Pirchi,1900-01-01,FLUVIA,3
58,Dr. Oscar Pirchi,1900-01-01,ANTI GRIPAL,32
34,Dr. Marcelino Vera,1900-01-01,NEUMO23,1
36,Esperanza,1900-01-01,ANTI GRIPAL,43
46,Rio Parana,1900-01-01,ANTI GRIPAL,29
46,Rio Parana,1900-01-01,MENINGOCOC.,23
75,Dr. Mauricio Open,1900-01-01,PENTAVALENTE,11
75,Dr. Mauricio Open,1900-01-01,ANTI GRIPAL,19
75,Dr. Mauricio Open,1900-01-01,VARICELA,14
88,Dr. Lifschitz,1900-01-01,DOBLE VIRAL,5
31,Dr. Elias Galvan,1900-01-01,ANTI GRIPAL,9
31,Dr. Elias Galvan,1900-01-01,DPT,13
31,Dr. Elias Galvan,1900-01-01,HPV,7
31,Dr. Elias Galvan,1900-01-01,NEUMOCOCICA NO CONJUGADA,5
10000,Dr. Anibal Malvido,1900-01-01,FIEBRE AMARILLA,27
10000,Dr. Anibal Malvido,1900-01-01,DPT (a),24
10000,Dr. Anibal Malvido,1900-01-01,NEUMO23,2
70,Villa Garcia,1900-01-01,ANTI GRIPAL,20
70,Villa Garcia,1900-01-01,NEUMOCOCICA NO CONJUGADA,5
54,Itati,1900-01-01,DOBLE BACTERIANA,13
62,Pujol,1900-01-01,TRIPLE VIRAL,8
62,Pujol,1900-01-01,ANTI GRIPAL,42
38,Dr. JC Benitez Suarez,1900-01-01,DPT,21
38,Dr. JC Benitez Suarez,1900-01-01,DPT (a),16
38,Dr. JC Benitez Suarez,1900-01-01,ANTI GRIPAL,20
38,Dr. JC Benitez Suarez,1900-01-01,DPT,20
38,Dr. JC Benitez Suarez,1900-01-01,DPT (a),15
90,Sapucay,1900-01-01,HEPATITIS B,4
89,Santa Marta,1900-01-01,ANTI GRIPAL,31
73,San Marcos,1900-01-01,HPV,1
45,Dr. Saul Calmanash,1900-01-01,FIEBRE AMARILLA,1
10001,Dr. Korimblum,1900-01-01,NEUMOCOCICA CONJUGADA,4
10001,Dr. Korimblum,1900-01-01,HEPATITIS A,12
31,Dr. Elias Galvan,1900-01-01,NEUMOCOCICA CONJUGADA,8
31,Dr. Elias Galvan,1900-01-01,ANTI GRIPAL,7
31,Dr. Elias Galvan,1900-01-01,VARICELA,12
31,Dr. Elias Galvan,1900-01-01,DPT (a),9
88,Dr. Lifschitz,1900-01-01,ANTI GRIPAL,2
46,Rio Parana,1900-01-01,SALK,2
46,Rio Parana,1900-01-01,PENTAVALENTE,9
46,Rio Parana,1900-01-01,ANTI GRIPAL,31
46,Rio Parana,1900-01-01,MENINGOCOC.,13
62,Pujol,1900-01-01,FLUVIA,2
89,Santa Marta,1900-01-01,FIEBRE AMARILLA,2
58,Dr. Oscar Pirchi,1900-01-01,HEPATITIS B,9
58,Dr. Oscar Pirchi,1900-01-01,SALK,5
42,Dr. Santiago Lorenzo,1900-01-01,SALK,5
42,Dr. Santiago Lorenzo,1900-01-01,HPV,2
36,Esperanza,1900-01-01,HPV,3
10000,Dr. Anibal Malvido,1900-01-01,ANTI GRIPAL,27
38,Dr. JC Benitez Suarez,1900-01-01,HPV,2
10001,Dr. Korimblum,1900-01-01,ANTI GRIPAL,14
34,Dr. Marcelino Vera,1900-01-01,DOBLE VIRAL,1
49,Dr. Benjamin Serrano,1900-01-01,ANTI GRIPAL,14
10001,Dr. Korimblum,1900-01-01,HEPATITIS B,8
75,Dr. Mauricio Open,1900-01-01,PENTAVALENTE,12
31,Dr. Elias Galvan,1900-01-01,HEPATITIS A,3
31,Dr. Elias Galvan,1900-01-01,MENINGOCOC.,11
10000,Dr. Anibal Malvido,1900-01-01,SALK,10
10000,Dr. Anibal Malvido,1900-01-01,PENTAVALENTE,9
10000,Dr. Anibal Malvido,1900-01-01,MENINGOCOC.,8
10000,Dr. Anibal Malvido,1900-01-01,DOBLE BACTERIANA,1
10000,Dr. Anibal Malvido,1900-01-01,HPV,3
88,Dr. Lifschitz,1900-01-01,PENTAVALENTE,2
89,Santa Marta,1900-01-01,ANTI GRIPAL,13
58,Dr. Oscar Pirchi,1900-01-01,ANTI GRIPAL,14
58,Dr. Oscar Pirchi,1900-01-01,VARICELA,8
58,Dr. Oscar Pirchi,1900-01-01,SINCISIAL,2
46,Rio Parana,1900-01-01,TRIPLE VIRAL,3
46,Rio Parana,1900-01-01,ANTI GRIPAL,14
36,Esperanza,1900-01-01,HEPATITIS B,6
36,Esperanza,1900-01-01,TRIPLE VIRAL,17
36,Esperanza,1900-01-01,DOBLE ADULTO,10
62,Pujol,1900-01-01,VSR,1
38,Dr. JC Benitez Suarez,1900-01-01,SALK,5
38,Dr. JC Benitez Suarez,1900-01-01,DOBLE VIRAL,7
51,Dr. Juan Chercoff,1900-01-01,ANTI GRIPAL,3
70,Villa Garcia,1900-01-01,ANTI GRIPAL,10
31,Dr. Elias Galvan,1900-01-01,SALK,14
31,Dr. Elias Galvan,1900-01-01,ROTAVIRUS,6
31,Dr. Elias Galvan,1900-01-01,PENTAVALENTE,19
31,Dr. Elias Galvan,1900-01-01,TRIPLE VIRAL,13
49,Dr. Benjamin Serrano,1900-01-01,HEPATITIS A,8
10000,Dr. Anibal Malvido,1900-01-01,SALK,20
10000,Dr. Anibal Malvido,1900-01-01,PENTAVALENTE,29
10000,Dr. Anibal Malvido,1900-01-01,DPT (a),7
10000,Dr. Anibal Malvido,1900-01-01,VSR,2
90,Sapucay,1900-01-01,DOBLE BACTERIANA,8
46,Rio Parana,1900-01-01,PENTAVALENTE,18
46,Rio Parana,1900-01-01,ANTI GRIPAL,25
88,Dr. Lifschitz,1900-01-01,ANTI GRIPAL,4
58,Dr. Oscar Pirchi,1900-01-01,SINCISIAL,3
54,Itati,1900-01-01,ANTI GRIPAL,7
